# fromearth / 2050 — native WorldClim-derived temperature mesh
o 2050
v -2.650000 2.700000 -1.500000
v -2.575352 2.700000 -1.500000
v -2.500704 2.700000 -1.500000
v -2.426056 2.805000 -1.500000
v -2.351408 2.819778 -1.500000
v -2.276761 2.827944 -1.500000
v -2.202113 2.839611 -1.500000
v -2.127465 2.847389 -1.500000
v -2.052817 2.881125 -1.500000
v -1.978169 2.833000 -1.500000
v -1.903521 2.830667 -1.500000
v -1.828873 2.850500 -1.500000
v -1.754225 2.861000 -1.500000
v -1.679577 2.855000 -1.500000
v -1.604930 2.861778 -1.500000
v -1.530282 2.847000 -1.500000
v -1.455634 2.889389 -1.500000
v -1.380986 2.911750 -1.500000
v -1.306338 2.700000 -1.500000
v -1.231690 2.700000 -1.500000
v -1.157042 2.700000 -1.500000
v -1.082394 2.700000 -1.500000
v -1.007746 2.700000 -1.500000
v -0.933099 2.700000 -1.500000
v -0.858451 2.700000 -1.500000
v -0.783803 2.700000 -1.500000
v -0.709155 2.700000 -1.500000
v -0.634507 2.700000 -1.500000
v -0.559859 2.700000 -1.500000
v -0.485211 2.700000 -1.500000
v -0.410563 2.700000 -1.500000
v -0.335915 2.700000 -1.500000
v -0.261268 2.700000 -1.500000
v -0.186620 2.700000 -1.500000
v -0.111972 2.700000 -1.500000
v -0.037324 2.700000 -1.500000
v 0.037324 2.700000 -1.500000
v 0.111972 2.966000 -1.500000
v 0.186620 2.973000 -1.500000
v 0.261268 2.970900 -1.500000
v 0.335915 2.700000 -1.500000
v 0.410563 2.969500 -1.500000
v 0.485211 2.966000 -1.500000
v 0.559859 2.956667 -1.500000
v 0.634507 2.934500 -1.500000
v 0.709155 2.700000 -1.500000
v 0.783803 2.700000 -1.500000
v 0.858451 2.700000 -1.500000
v 0.933099 2.700000 -1.500000
v 1.007746 2.700000 -1.500000
v 1.082394 2.700000 -1.500000
v 1.157042 2.700000 -1.500000
v 1.231690 2.700000 -1.500000
v 1.306338 2.700000 -1.500000
v 1.380986 2.998667 -1.500000
v 1.455634 3.000125 -1.500000
v 1.530282 3.001700 -1.500000
v 1.604930 2.700000 -1.500000
v 1.679577 2.700000 -1.500000
v 1.754225 2.700000 -1.500000
v 1.828873 3.020833 -1.500000
v 1.903521 3.031333 -1.500000
v 1.978169 3.030000 -1.500000
v 2.052817 3.035611 -1.500000
v 2.127465 3.041833 -1.500000
v 2.202113 3.038722 -1.500000
v 2.276761 3.036778 -1.500000
v 2.351408 3.027833 -1.500000
v 2.426056 3.030944 -1.500000
v 2.500704 3.022778 -1.500000
v 2.575352 3.016167 -1.500000
v 2.650000 3.007222 -1.500000
v -2.650000 2.809375 -1.423077
v -2.575352 2.827750 -1.423077
v -2.500704 2.836500 -1.423077
v -2.426056 2.838833 -1.423077
v -2.351408 2.850111 -1.423077
v -2.276761 2.861000 -1.423077
v -2.202113 2.874611 -1.423077
v -2.127465 2.880444 -1.423077
v -2.052817 2.896000 -1.423077
v -1.978169 2.700000 -1.423077
v -1.903521 2.700000 -1.423077
v -1.828873 2.700000 -1.423077
v -1.754225 2.700000 -1.423077
v -1.679577 2.838600 -1.423077
v -1.604930 2.858813 -1.423077
v -1.530282 2.845444 -1.423077
v -1.455634 2.887833 -1.423077
v -1.380986 2.916611 -1.423077
v -1.306338 2.909562 -1.423077
v -1.231690 2.938000 -1.423077
v -1.157042 2.700000 -1.423077
v -1.082394 2.700000 -1.423077
v -1.007746 2.700000 -1.423077
v -0.933099 2.700000 -1.423077
v -0.858451 2.700000 -1.423077
v -0.783803 2.700000 -1.423077
v -0.709155 2.700000 -1.423077
v -0.634507 2.700000 -1.423077
v -0.559859 2.700000 -1.423077
v -0.485211 2.700000 -1.423077
v -0.410563 2.700000 -1.423077
v -0.335915 2.700000 -1.423077
v -0.261268 2.700000 -1.423077
v -0.186620 2.700000 -1.423077
v -0.111972 2.700000 -1.423077
v -0.037324 2.700000 -1.423077
v 0.037324 2.700000 -1.423077
v 0.111972 2.980000 -1.423077
v 0.186620 2.988556 -1.423077
v 0.261268 2.995556 -1.423077
v 0.335915 2.994500 -1.423077
v 0.410563 2.994875 -1.423077
v 0.485211 2.700000 -1.423077
v 0.559859 3.001000 -1.423077
v 0.634507 3.003625 -1.423077
v 0.709155 3.013833 -1.423077
v 0.783803 3.015000 -1.423077
v 0.858451 3.013250 -1.423077
v 0.933099 2.700000 -1.423077
v 1.007746 2.700000 -1.423077
v 1.082394 3.057000 -1.423077
v 1.157042 3.048833 -1.423077
v 1.231690 3.008700 -1.423077
v 1.306338 3.008000 -1.423077
v 1.380986 3.006056 -1.423077
v 1.455634 2.999833 -1.423077
v 1.530282 3.004889 -1.423077
v 1.604930 3.053500 -1.423077
v 1.679577 3.059625 -1.423077
v 1.754225 3.032500 -1.423077
v 1.828873 3.031333 -1.423077
v 1.903521 3.048833 -1.423077
v 1.978169 3.064000 -1.423077
v 2.052817 3.051556 -1.423077
v 2.127465 3.037167 -1.423077
v 2.202113 3.023167 -1.423077
v 2.276761 3.036000 -1.423077
v 2.351408 3.041444 -1.423077
v 2.426056 3.042611 -1.423077
v 2.500704 3.039889 -1.423077
v 2.575352 3.027833 -1.423077
v 2.650000 3.008778 -1.423077
v -2.650000 2.820400 -1.346154
v -2.575352 2.851278 -1.346154
v -2.500704 2.859056 -1.346154
v -2.426056 2.869944 -1.346154
v -2.351408 2.878500 -1.346154
v -2.276761 2.869944 -1.346154
v -2.202113 2.880444 -1.346154
v -2.127465 2.889875 -1.346154
v -2.052817 2.700000 -1.346154
v -1.978169 2.700000 -1.346154
v -1.903521 2.700000 -1.346154
v -1.828873 2.700000 -1.346154
v -1.754225 2.700000 -1.346154
v -1.679577 2.700000 -1.346154
v -1.604930 2.896875 -1.346154
v -1.530282 2.886667 -1.346154
v -1.455634 2.901444 -1.346154
v -1.380986 2.960944 -1.346154
v -1.306338 2.957444 -1.346154
v -1.231690 2.954917 -1.346154
v -1.157042 2.700000 -1.346154
v -1.082394 2.700000 -1.346154
v -1.007746 2.700000 -1.346154
v -0.933099 2.700000 -1.346154
v -0.858451 2.700000 -1.346154
v -0.783803 2.700000 -1.346154
v -0.709155 2.700000 -1.346154
v -0.634507 2.700000 -1.346154
v -0.559859 2.700000 -1.346154
v -0.485211 2.700000 -1.346154
v -0.410563 2.700000 -1.346154
v -0.335915 2.700000 -1.346154
v -0.261268 2.700000 -1.346154
v -0.186620 2.700000 -1.346154
v -0.111972 2.962500 -1.346154
v -0.037324 2.983500 -1.346154
v 0.037324 2.700000 -1.346154
v 0.111972 2.982800 -1.346154
v 0.186620 3.007222 -1.346154
v 0.261268 3.024722 -1.346154
v 0.335915 3.021222 -1.346154
v 0.410563 3.023944 -1.346154
v 0.485211 3.033500 -1.346154
v 0.559859 3.030556 -1.346154
v 0.634507 3.027833 -1.346154
v 0.709155 3.034056 -1.346154
v 0.783803 3.040278 -1.346154
v 0.858451 3.042125 -1.346154
v 0.933099 3.054667 -1.346154
v 1.007746 3.050438 -1.346154
v 1.082394 3.061667 -1.346154
v 1.157042 3.048056 -1.346154
v 1.231690 3.032111 -1.346154
v 1.306338 3.037167 -1.346154
v 1.380986 3.040278 -1.346154
v 1.455634 3.041444 -1.346154
v 1.530282 3.042222 -1.346154
v 1.604930 3.064389 -1.346154
v 1.679577 3.060500 -1.346154
v 1.754225 3.045722 -1.346154
v 1.828873 3.049611 -1.346154
v 1.903521 3.055833 -1.346154
v 1.978169 3.068667 -1.346154
v 2.052817 3.075667 -1.346154
v 2.127465 3.063611 -1.346154
v 2.202113 3.052722 -1.346154
v 2.276761 3.043778 -1.346154
v 2.351408 3.051556 -1.346154
v 2.426056 3.050778 -1.346154
v 2.500704 3.048056 -1.346154
v 2.575352 3.045333 -1.346154
v 2.650000 3.017722 -1.346154
v -2.650000 2.845833 -1.269231
v -2.575352 2.861000 -1.269231
v -2.500704 2.876556 -1.269231
v -2.426056 2.887833 -1.269231
v -2.351408 2.889000 -1.269231
v -2.276761 2.889389 -1.269231
v -2.202113 2.878500 -1.269231
v -2.127465 2.860417 -1.269231
v -2.052817 2.700000 -1.269231
v -1.978169 2.700000 -1.269231
v -1.903521 2.700000 -1.269231
v -1.828873 2.868875 -1.269231
v -1.754225 2.842333 -1.269231
v -1.679577 2.889700 -1.269231
v -1.604930 2.934889 -1.269231
v -1.530282 2.927111 -1.269231
v -1.455634 2.886667 -1.269231
v -1.380986 2.965222 -1.269231
v -1.306338 2.978056 -1.269231
v -1.231690 2.969889 -1.269231
v -1.157042 2.962500 -1.269231
v -1.082394 2.700000 -1.269231
v -1.007746 2.700000 -1.269231
v -0.933099 2.700000 -1.269231
v -0.858451 2.700000 -1.269231
v -0.783803 2.700000 -1.269231
v -0.709155 2.700000 -1.269231
v -0.634507 2.700000 -1.269231
v -0.559859 2.700000 -1.269231
v -0.485211 2.700000 -1.269231
v -0.410563 2.700000 -1.269231
v -0.335915 2.964600 -1.269231
v -0.261268 2.980000 -1.269231
v -0.186620 2.997500 -1.269231
v -0.111972 2.995000 -1.269231
v -0.037324 3.005667 -1.269231
v 0.037324 3.007000 -1.269231
v 0.111972 3.011889 -1.269231
v 0.186620 3.032500 -1.269231
v 0.261268 3.039500 -1.269231
v 0.335915 3.050000 -1.269231
v 0.410563 3.049222 -1.269231
v 0.485211 3.062444 -1.269231
v 0.559859 3.067889 -1.269231
v 0.634507 3.065167 -1.269231
v 0.709155 3.044944 -1.269231
v 0.783803 3.041833 -1.269231
v 0.858451 3.071389 -1.269231
v 0.933099 3.092778 -1.269231
v 1.007746 3.083056 -1.269231
v 1.082394 3.088889 -1.269231
v 1.157042 3.064389 -1.269231
v 1.231690 3.063611 -1.269231
v 1.306338 3.079167 -1.269231
v 1.380986 3.085778 -1.269231
v 1.455634 3.087722 -1.269231
v 1.530282 3.093944 -1.269231
v 1.604930 3.095500 -1.269231
v 1.679577 3.088500 -1.269231
v 1.754225 3.076833 -1.269231
v 1.828873 3.067111 -1.269231
v 1.903521 3.074111 -1.269231
v 1.978169 3.094722 -1.269231
v 2.052817 3.100167 -1.269231
v 2.127465 3.083833 -1.269231
v 2.202113 3.068278 -1.269231
v 2.276761 3.049611 -1.269231
v 2.351408 3.046111 -1.269231
v 2.426056 3.048056 -1.269231
v 2.500704 3.043000 -1.269231
v 2.575352 3.041833 -1.269231
v 2.650000 3.029000 -1.269231
v -2.650000 2.700000 -1.192308
v -2.575352 2.870625 -1.192308
v -2.500704 2.884722 -1.192308
v -2.426056 2.878111 -1.192308
v -2.351408 2.895222 -1.192308
v -2.276761 2.896000 -1.192308
v -2.202113 2.880444 -1.192308
v -2.127465 2.856100 -1.192308
v -2.052817 2.700000 -1.192308
v -1.978169 2.700000 -1.192308
v -1.903521 2.700000 -1.192308
v -1.828873 2.878500 -1.192308
v -1.754225 2.850111 -1.192308
v -1.679577 2.894056 -1.192308
v -1.604930 2.940722 -1.192308
v -1.530282 2.935278 -1.192308
v -1.455634 2.947722 -1.192308
v -1.380986 2.976111 -1.192308
v -1.306338 2.974944 -1.192308
v -1.231690 2.991278 -1.192308
v -1.157042 3.003917 -1.192308
v -1.082394 2.982722 -1.192308
v -1.007746 2.978833 -1.192308
v -0.933099 2.959000 -1.192308
v -0.858451 2.700000 -1.192308
v -0.783803 2.700000 -1.192308
v -0.709155 2.700000 -1.192308
v -0.634507 2.700000 -1.192308
v -0.559859 2.700000 -1.192308
v -0.485211 2.958125 -1.192308
v -0.410563 2.970375 -1.192308
v -0.335915 2.998278 -1.192308
v -0.261268 3.015389 -1.192308
v -0.186620 3.022778 -1.192308
v -0.111972 3.025500 -1.192308
v -0.037324 3.034444 -1.192308
v 0.037324 3.046500 -1.192308
v 0.111972 3.050000 -1.192308
v 0.186620 3.066333 -1.192308
v 0.261268 3.071000 -1.192308
v 0.335915 3.070222 -1.192308
v 0.410563 3.064778 -1.192308
v 0.485211 3.085000 -1.192308
v 0.559859 3.105222 -1.192308
v 0.634507 3.101722 -1.192308
v 0.709155 3.097833 -1.192308
v 0.783803 3.088111 -1.192308
v 0.858451 3.088111 -1.192308
v 0.933099 3.111833 -1.192308
v 1.007746 3.100556 -1.192308
v 1.082394 3.093167 -1.192308
v 1.157042 3.091611 -1.192308
v 1.231690 3.093944 -1.192308
v 1.306338 3.106389 -1.192308
v 1.380986 3.114167 -1.192308
v 1.455634 3.122722 -1.192308
v 1.530282 3.127000 -1.192308
v 1.604930 3.127389 -1.192308
v 1.679577 3.112222 -1.192308
v 1.754225 3.112611 -1.192308
v 1.828873 3.099000 -1.192308
v 1.903521 3.098611 -1.192308
v 1.978169 3.100944 -1.192308
v 2.052817 3.097833 -1.192308
v 2.127465 3.090056 -1.192308
v 2.202113 3.077222 -1.192308
v 2.276761 3.062833 -1.192308
v 2.351408 3.037167 -1.192308
v 2.426056 3.026667 -1.192308
v 2.500704 3.034833 -1.192308
v 2.575352 3.050778 -1.192308
v 2.650000 3.053889 -1.192308
v -2.650000 2.851667 -1.115385
v -2.575352 2.845056 -1.115385
v -2.500704 2.863722 -1.115385
v -2.426056 2.868778 -1.115385
v -2.351408 2.882000 -1.115385
v -2.276761 2.898917 -1.115385
v -2.202113 2.885500 -1.115385
v -2.127465 2.875000 -1.115385
v -2.052817 2.700000 -1.115385
v -1.978169 2.700000 -1.115385
v -1.903521 2.871500 -1.115385
v -1.828873 2.868875 -1.115385
v -1.754225 2.859444 -1.115385
v -1.679577 2.898722 -1.115385
v -1.604930 2.952000 -1.115385
v -1.530282 2.952778 -1.115385
v -1.455634 2.980389 -1.115385
v -1.380986 2.991278 -1.115385
v -1.306338 2.999833 -1.115385
v -1.231690 3.006444 -1.115385
v -1.157042 3.021222 -1.115385
v -1.082394 3.010722 -1.115385
v -1.007746 3.001000 -1.115385
v -0.933099 2.969500 -1.115385
v -0.858451 2.700000 -1.115385
v -0.783803 2.700000 -1.115385
v -0.709155 2.700000 -1.115385
v -0.634507 2.700000 -1.115385
v -0.559859 2.990500 -1.115385
v -0.485211 2.998813 -1.115385
v -0.410563 3.015000 -1.115385
v -0.335915 3.030944 -1.115385
v -0.261268 3.041444 -1.115385
v -0.186620 3.041056 -1.115385
v -0.111972 3.046889 -1.115385
v -0.037324 3.050000 -1.115385
v 0.037324 3.051167 -1.115385
v 0.111972 3.062444 -1.115385
v 0.186620 3.060500 -1.115385
v 0.261268 3.072556 -1.115385
v 0.335915 3.081500 -1.115385
v 0.410563 3.073333 -1.115385
v 0.485211 3.088500 -1.115385
v 0.559859 3.113389 -1.115385
v 0.634507 3.105222 -1.115385
v 0.709155 3.105611 -1.115385
v 0.783803 3.109111 -1.115385
v 0.858451 3.099778 -1.115385
v 0.933099 3.111833 -1.115385
v 1.007746 3.107556 -1.115385
v 1.082394 3.087722 -1.115385
v 1.157042 3.096667 -1.115385
v 1.231690 3.106389 -1.115385
v 1.306338 3.117667 -1.115385
v 1.380986 3.124278 -1.115385
v 1.455634 3.138278 -1.115385
v 1.530282 3.137500 -1.115385
v 1.604930 3.141778 -1.115385
v 1.679577 3.136722 -1.115385
v 1.754225 3.136333 -1.115385
v 1.828873 3.119611 -1.115385
v 1.903521 3.099389 -1.115385
v 1.978169 3.095889 -1.115385
v 2.052817 3.094722 -1.115385
v 2.127465 3.091611 -1.115385
v 2.202113 3.092000 -1.115385
v 2.276761 3.083444 -1.115385
v 2.351408 3.076444 -1.115385
v 2.426056 3.055056 -1.115385
v 2.500704 3.053500 -1.115385
v 2.575352 3.068667 -1.115385
v 2.650000 3.081111 -1.115385
v -2.650000 2.823900 -1.038462
v -2.575352 2.830812 -1.038462
v -2.500704 2.855167 -1.038462
v -2.426056 2.877333 -1.038462
v -2.351408 2.700000 -1.038462
v -2.276761 2.700000 -1.038462
v -2.202113 2.700000 -1.038462
v -2.127465 2.700000 -1.038462
v -2.052817 2.700000 -1.038462
v -1.978169 2.875000 -1.038462
v -1.903521 2.886900 -1.038462
v -1.828873 2.904400 -1.038462
v -1.754225 2.899000 -1.038462
v -1.679577 2.914278 -1.038462
v -1.604930 2.958000 -1.038462
v -1.530282 2.977278 -1.038462
v -1.455634 2.981556 -1.038462
v -1.380986 3.006056 -1.038462
v -1.306338 3.014611 -1.038462
v -1.231690 3.021611 -1.038462
v -1.157042 3.024722 -1.038462
v -1.082394 3.027500 -1.038462
v -1.007746 3.036000 -1.038462
v -0.933099 2.700000 -1.038462
v -0.858451 2.700000 -1.038462
v -0.783803 2.700000 -1.038462
v -0.709155 2.700000 -1.038462
v -0.634507 2.980000 -1.038462
v -0.559859 3.007222 -1.038462
v -0.485211 3.043000 -1.038462
v -0.410563 3.053500 -1.038462
v -0.335915 3.060889 -1.038462
v -0.261268 3.060889 -1.038462
v -0.186620 3.060111 -1.038462
v -0.111972 3.057000 -1.038462
v -0.037324 3.065556 -1.038462
v 0.037324 3.068278 -1.038462
v 0.111972 3.041833 -1.038462
v 0.186620 3.045333 -1.038462
v 0.261268 3.037167 -1.038462
v 0.335915 3.026278 -1.038462
v 0.410563 3.018889 -1.038462
v 0.485211 3.074889 -1.038462
v 0.559859 3.117278 -1.038462
v 0.634507 3.117278 -1.038462
v 0.709155 3.113389 -1.038462
v 0.783803 3.127389 -1.038462
v 0.858451 3.106000 -1.038462
v 0.933099 3.116111 -1.038462
v 1.007746 3.104444 -1.038462
v 1.082394 3.092389 -1.038462
v 1.157042 3.099778 -1.038462
v 1.231690 3.109889 -1.038462
v 1.306338 3.117667 -1.038462
v 1.380986 3.113389 -1.038462
v 1.455634 3.108722 -1.038462
v 1.530282 3.114167 -1.038462
v 1.604930 3.116500 -1.038462
v 1.679577 3.119611 -1.038462
v 1.754225 3.127000 -1.038462
v 1.828873 3.135556 -1.038462
v 1.903521 3.128944 -1.038462
v 1.978169 3.129722 -1.038462
v 2.052817 3.115722 -1.038462
v 2.127465 3.113389 -1.038462
v 2.202113 3.114556 -1.038462
v 2.276761 3.113000 -1.038462
v 2.351408 3.100944 -1.038462
v 2.426056 3.093556 -1.038462
v 2.500704 3.096667 -1.038462
v 2.575352 3.107556 -1.038462
v 2.650000 3.111444 -1.038462
v -2.650000 2.700000 -0.961538
v -2.575352 2.700000 -0.961538
v -2.500704 2.700000 -0.961538
v -2.426056 2.700000 -0.961538
v -2.351408 2.700000 -0.961538
v -2.276761 2.700000 -0.961538
v -2.202113 2.700000 -0.961538
v -2.127465 2.700000 -0.961538
v -2.052817 2.700000 -0.961538
v -1.978169 2.700000 -0.961538
v -1.903521 2.700000 -0.961538
v -1.828873 2.927500 -0.961538
v -1.754225 2.908833 -0.961538
v -1.679577 2.950833 -0.961538
v -1.604930 2.975625 -0.961538
v -1.530282 2.974944 -0.961538
v -1.455634 2.983889 -0.961538
v -1.380986 2.996722 -0.961538
v -1.306338 3.014611 -0.961538
v -1.231690 3.025111 -0.961538
v -1.157042 3.011500 -0.961538
v -1.082394 3.014000 -0.961538
v -1.007746 3.001000 -0.961538
v -0.933099 2.700000 -0.961538
v -0.858451 2.700000 -0.961538
v -0.783803 3.025500 -0.961538
v -0.709155 3.035300 -0.961538
v -0.634507 3.053500 -0.961538
v -0.559859 3.058167 -0.961538
v -0.485211 3.077611 -0.961538
v -0.410563 3.082667 -0.961538
v -0.335915 3.076056 -0.961538
v -0.261268 3.073333 -0.961538
v -0.186620 3.088111 -0.961538
v -0.111972 3.033667 -0.961538
v -0.037324 3.009556 -0.961538
v 0.037324 2.991278 -0.961538
v 0.111972 3.000611 -0.961538
v 0.186620 3.050778 -0.961538
v 0.261268 3.036778 -0.961538
v 0.335915 3.040278 -0.961538
v 0.410563 3.072944 -0.961538
v 0.485211 3.104833 -0.961538
v 0.559859 3.114167 -0.961538
v 0.634507 3.121944 -0.961538
v 0.709155 3.095500 -0.961538
v 0.783803 3.107167 -0.961538
v 0.858451 3.109111 -0.961538
v 0.933099 3.095500 -0.961538
v 1.007746 3.097444 -0.961538
v 1.082394 3.081889 -0.961538
v 1.157042 3.088111 -0.961538
v 1.231690 3.110667 -0.961538
v 1.306338 3.121167 -0.961538
v 1.380986 3.111833 -0.961538
v 1.455634 3.098611 -0.961538
v 1.530282 3.104833 -0.961538
v 1.604930 3.104833 -0.961538
v 1.679577 3.110278 -0.961538
v 1.754225 3.125056 -0.961538
v 1.828873 3.122722 -0.961538
v 1.903521 3.111444 -0.961538
v 1.978169 3.133222 -0.961538
v 2.052817 3.120000 -0.961538
v 2.127465 3.115722 -0.961538
v 2.202113 3.119222 -0.961538
v 2.276761 3.114167 -0.961538
v 2.351408 3.104833 -0.961538
v 2.426056 3.102111 -0.961538
v 2.500704 3.109500 -0.961538
v 2.575352 3.124667 -0.961538
v 2.650000 3.130111 -0.961538
v -2.650000 2.700000 -0.884615
v -2.575352 2.700000 -0.884615
v -2.500704 2.700000 -0.884615
v -2.426056 2.700000 -0.884615
v -2.351408 2.700000 -0.884615
v -2.276761 2.700000 -0.884615
v -2.202113 2.700000 -0.884615
v -2.127465 2.700000 -0.884615
v -2.052817 2.700000 -0.884615
v -1.978169 2.700000 -0.884615
v -1.903521 2.868000 -0.884615
v -1.828873 2.901833 -0.884615
v -1.754225 2.924000 -0.884615
v -1.679577 2.953167 -0.884615
v -1.604930 2.971250 -0.884615
v -1.530282 2.984667 -0.884615
v -1.455634 2.990500 -0.884615
v -1.380986 3.003625 -0.884615
v -1.306338 2.996333 -0.884615
v -1.231690 3.006833 -0.884615
v -1.157042 2.991667 -0.884615
v -1.082394 2.990500 -0.884615
v -1.007746 2.700000 -0.884615
v -0.933099 2.991900 -0.884615
v -0.858451 3.014222 -0.884615
v -0.783803 3.050778 -0.884615
v -0.709155 3.081500 -0.884615
v -0.634507 3.081500 -0.884615
v -0.559859 3.075667 -0.884615
v -0.485211 3.075667 -0.884615
v -0.410563 3.086944 -0.884615
v -0.335915 3.065556 -0.884615
v -0.261268 3.033278 -0.884615
v -0.186620 3.079167 -0.884615
v -0.111972 3.076056 -0.884615
v -0.037324 3.046111 -0.884615
v 0.037324 3.037944 -0.884615
v 0.111972 3.071389 -0.884615
v 0.186620 3.043778 -0.884615
v 0.261268 3.056611 -0.884615
v 0.335915 3.037167 -0.884615
v 0.410563 3.014611 -0.884615
v 0.485211 3.050000 -0.884615
v 0.559859 3.070611 -0.884615
v 0.634507 3.075667 -0.884615
v 0.709155 3.044556 -0.884615
v 0.783803 3.014222 -0.884615
v 0.858451 3.053500 -0.884615
v 0.933099 3.070611 -0.884615
v 1.007746 3.069056 -0.884615
v 1.082394 3.025111 -0.884615
v 1.157042 3.001389 -0.884615
v 1.231690 3.038333 -0.884615
v 1.306338 3.092389 -0.884615
v 1.380986 3.119611 -0.884615
v 1.455634 3.109111 -0.884615
v 1.530282 3.093556 -0.884615
v 1.604930 3.082667 -0.884615
v 1.679577 3.093556 -0.884615
v 1.754225 3.116111 -0.884615
v 1.828873 3.128167 -0.884615
v 1.903521 3.110278 -0.884615
v 1.978169 3.109889 -0.884615
v 2.052817 3.113000 -0.884615
v 2.127465 3.100556 -0.884615
v 2.202113 3.098222 -0.884615
v 2.276761 3.095111 -0.884615
v 2.351408 3.104056 -0.884615
v 2.426056 3.113000 -0.884615
v 2.500704 3.110667 -0.884615
v 2.575352 3.126222 -0.884615
v 2.650000 3.128167 -0.884615
v -2.650000 2.700000 -0.807692
v -2.575352 2.700000 -0.807692
v -2.500704 2.700000 -0.807692
v -2.426056 2.700000 -0.807692
v -2.351408 2.700000 -0.807692
v -2.276761 2.700000 -0.807692
v -2.202113 2.700000 -0.807692
v -2.127465 2.700000 -0.807692
v -2.052817 2.700000 -0.807692
v -1.978169 2.889000 -0.807692
v -1.903521 2.889000 -0.807692
v -1.828873 2.910000 -0.807692
v -1.754225 2.911750 -0.807692
v -1.679577 2.700000 -0.807692
v -1.604930 2.700000 -0.807692
v -1.530282 2.700000 -0.807692
v -1.455634 2.700000 -0.807692
v -1.380986 2.700000 -0.807692
v -1.306338 2.700000 -0.807692
v -1.231690 2.700000 -0.807692
v -1.157042 2.700000 -0.807692
v -1.082394 2.700000 -0.807692
v -1.007746 2.700000 -0.807692
v -0.933099 3.034000 -0.807692
v -0.858451 3.036389 -0.807692
v -0.783803 3.071000 -0.807692
v -0.709155 3.096278 -0.807692
v -0.634507 3.087722 -0.807692
v -0.559859 3.079167 -0.807692
v -0.485211 3.067889 -0.807692
v -0.410563 3.046500 -0.807692
v -0.335915 3.019667 -0.807692
v -0.261268 3.009944 -0.807692
v -0.186620 3.030556 -0.807692
v -0.111972 3.063222 -0.807692
v -0.037324 3.069444 -0.807692
v 0.037324 3.083833 -0.807692
v 0.111972 3.116111 -0.807692
v 0.186620 3.067111 -0.807692
v 0.261268 3.056222 -0.807692
v 0.335915 3.083833 -0.807692
v 0.410563 3.071778 -0.807692
v 0.485211 3.051556 -0.807692
v 0.559859 3.025500 -0.807692
v 0.634507 3.025889 -0.807692
v 0.709155 2.988944 -0.807692
v 0.783803 3.050389 -0.807692
v 0.858451 3.105611 -0.807692
v 0.933099 3.128944 -0.807692
v 1.007746 3.134000 -0.807692
v 1.082394 3.132444 -0.807692
v 1.157042 3.105222 -0.807692
v 1.231690 3.061278 -0.807692
v 1.306338 3.019667 -0.807692
v 1.380986 3.014222 -0.807692
v 1.455634 3.099778 -0.807692
v 1.530282 3.113389 -0.807692
v 1.604930 3.108722 -0.807692
v 1.679577 3.114167 -0.807692
v 1.754225 3.114167 -0.807692
v 1.828873 3.146444 -0.807692
v 1.903521 3.144889 -0.807692
v 1.978169 3.131278 -0.807692
v 2.052817 3.108333 -0.807692
v 2.127465 3.109889 -0.807692
v 2.202113 3.101722 -0.807692
v 2.276761 3.072944 -0.807692
v 2.351408 3.074889 -0.807692
v 2.426056 3.094722 -0.807692
v 2.500704 3.090833 -0.807692
v 2.575352 3.104444 -0.807692
v 2.650000 3.135944 -0.807692
v -2.650000 2.700000 -0.730769
v -2.575352 2.700000 -0.730769
v -2.500704 2.700000 -0.730769
v -2.426056 2.700000 -0.730769
v -2.351408 2.700000 -0.730769
v -2.276761 2.700000 -0.730769
v -2.202113 2.700000 -0.730769
v -2.127465 2.700000 -0.730769
v -2.052817 2.700000 -0.730769
v -1.978169 2.700000 -0.730769
v -1.903521 2.700000 -0.730769
v -1.828873 2.700000 -0.730769
v -1.754225 2.700000 -0.730769
v -1.679577 2.700000 -0.730769
v -1.604930 2.700000 -0.730769
v -1.530282 2.700000 -0.730769
v -1.455634 2.955500 -0.730769
v -1.380986 2.966000 -0.730769
v -1.306338 2.700000 -0.730769
v -1.231690 2.700000 -0.730769
v -1.157042 2.992250 -0.730769
v -1.082394 3.005083 -0.730769
v -1.007746 3.022875 -0.730769
v -0.933099 3.045333 -0.730769
v -0.858451 3.086167 -0.730769
v -0.783803 3.098222 -0.730769
v -0.709155 3.104833 -0.730769
v -0.634507 3.111833 -0.730769
v -0.559859 3.099389 -0.730769
v -0.485211 3.072944 -0.730769
v -0.410563 3.048444 -0.730769
v -0.335915 3.047278 -0.730769
v -0.261268 3.084611 -0.730769
v -0.186620 3.072556 -0.730769
v -0.111972 3.054667 -0.730769
v -0.037324 3.098222 -0.730769
v 0.037324 3.158889 -0.730769
v 0.111972 3.118444 -0.730769
v 0.186620 3.085389 -0.730769
v 0.261268 3.117278 -0.730769
v 0.335915 3.119611 -0.730769
v 0.410563 3.110667 -0.730769
v 0.485211 3.076444 -0.730769
v 0.559859 3.064389 -0.730769
v 0.634507 3.045722 -0.730769
v 0.709155 3.041056 -0.730769
v 0.783803 3.088111 -0.730769
v 0.858451 3.074500 -0.730769
v 0.933099 3.104444 -0.730769
v 1.007746 3.107944 -0.730769
v 1.082394 3.112222 -0.730769
v 1.157042 3.086556 -0.730769
v 1.231690 3.076056 -0.730769
v 1.306338 3.083833 -0.730769
v 1.380986 3.082278 -0.730769
v 1.455634 3.079944 -0.730769
v 1.530282 3.109889 -0.730769
v 1.604930 3.085778 -0.730769
v 1.679577 3.078389 -0.730769
v 1.754225 3.085778 -0.730769
v 1.828873 3.086556 -0.730769
v 1.903521 3.111444 -0.730769
v 1.978169 3.099778 -0.730769
v 2.052817 3.098222 -0.730769
v 2.127465 3.083444 -0.730769
v 2.202113 3.086556 -0.730769
v 2.276761 3.096667 -0.730769
v 2.351408 3.089278 -0.730769
v 2.426056 3.079556 -0.730769
v 2.500704 3.061667 -0.730769
v 2.575352 3.064389 -0.730769
v 2.650000 3.113000 -0.730769
v -2.650000 2.700000 -0.653846
v -2.575352 2.700000 -0.653846
v -2.500704 2.700000 -0.653846
v -2.426056 2.700000 -0.653846
v -2.351408 2.700000 -0.653846
v -2.276761 2.700000 -0.653846
v -2.202113 2.700000 -0.653846
v -2.127465 2.700000 -0.653846
v -2.052817 2.700000 -0.653846
v -1.978169 2.700000 -0.653846
v -1.903521 2.700000 -0.653846
v -1.828873 2.700000 -0.653846
v -1.754225 2.700000 -0.653846
v -1.679577 2.700000 -0.653846
v -1.604930 2.700000 -0.653846
v -1.530282 2.700000 -0.653846
v -1.455634 2.980000 -0.653846
v -1.380986 3.011000 -0.653846
v -1.306338 3.027250 -0.653846
v -1.231690 3.057875 -0.653846
v -1.157042 3.018062 -0.653846
v -1.082394 3.045722 -0.653846
v -1.007746 3.079944 -0.653846
v -0.933099 3.095889 -0.653846
v -0.858451 3.115333 -0.653846
v -0.783803 3.117278 -0.653846
v -0.709155 3.116111 -0.653846
v -0.634507 3.123500 -0.653846
v -0.559859 3.151111 -0.653846
v -0.485211 3.135556 -0.653846
v -0.410563 3.103667 -0.653846
v -0.335915 3.110278 -0.653846
v -0.261268 3.123111 -0.653846
v -0.186620 3.113389 -0.653846
v -0.111972 3.106778 -0.653846
v -0.037324 3.090056 -0.653846
v 0.037324 3.159667 -0.653846
v 0.111972 3.145667 -0.653846
v 0.186620 3.125444 -0.653846
v 0.261268 3.103667 -0.653846
v 0.335915 3.106778 -0.653846
v 0.410563 3.128167 -0.653846
v 0.485211 3.109500 -0.653846
v 0.559859 3.093167 -0.653846
v 0.634507 3.091222 -0.653846
v 0.709155 3.055444 -0.653846
v 0.783803 3.022389 -0.653846
v 0.858451 3.065167 -0.653846
v 0.933099 3.124667 -0.653846
v 1.007746 3.114556 -0.653846
v 1.082394 3.079556 -0.653846
v 1.157042 3.097056 -0.653846
v 1.231690 3.127000 -0.653846
v 1.306338 3.131278 -0.653846
v 1.380986 3.153833 -0.653846
v 1.455634 3.117667 -0.653846
v 1.530282 3.065167 -0.653846
v 1.604930 3.071778 -0.653846
v 1.679577 3.038333 -0.653846
v 1.754225 3.009944 -0.653846
v 1.828873 3.007222 -0.653846
v 1.903521 3.032889 -0.653846
v 1.978169 3.086944 -0.653846
v 2.052817 3.097444 -0.653846
v 2.127465 3.039500 -0.653846
v 2.202113 2.990111 -0.653846
v 2.276761 3.013444 -0.653846
v 2.351408 3.090444 -0.653846
v 2.426056 3.095889 -0.653846
v 2.500704 3.078778 -0.653846
v 2.575352 3.075667 -0.653846
v 2.650000 3.108722 -0.653846
v -2.650000 2.700000 -0.576923
v -2.575352 2.700000 -0.576923
v -2.500704 2.700000 -0.576923
v -2.426056 2.700000 -0.576923
v -2.351408 2.700000 -0.576923
v -2.276761 2.700000 -0.576923
v -2.202113 2.700000 -0.576923
v -2.127465 2.700000 -0.576923
v -2.052817 2.700000 -0.576923
v -1.978169 2.700000 -0.576923
v -1.903521 2.700000 -0.576923
v -1.828873 2.950250 -0.576923
v -1.754225 2.957833 -0.576923
v -1.679577 2.964250 -0.576923
v -1.604930 2.983500 -0.576923
v -1.530282 3.025500 -0.576923
v -1.455634 3.053500 -0.576923
v -1.380986 3.039889 -0.576923
v -1.306338 3.042222 -0.576923
v -1.231690 3.053500 -0.576923
v -1.157042 3.049611 -0.576923
v -1.082394 3.069833 -0.576923
v -1.007746 3.116500 -0.576923
v -0.933099 3.128556 -0.576923
v -0.858451 3.153056 -0.576923
v -0.783803 3.148778 -0.576923
v -0.709155 3.149556 -0.576923
v -0.634507 3.153444 -0.576923
v -0.559859 3.183000 -0.576923
v -0.485211 3.171722 -0.576923
v -0.410563 3.124278 -0.576923
v -0.335915 3.110667 -0.576923
v -0.261268 3.125444 -0.576923
v -0.186620 3.127000 -0.576923
v -0.111972 3.098222 -0.576923
v -0.037324 3.149167 -0.576923
v 0.037324 3.103278 -0.576923
v 0.111972 3.088889 -0.576923
v 0.186620 3.109111 -0.576923
v 0.261268 3.069056 -0.576923
v 0.335915 3.079556 -0.576923
v 0.410563 3.095111 -0.576923
v 0.485211 3.095889 -0.576923
v 0.559859 3.100167 -0.576923
v 0.634507 3.110278 -0.576923
v 0.709155 3.100167 -0.576923
v 0.783803 3.059333 -0.576923
v 0.858451 3.013056 -0.576923
v 0.933099 3.052333 -0.576923
v 1.007746 3.059722 -0.576923
v 1.082394 3.066333 -0.576923
v 1.157042 3.141778 -0.576923
v 1.231690 3.204389 -0.576923
v 1.306338 3.203222 -0.576923
v 1.380986 3.172889 -0.576923
v 1.455634 3.152278 -0.576923
v 1.530282 3.154611 -0.576923
v 1.604930 3.109500 -0.576923
v 1.679577 3.069444 -0.576923
v 1.754225 3.027444 -0.576923
v 1.828873 3.062833 -0.576923
v 1.903521 3.089667 -0.576923
v 1.978169 3.136333 -0.576923
v 2.052817 3.182222 -0.576923
v 2.127465 3.143722 -0.576923
v 2.202113 3.044944 -0.576923
v 2.276761 2.992056 -0.576923
v 2.351408 2.948500 -0.576923
v 2.426056 3.018500 -0.576923
v 2.500704 3.098222 -0.576923
v 2.575352 3.115333 -0.576923
v 2.650000 3.129333 -0.576923
v -2.650000 2.700000 -0.500000
v -2.575352 2.700000 -0.500000
v -2.500704 2.700000 -0.500000
v -2.426056 2.700000 -0.500000
v -2.351408 2.700000 -0.500000
v -2.276761 2.700000 -0.500000
v -2.202113 2.700000 -0.500000
v -2.127465 2.700000 -0.500000
v -2.052817 2.700000 -0.500000
v -1.978169 2.700000 -0.500000
v -1.903521 2.924000 -0.500000
v -1.828873 2.961100 -0.500000
v -1.754225 2.972611 -0.500000
v -1.679577 2.978056 -0.500000
v -1.604930 3.001778 -0.500000
v -1.530282 3.037167 -0.500000
v -1.455634 3.076444 -0.500000
v -1.380986 3.084222 -0.500000
v -1.306338 3.100167 -0.500000
v -1.231690 3.109889 -0.500000
v -1.157042 3.123500 -0.500000
v -1.082394 3.121167 -0.500000
v -1.007746 3.153056 -0.500000
v -0.933099 3.179889 -0.500000
v -0.858451 3.184167 -0.500000
v -0.783803 3.177167 -0.500000
v -0.709155 3.176000 -0.500000
v -0.634507 3.177944 -0.500000
v -0.559859 3.186111 -0.500000
v -0.485211 3.159667 -0.500000
v -0.410563 3.119611 -0.500000
v -0.335915 3.100556 -0.500000
v -0.261268 3.111444 -0.500000
v -0.186620 3.072944 -0.500000
v -0.111972 3.069056 -0.500000
v -0.037324 3.144111 -0.500000
v 0.037324 3.040667 -0.500000
v 0.111972 3.057389 -0.500000
v 0.186620 3.033278 -0.500000
v 0.261268 3.048833 -0.500000
v 0.335915 3.064778 -0.500000
v 0.410563 3.057778 -0.500000
v 0.485211 3.066333 -0.500000
v 0.559859 3.080722 -0.500000
v 0.634507 3.076833 -0.500000
v 0.709155 3.084611 -0.500000
v 0.783803 3.079167 -0.500000
v 0.858451 3.084611 -0.500000
v 0.933099 3.104444 -0.500000
v 1.007746 3.089278 -0.500000
v 1.082394 3.084611 -0.500000
v 1.157042 3.153444 -0.500000
v 1.231690 3.183389 -0.500000
v 1.306338 3.223444 -0.500000
v 1.380986 3.198944 -0.500000
v 1.455634 3.242889 -0.500000
v 1.530282 3.247556 -0.500000
v 1.604930 3.232000 -0.500000
v 1.679577 3.194667 -0.500000
v 1.754225 3.202056 -0.500000
v 1.828873 3.195444 -0.500000
v 1.903521 3.203222 -0.500000
v 1.978169 3.208278 -0.500000
v 2.052817 3.224222 -0.500000
v 2.127465 3.219556 -0.500000
v 2.202113 3.207889 -0.500000
v 2.276761 3.136722 -0.500000
v 2.351408 3.041444 -0.500000
v 2.426056 2.939167 -0.500000
v 2.500704 2.980778 -0.500000
v 2.575352 3.086167 -0.500000
v 2.650000 3.136722 -0.500000
v -2.650000 2.700000 -0.423077
v -2.575352 2.700000 -0.423077
v -2.500704 2.700000 -0.423077
v -2.426056 2.700000 -0.423077
v -2.351408 2.700000 -0.423077
v -2.276761 2.700000 -0.423077
v -2.202113 2.700000 -0.423077
v -2.127465 2.700000 -0.423077
v -2.052817 2.700000 -0.423077
v -1.978169 2.700000 -0.423077
v -1.903521 2.700000 -0.423077
v -1.828873 2.985250 -0.423077
v -1.754225 3.004500 -0.423077
v -1.679577 3.010100 -0.423077
v -1.604930 3.005375 -0.423077
v -1.530282 3.048444 -0.423077
v -1.455634 3.102111 -0.423077
v -1.380986 3.124278 -0.423077
v -1.306338 3.149556 -0.423077
v -1.231690 3.156944 -0.423077
v -1.157042 3.149167 -0.423077
v -1.082394 3.163556 -0.423077
v -1.007746 3.197000 -0.423077
v -0.933099 3.197389 -0.423077
v -0.858451 3.177944 -0.423077
v -0.783803 3.180667 -0.423077
v -0.709155 3.170944 -0.423077
v -0.634507 3.181056 -0.423077
v -0.559859 3.166667 -0.423077
v -0.485211 3.134389 -0.423077
v -0.410563 3.114944 -0.423077
v -0.335915 3.131278 -0.423077
v -0.261268 3.135944 -0.423077
v -0.186620 3.070222 -0.423077
v -0.111972 3.120389 -0.423077
v -0.037324 3.088111 -0.423077
v 0.037324 3.038333 -0.423077
v 0.111972 3.081111 -0.423077
v 0.186620 3.076833 -0.423077
v 0.261268 3.047667 -0.423077
v 0.335915 3.002944 -0.423077
v 0.410563 2.994000 -0.423077
v 0.485211 3.007611 -0.423077
v 0.559859 3.001778 -0.423077
v 0.634507 3.034444 -0.423077
v 0.709155 2.995944 -0.423077
v 0.783803 2.993222 -0.423077
v 0.858451 2.969889 -0.423077
v 0.933099 2.981167 -0.423077
v 1.007746 3.004500 -0.423077
v 1.082394 2.990111 -0.423077
v 1.157042 3.025889 -0.423077
v 1.231690 3.162000 -0.423077
v 1.306338 3.218778 -0.423077
v 1.380986 3.237444 -0.423077
v 1.455634 3.239778 -0.423077
v 1.530282 3.250278 -0.423077
v 1.604930 3.239389 -0.423077
v 1.679577 3.239000 -0.423077
v 1.754225 3.239778 -0.423077
v 1.828873 3.265444 -0.423077
v 1.903521 3.284500 -0.423077
v 1.978169 3.267778 -0.423077
v 2.052817 3.229667 -0.423077
v 2.127465 3.226556 -0.423077
v 2.202113 3.242500 -0.423077
v 2.276761 3.214500 -0.423077
v 2.351408 3.096667 -0.423077
v 2.426056 3.036389 -0.423077
v 2.500704 2.916222 -0.423077
v 2.575352 2.978444 -0.423077
v 2.650000 3.104444 -0.423077
v -2.650000 2.700000 -0.346154
v -2.575352 2.700000 -0.346154
v -2.500704 2.700000 -0.346154
v -2.426056 2.700000 -0.346154
v -2.351408 2.700000 -0.346154
v -2.276761 2.700000 -0.346154
v -2.202113 2.700000 -0.346154
v -2.127465 2.700000 -0.346154
v -2.052817 2.700000 -0.346154
v -1.978169 2.700000 -0.346154
v -1.903521 2.700000 -0.346154
v -1.828873 2.700000 -0.346154
v -1.754225 2.700000 -0.346154
v -1.679577 2.700000 -0.346154
v -1.604930 2.700000 -0.346154
v -1.530282 3.082375 -0.346154
v -1.455634 3.112222 -0.346154
v -1.380986 3.137111 -0.346154
v -1.306338 3.154611 -0.346154
v -1.231690 3.170167 -0.346154
v -1.157042 3.161611 -0.346154
v -1.082394 3.182611 -0.346154
v -1.007746 3.201278 -0.346154
v -0.933099 3.219167 -0.346154
v -0.858451 3.187667 -0.346154
v -0.783803 3.197000 -0.346154
v -0.709155 3.176778 -0.346154
v -0.634507 3.148778 -0.346154
v -0.559859 3.111056 -0.346154
v -0.485211 3.118056 -0.346154
v -0.410563 3.167833 -0.346154
v -0.335915 3.143722 -0.346154
v -0.261268 3.096278 -0.346154
v -0.186620 3.037556 -0.346154
v -0.111972 3.042222 -0.346154
v -0.037324 3.058556 -0.346154
v 0.037324 3.082278 -0.346154
v 0.111972 3.027833 -0.346154
v 0.186620 2.968333 -0.346154
v 0.261268 2.954333 -0.346154
v 0.335915 2.815889 -0.346154
v 0.410563 2.847389 -0.346154
v 0.485211 2.840000 -0.346154
v 0.559859 2.859444 -0.346154
v 0.634507 2.816667 -0.346154
v 0.709155 2.817833 -0.346154
v 0.783803 2.829500 -0.346154
v 0.858451 2.832611 -0.346154
v 0.933099 2.889778 -0.346154
v 1.007746 2.950444 -0.346154
v 1.082394 3.059722 -0.346154
v 1.157042 3.099389 -0.346154
v 1.231690 3.158500 -0.346154
v 1.306338 3.209833 -0.346154
v 1.380986 3.235111 -0.346154
v 1.455634 3.193111 -0.346154
v 1.530282 3.228500 -0.346154
v 1.604930 3.254556 -0.346154
v 1.679577 3.251056 -0.346154
v 1.754225 3.260000 -0.346154
v 1.828873 3.299667 -0.346154
v 1.903521 3.304333 -0.346154
v 1.978169 3.283722 -0.346154
v 2.052817 3.256500 -0.346154
v 2.127465 3.224611 -0.346154
v 2.202113 3.198556 -0.346154
v 2.276761 3.192722 -0.346154
v 2.351408 3.163167 -0.346154
v 2.426056 3.142556 -0.346154
v 2.500704 3.045333 -0.346154
v 2.575352 2.961722 -0.346154
v 2.650000 3.025500 -0.346154
v -2.650000 2.700000 -0.269231
v -2.575352 2.700000 -0.269231
v -2.500704 2.700000 -0.269231
v -2.426056 2.700000 -0.269231
v -2.351408 2.700000 -0.269231
v -2.276761 2.700000 -0.269231
v -2.202113 2.700000 -0.269231
v -2.127465 2.700000 -0.269231
v -2.052817 2.700000 -0.269231
v -1.978169 2.700000 -0.269231
v -1.903521 2.700000 -0.269231
v -1.828873 2.700000 -0.269231
v -1.754225 2.700000 -0.269231
v -1.679577 2.700000 -0.269231
v -1.604930 2.700000 -0.269231
v -1.530282 2.700000 -0.269231
v -1.455634 3.108625 -0.269231
v -1.380986 3.135556 -0.269231
v -1.306338 3.144111 -0.269231
v -1.231690 3.163944 -0.269231
v -1.157042 3.182611 -0.269231
v -1.082394 3.183778 -0.269231
v -1.007746 3.183778 -0.269231
v -0.933099 3.186111 -0.269231
v -0.858451 3.191944 -0.269231
v -0.783803 3.191944 -0.269231
v -0.709155 3.191944 -0.269231
v -0.634507 3.182611 -0.269231
v -0.559859 3.154611 -0.269231
v -0.485211 3.169389 -0.269231
v -0.410563 3.172889 -0.269231
v -0.335915 3.100167 -0.269231
v -0.261268 3.005667 -0.269231
v -0.186620 3.072167 -0.269231
v -0.111972 3.014611 -0.269231
v -0.037324 2.953167 -0.269231
v 0.037324 2.794889 -0.269231
v 0.111972 2.771556 -0.269231
v 0.186620 2.797222 -0.269231
v 0.261268 2.788667 -0.269231
v 0.335915 2.712833 -0.269231
v 0.410563 2.709333 -0.269231
v 0.485211 2.861389 -0.269231
v 0.559859 2.868000 -0.269231
v 0.634507 2.790611 -0.269231
v 0.709155 2.862944 -0.269231
v 0.783803 2.921278 -0.269231
v 0.858451 2.959778 -0.269231
v 0.933099 3.063611 -0.269231
v 1.007746 3.053889 -0.269231
v 1.082394 3.097444 -0.269231
v 1.157042 3.159278 -0.269231
v 1.231690 3.188056 -0.269231
v 1.306338 3.202833 -0.269231
v 1.380986 3.228111 -0.269231
v 1.455634 3.223056 -0.269231
v 1.530282 3.233944 -0.269231
v 1.604930 3.249111 -0.269231
v 1.679577 3.263889 -0.269231
v 1.754225 3.270500 -0.269231
v 1.828873 3.285667 -0.269231
v 1.903521 3.296556 -0.269231
v 1.978169 3.287611 -0.269231
v 2.052817 3.270889 -0.269231
v 2.127465 3.199722 -0.269231
v 2.202113 3.051944 -0.269231
v 2.276761 3.079556 -0.269231
v 2.351408 3.172889 -0.269231
v 2.426056 3.193111 -0.269231
v 2.500704 3.158889 -0.269231
v 2.575352 3.031722 -0.269231
v 2.650000 3.033667 -0.269231
v -2.650000 2.700000 -0.192308
v -2.575352 2.700000 -0.192308
v -2.500704 2.700000 -0.192308
v -2.426056 2.700000 -0.192308
v -2.351408 2.700000 -0.192308
v -2.276761 2.700000 -0.192308
v -2.202113 2.700000 -0.192308
v -2.127465 2.700000 -0.192308
v -2.052817 2.700000 -0.192308
v -1.978169 2.700000 -0.192308
v -1.903521 2.700000 -0.192308
v -1.828873 2.700000 -0.192308
v -1.754225 2.700000 -0.192308
v -1.679577 2.700000 -0.192308
v -1.604930 2.700000 -0.192308
v -1.530282 2.700000 -0.192308
v -1.455634 2.700000 -0.192308
v -1.380986 3.144500 -0.192308
v -1.306338 3.171333 -0.192308
v -1.231690 3.179889 -0.192308
v -1.157042 3.182222 -0.192308
v -1.082394 3.174056 -0.192308
v -1.007746 3.154611 -0.192308
v -0.933099 3.139444 -0.192308
v -0.858451 3.146444 -0.192308
v -0.783803 3.149167 -0.192308
v -0.709155 3.184944 -0.192308
v -0.634507 3.175222 -0.192308
v -0.559859 3.166278 -0.192308
v -0.485211 3.169000 -0.192308
v -0.410563 3.164333 -0.192308
v -0.335915 3.065167 -0.192308
v -0.261268 3.095889 -0.192308
v -0.186620 2.988556 -0.192308
v -0.111972 2.887444 -0.192308
v -0.037324 2.728000 -0.192308
v 0.037324 2.831056 -0.192308
v 0.111972 2.965222 -0.192308
v 0.186620 2.923611 -0.192308
v 0.261268 2.805000 -0.192308
v 0.335915 2.832611 -0.192308
v 0.410563 2.798778 -0.192308
v 0.485211 3.057778 -0.192308
v 0.559859 2.911556 -0.192308
v 0.634507 3.006444 -0.192308
v 0.709155 3.109111 -0.192308
v 0.783803 3.159278 -0.192308
v 0.858451 3.035611 -0.192308
v 0.933099 3.073333 -0.192308
v 1.007746 3.085389 -0.192308
v 1.082394 3.135556 -0.192308
v 1.157042 3.179111 -0.192308
v 1.231690 3.200111 -0.192308
v 1.306338 3.225389 -0.192308
v 1.380986 3.249889 -0.192308
v 1.455634 3.244444 -0.192308
v 1.530282 3.223056 -0.192308
v 1.604930 3.247167 -0.192308
v 1.679577 3.270500 -0.192308
v 1.754225 3.276333 -0.192308
v 1.828873 3.287611 -0.192308
v 1.903521 3.296167 -0.192308
v 1.978169 3.284889 -0.192308
v 2.052817 3.247556 -0.192308
v 2.127465 3.196222 -0.192308
v 2.202113 3.141389 -0.192308
v 2.276761 3.081111 -0.192308
v 2.351408 3.206722 -0.192308
v 2.426056 3.199722 -0.192308
v 2.500704 3.172889 -0.192308
v 2.575352 3.141000 -0.192308
v 2.650000 3.073722 -0.192308
v -2.650000 2.700000 -0.115385
v -2.575352 2.700000 -0.115385
v -2.500704 2.700000 -0.115385
v -2.426056 2.700000 -0.115385
v -2.351408 2.700000 -0.115385
v -2.276761 2.700000 -0.115385
v -2.202113 2.700000 -0.115385
v -2.127465 2.700000 -0.115385
v -2.052817 2.700000 -0.115385
v -1.978169 2.700000 -0.115385
v -1.903521 2.700000 -0.115385
v -1.828873 2.700000 -0.115385
v -1.754225 2.700000 -0.115385
v -1.679577 2.700000 -0.115385
v -1.604930 2.700000 -0.115385
v -1.530282 2.700000 -0.115385
v -1.455634 2.700000 -0.115385
v -1.380986 3.134000 -0.115385
v -1.306338 3.166375 -0.115385
v -1.231690 3.194278 -0.115385
v -1.157042 3.198556 -0.115385
v -1.082394 3.165500 -0.115385
v -1.007746 3.148000 -0.115385
v -0.933099 3.113389 -0.115385
v -0.858451 3.083833 -0.115385
v -0.783803 3.058167 -0.115385
v -0.709155 3.158889 -0.115385
v -0.634507 3.079944 -0.115385
v -0.559859 3.166667 -0.115385
v -0.485211 3.183389 -0.115385
v -0.410563 3.181833 -0.115385
v -0.335915 3.147611 -0.115385
v -0.261268 3.064389 -0.115385
v -0.186620 2.855167 -0.115385
v -0.111972 2.768833 -0.115385
v -0.037324 2.831833 -0.115385
v 0.037324 3.103667 -0.115385
v 0.111972 3.222278 -0.115385
v 0.186620 3.194667 -0.115385
v 0.261268 3.155778 -0.115385
v 0.335915 3.112222 -0.115385
v 0.410563 3.129722 -0.115385
v 0.485211 3.128167 -0.115385
v 0.559859 3.207500 -0.115385
v 0.634507 3.261167 -0.115385
v 0.709155 3.276000 -0.115385
v 0.783803 3.288875 -0.115385
v 0.858451 3.196300 -0.115385
v 0.933099 3.114167 -0.115385
v 1.007746 3.109889 -0.115385
v 1.082394 3.169778 -0.115385
v 1.157042 3.204778 -0.115385
v 1.231690 3.225778 -0.115385
v 1.306338 3.251444 -0.115385
v 1.380986 3.260389 -0.115385
v 1.455634 3.252222 -0.115385
v 1.530282 3.258444 -0.115385
v 1.604930 3.259222 -0.115385
v 1.679577 3.276722 -0.115385
v 1.754225 3.284889 -0.115385
v 1.828873 3.300056 -0.115385
v 1.903521 3.293833 -0.115385
v 1.978169 3.285278 -0.115385
v 2.052817 3.264278 -0.115385
v 2.127465 3.204389 -0.115385
v 2.202113 3.202056 -0.115385
v 2.276761 3.157333 -0.115385
v 2.351408 3.060889 -0.115385
v 2.426056 3.127000 -0.115385
v 2.500704 3.061667 -0.115385
v 2.575352 3.094722 -0.115385
v 2.650000 3.101333 -0.115385
v -2.650000 2.700000 -0.038462
v -2.575352 2.700000 -0.038462
v -2.500704 2.700000 -0.038462
v -2.426056 2.700000 -0.038462
v -2.351408 2.700000 -0.038462
v -2.276761 2.700000 -0.038462
v -2.202113 2.700000 -0.038462
v -2.127465 2.700000 -0.038462
v -2.052817 2.700000 -0.038462
v -1.978169 2.700000 -0.038462
v -1.903521 2.700000 -0.038462
v -1.828873 2.700000 -0.038462
v -1.754225 2.700000 -0.038462
v -1.679577 2.700000 -0.038462
v -1.604930 2.700000 -0.038462
v -1.530282 2.700000 -0.038462
v -1.455634 2.700000 -0.038462
v -1.380986 3.136333 -0.038462
v -1.306338 3.168417 -0.038462
v -1.231690 3.193111 -0.038462
v -1.157042 3.202056 -0.038462
v -1.082394 3.199722 -0.038462
v -1.007746 3.192722 -0.038462
v -0.933099 3.159278 -0.038462
v -0.858451 3.114167 -0.038462
v -0.783803 3.030167 -0.038462
v -0.709155 3.101722 -0.038462
v -0.634507 3.087333 -0.038462
v -0.559859 3.097056 -0.038462
v -0.485211 3.180278 -0.038462
v -0.410563 3.182611 -0.038462
v -0.335915 3.106778 -0.038462
v -0.261268 2.942278 -0.038462
v -0.186620 2.825222 -0.038462
v -0.111972 2.925556 -0.038462
v -0.037324 3.198944 -0.038462
v 0.037324 3.235889 -0.038462
v 0.111972 3.253000 -0.038462
v 0.186620 3.280611 -0.038462
v 0.261268 3.283722 -0.038462
v 0.335915 3.301611 -0.038462
v 0.410563 3.314444 -0.038462
v 0.485211 3.324556 -0.038462
v 0.559859 3.287222 -0.038462
v 0.634507 3.264200 -0.038462
v 0.709155 2.700000 -0.038462
v 0.783803 2.700000 -0.038462
v 0.858451 3.245417 -0.038462
v 0.933099 3.187900 -0.038462
v 1.007746 3.123000 -0.038462
v 1.082394 3.162000 -0.038462
v 1.157042 3.221500 -0.038462
v 1.231690 3.226167 -0.038462
v 1.306338 3.252222 -0.038462
v 1.380986 3.252611 -0.038462
v 1.455634 3.248333 -0.038462
v 1.530282 3.263111 -0.038462
v 1.604930 3.274000 -0.038462
v 1.679577 3.272056 -0.038462
v 1.754225 3.270111 -0.038462
v 1.828873 3.287611 -0.038462
v 1.903521 3.286444 -0.038462
v 1.978169 3.289167 -0.038462
v 2.052817 3.216056 -0.038462
v 2.127465 3.141000 -0.038462
v 2.202113 3.023944 -0.038462
v 2.276761 3.159278 -0.038462
v 2.351408 3.067889 -0.038462
v 2.426056 3.138278 -0.038462
v 2.500704 3.099389 -0.038462
v 2.575352 3.055833 -0.038462
v 2.650000 3.073722 -0.038462
v -2.650000 2.700000 0.038462
v -2.575352 2.700000 0.038462
v -2.500704 2.700000 0.038462
v -2.426056 2.700000 0.038462
v -2.351408 2.700000 0.038462
v -2.276761 2.700000 0.038462
v -2.202113 2.700000 0.038462
v -2.127465 2.700000 0.038462
v -2.052817 2.700000 0.038462
v -1.978169 2.700000 0.038462
v -1.903521 2.700000 0.038462
v -1.828873 2.700000 0.038462
v -1.754225 2.700000 0.038462
v -1.679577 2.700000 0.038462
v -1.604930 2.700000 0.038462
v -1.530282 2.700000 0.038462
v -1.455634 2.700000 0.038462
v -1.380986 3.155000 0.038462
v -1.306338 3.179889 0.038462
v -1.231690 3.204389 0.038462
v -1.157042 3.223444 0.038462
v -1.082394 3.230833 0.038462
v -1.007746 3.222278 0.038462
v -0.933099 3.217611 0.038462
v -0.858451 3.166667 0.038462
v -0.783803 3.105611 0.038462
v -0.709155 3.055056 0.038462
v -0.634507 3.043000 0.038462
v -0.559859 3.106389 0.038462
v -0.485211 3.237833 0.038462
v -0.410563 3.165111 0.038462
v -0.335915 3.081500 0.038462
v -0.261268 2.934111 0.038462
v -0.186620 2.882778 0.038462
v -0.111972 3.059722 0.038462
v -0.037324 3.233556 0.038462
v 0.037324 3.235500 0.038462
v 0.111972 3.251056 0.038462
v 0.186620 3.185333 0.038462
v 0.261268 3.226944 0.038462
v 0.335915 3.298111 0.038462
v 0.410563 3.347111 0.038462
v 0.485211 3.356833 0.038462
v 0.559859 3.329222 0.038462
v 0.634507 3.296400 0.038462
v 0.709155 2.700000 0.038462
v 0.783803 2.700000 0.038462
v 0.858451 3.277500 0.038462
v 0.933099 2.700000 0.038462
v 1.007746 2.700000 0.038462
v 1.082394 3.123500 0.038462
v 1.157042 3.149556 0.038462
v 1.231690 3.173278 0.038462
v 1.306338 3.223056 0.038462
v 1.380986 3.239778 0.038462
v 1.455634 3.261556 0.038462
v 1.530282 3.258833 0.038462
v 1.604930 3.257667 0.038462
v 1.679577 3.275167 0.038462
v 1.754225 3.281778 0.038462
v 1.828873 3.289556 0.038462
v 1.903521 3.278667 0.038462
v 1.978169 3.282167 0.038462
v 2.052817 3.215278 0.038462
v 2.127465 3.192722 0.038462
v 2.202113 3.289556 0.038462
v 2.276761 3.323000 0.038462
v 2.351408 3.292278 0.038462
v 2.426056 3.283333 0.038462
v 2.500704 3.270889 0.038462
v 2.575352 3.263500 0.038462
v 2.650000 3.269333 0.038462
v -2.650000 2.700000 0.115385
v -2.575352 2.700000 0.115385
v -2.500704 2.700000 0.115385
v -2.426056 2.700000 0.115385
v -2.351408 2.700000 0.115385
v -2.276761 2.700000 0.115385
v -2.202113 2.700000 0.115385
v -2.127465 2.700000 0.115385
v -2.052817 2.700000 0.115385
v -1.978169 2.700000 0.115385
v -1.903521 2.700000 0.115385
v -1.828873 2.700000 0.115385
v -1.754225 2.700000 0.115385
v -1.679577 2.700000 0.115385
v -1.604930 2.700000 0.115385
v -1.530282 2.700000 0.115385
v -1.455634 2.700000 0.115385
v -1.380986 3.151500 0.115385
v -1.306338 3.182222 0.115385
v -1.231690 3.195056 0.115385
v -1.157042 3.217611 0.115385
v -1.082394 3.246000 0.115385
v -1.007746 3.251833 0.115385
v -0.933099 3.242500 0.115385
v -0.858451 3.219556 0.115385
v -0.783803 3.165889 0.115385
v -0.709155 3.128944 0.115385
v -0.634507 3.105222 0.115385
v -0.559859 3.260000 0.115385
v -0.485211 3.316778 0.115385
v -0.410563 3.240167 0.115385
v -0.335915 3.195833 0.115385
v -0.261268 3.130111 0.115385
v -0.186620 2.942667 0.115385
v -0.111972 2.980000 0.115385
v -0.037324 3.090444 0.115385
v 0.037324 3.162000 0.115385
v 0.111972 2.700000 0.115385
v 0.186620 3.190000 0.115385
v 0.261268 3.180900 0.115385
v 0.335915 3.128167 0.115385
v 0.410563 3.157333 0.115385
v 0.485211 3.259611 0.115385
v 0.559859 3.302000 0.115385
v 0.634507 3.324167 0.115385
v 0.709155 2.700000 0.115385
v 0.783803 2.700000 0.115385
v 0.858451 2.700000 0.115385
v 0.933099 2.700000 0.115385
v 1.007746 2.700000 0.115385
v 1.082394 3.264900 0.115385
v 1.157042 3.222667 0.115385
v 1.231690 3.156556 0.115385
v 1.306338 3.099778 0.115385
v 1.380986 3.148000 0.115385
v 1.455634 3.166667 0.115385
v 1.530282 3.192722 0.115385
v 1.604930 3.169000 0.115385
v 1.679577 3.188833 0.115385
v 1.754225 3.193111 0.115385
v 1.828873 3.234722 0.115385
v 1.903521 3.255722 0.115385
v 1.978169 3.274778 0.115385
v 2.052817 3.171722 0.115385
v 2.127465 3.244056 0.115385
v 2.202113 3.331945 0.115385
v 2.276761 3.340111 0.115385
v 2.351408 3.340111 0.115385
v 2.426056 3.345555 0.115385
v 2.500704 3.352556 0.115385
v 2.575352 3.347889 0.115385
v 2.650000 3.334667 0.115385
v -2.650000 2.700000 0.192308
v -2.575352 2.700000 0.192308
v -2.500704 2.700000 0.192308
v -2.426056 2.997500 0.192308
v -2.351408 3.008000 0.192308
v -2.276761 3.039500 0.192308
v -2.202113 2.700000 0.192308
v -2.127465 2.700000 0.192308
v -2.052817 2.700000 0.192308
v -1.978169 2.700000 0.192308
v -1.903521 2.700000 0.192308
v -1.828873 2.700000 0.192308
v -1.754225 2.700000 0.192308
v -1.679577 2.700000 0.192308
v -1.604930 2.700000 0.192308
v -1.530282 2.700000 0.192308
v -1.455634 2.700000 0.192308
v -1.380986 3.139250 0.192308
v -1.306338 3.169389 0.192308
v -1.231690 3.184167 0.192308
v -1.157042 3.220333 0.192308
v -1.082394 3.249889 0.192308
v -1.007746 3.252611 0.192308
v -0.933099 3.270111 0.192308
v -0.858451 3.246000 0.192308
v -0.783803 3.149556 0.192308
v -0.709155 3.186889 0.192308
v -0.634507 3.242500 0.192308
v -0.559859 3.298937 0.192308
v -0.485211 3.317167 0.192308
v -0.410563 3.302778 0.192308
v -0.335915 3.274000 0.192308
v -0.261268 3.197778 0.192308
v -0.186620 3.142313 0.192308
v -0.111972 3.148700 0.192308
v -0.037324 3.145667 0.192308
v 0.037324 2.700000 0.192308
v 0.111972 2.700000 0.192308
v 0.186620 2.700000 0.192308
v 0.261268 2.700000 0.192308
v 0.335915 3.264667 0.192308
v 0.410563 3.296556 0.192308
v 0.485211 3.314445 0.192308
v 0.559859 3.207111 0.192308
v 0.634507 3.229278 0.192308
v 0.709155 3.282750 0.192308
v 0.783803 3.307250 0.192308
v 0.858451 2.700000 0.192308
v 0.933099 2.700000 0.192308
v 1.007746 2.700000 0.192308
v 1.082394 2.700000 0.192308
v 1.157042 3.335250 0.192308
v 1.231690 3.286688 0.192308
v 1.306338 3.202056 0.192308
v 1.380986 3.136333 0.192308
v 1.455634 3.139833 0.192308
v 1.530282 3.151500 0.192308
v 1.604930 3.130500 0.192308
v 1.679577 3.125833 0.192308
v 1.754225 3.130889 0.192308
v 1.828873 3.171722 0.192308
v 1.903521 3.211000 0.192308
v 1.978169 3.268556 0.192308
v 2.052817 3.205167 0.192308
v 2.127465 3.227333 0.192308
v 2.202113 3.272833 0.192308
v 2.276761 3.335833 0.192308
v 2.351408 3.342056 0.192308
v 2.426056 3.358389 0.192308
v 2.500704 3.381333 0.192308
v 2.575352 3.390278 0.192308
v 2.650000 3.373944 0.192308
v -2.650000 2.700000 0.269231
v -2.575352 2.990500 0.269231
v -2.500704 2.996100 0.269231
v -2.426056 3.031187 0.269231
v -2.351408 3.064000 0.269231
v -2.276761 3.080333 0.269231
v -2.202113 3.071389 0.269231
v -2.127465 3.041444 0.269231
v -2.052817 3.047278 0.269231
v -1.978169 3.026812 0.269231
v -1.903521 3.004500 0.269231
v -1.828873 3.037167 0.269231
v -1.754225 3.050875 0.269231
v -1.679577 3.077417 0.269231
v -1.604930 3.069833 0.269231
v -1.530282 3.061900 0.269231
v -1.455634 3.079750 0.269231
v -1.380986 3.130111 0.269231
v -1.306338 3.161611 0.269231
v -1.231690 3.170944 0.269231
v -1.157042 3.194667 0.269231
v -1.082394 3.218778 0.269231
v -1.007746 3.221889 0.269231
v -0.933099 3.238611 0.269231
v -0.858451 3.216056 0.269231
v -0.783803 3.229278 0.269231
v -0.709155 3.282750 0.269231
v -0.634507 2.700000 0.269231
v -0.559859 2.700000 0.269231
v -0.485211 3.260000 0.269231
v -0.410563 3.282167 0.269231
v -0.335915 3.239583 0.269231
v -0.261268 3.240750 0.269231
v -0.186620 3.239000 0.269231
v -0.111972 2.700000 0.269231
v -0.037324 2.700000 0.269231
v 0.037324 2.700000 0.269231
v 0.111972 2.700000 0.269231
v 0.186620 2.700000 0.269231
v 0.261268 2.700000 0.269231
v 0.335915 2.700000 0.269231
v 0.410563 3.256063 0.269231
v 0.485211 3.258833 0.269231
v 0.559859 3.286056 0.269231
v 0.634507 3.276333 0.269231
v 0.709155 3.240944 0.269231
v 0.783803 3.263500 0.269231
v 0.858451 3.300250 0.269231
v 0.933099 2.700000 0.269231
v 1.007746 2.700000 0.269231
v 1.082394 2.700000 0.269231
v 1.157042 2.700000 0.269231
v 1.231690 2.700000 0.269231
v 1.306338 3.312500 0.269231
v 1.380986 3.306200 0.269231
v 1.455634 3.354111 0.269231
v 1.530282 3.168222 0.269231
v 1.604930 3.103278 0.269231
v 1.679577 3.082278 0.269231
v 1.754225 3.107556 0.269231
v 1.828873 3.089667 0.269231
v 1.903521 3.136722 0.269231
v 1.978169 3.193889 0.269231
v 2.052817 3.267000 0.269231
v 2.127465 3.194278 0.269231
v 2.202113 3.133611 0.269231
v 2.276761 3.202444 0.269231
v 2.351408 3.274778 0.269231
v 2.426056 3.310167 0.269231
v 2.500704 3.314833 0.269231
v 2.575352 3.359167 0.269231
v 2.650000 3.356056 0.269231
v -2.650000 2.700000 0.346154
v -2.575352 2.994000 0.346154
v -2.500704 3.027500 0.346154
v -2.426056 3.094722 0.346154
v -2.351408 3.150722 0.346154
v -2.276761 3.138278 0.346154
v -2.202113 3.146056 0.346154
v -2.127465 3.115333 0.346154
v -2.052817 3.165111 0.346154
v -1.978169 3.156167 0.346154
v -1.903521 3.134778 0.346154
v -1.828873 3.163944 0.346154
v -1.754225 3.170556 0.346154
v -1.679577 3.162389 0.346154
v -1.604930 3.147222 0.346154
v -1.530282 3.149944 0.346154
v -1.455634 3.207889 0.346154
v -1.380986 3.199722 0.346154
v -1.306338 3.161222 0.346154
v -1.231690 3.094333 0.346154
v -1.157042 3.073333 0.346154
v -1.082394 3.066333 0.346154
v -1.007746 3.064000 0.346154
v -0.933099 3.050778 0.346154
v -0.858451 3.103667 0.346154
v -0.783803 3.225389 0.346154
v -0.709155 2.700000 0.346154
v -0.634507 2.700000 0.346154
v -0.559859 2.700000 0.346154
v -0.485211 2.700000 0.346154
v -0.410563 2.700000 0.346154
v -0.335915 2.700000 0.346154
v -0.261268 2.700000 0.346154
v -0.186620 2.700000 0.346154
v -0.111972 2.700000 0.346154
v -0.037324 2.700000 0.346154
v 0.037324 2.700000 0.346154
v 0.111972 2.700000 0.346154
v 0.186620 3.199333 0.346154
v 0.261268 2.700000 0.346154
v 0.335915 2.700000 0.346154
v 0.410563 3.274000 0.346154
v 0.485211 3.288000 0.346154
v 0.559859 3.227722 0.346154
v 0.634507 3.291500 0.346154
v 0.709155 3.227333 0.346154
v 0.783803 3.088889 0.346154
v 0.858451 3.248000 0.346154
v 0.933099 2.700000 0.346154
v 1.007746 2.700000 0.346154
v 1.082394 2.700000 0.346154
v 1.157042 2.700000 0.346154
v 1.231690 2.700000 0.346154
v 1.306338 2.700000 0.346154
v 1.380986 2.700000 0.346154
v 1.455634 3.347500 0.346154
v 1.530282 3.260500 0.346154
v 1.604930 3.181444 0.346154
v 1.679577 3.153056 0.346154
v 1.754225 3.082667 0.346154
v 1.828873 3.100556 0.346154
v 1.903521 3.238611 0.346154
v 1.978169 3.216444 0.346154
v 2.052817 3.215667 0.346154
v 2.127465 3.136722 0.346154
v 2.202113 3.172500 0.346154
v 2.276761 3.198556 0.346154
v 2.351408 3.189611 0.346154
v 2.426056 3.151500 0.346154
v 2.500704 3.193889 0.346154
v 2.575352 3.226167 0.346154
v 2.650000 3.244444 0.346154
v -2.650000 2.700000 0.423077
v -2.575352 2.700000 0.423077
v -2.500704 3.072400 0.423077
v -2.426056 3.132833 0.423077
v -2.351408 3.188833 0.423077
v -2.276761 3.155389 0.423077
v -2.202113 3.144111 0.423077
v -2.127465 3.214111 0.423077
v -2.052817 3.265056 0.423077
v -1.978169 3.293833 0.423077
v -1.903521 3.290722 0.423077
v -1.828873 3.296167 0.423077
v -1.754225 3.279056 0.423077
v -1.679577 3.181056 0.423077
v -1.604930 3.167444 0.423077
v -1.530282 3.237056 0.423077
v -1.455634 3.316389 0.423077
v -1.380986 3.314833 0.423077
v -1.306338 3.324556 0.423077
v -1.231690 3.327278 0.423077
v -1.157042 3.330000 0.423077
v -1.082394 3.245222 0.423077
v -1.007746 3.166667 0.423077
v -0.933099 3.097833 0.423077
v -0.858451 3.081500 0.423077
v -0.783803 3.198556 0.423077
v -0.709155 3.218000 0.423077
v -0.634507 2.700000 0.423077
v -0.559859 2.700000 0.423077
v -0.485211 2.700000 0.423077
v -0.410563 2.700000 0.423077
v -0.335915 2.700000 0.423077
v -0.261268 2.700000 0.423077
v -0.186620 2.700000 0.423077
v -0.111972 2.700000 0.423077
v -0.037324 2.700000 0.423077
v 0.037324 2.700000 0.423077
v 0.111972 3.084300 0.423077
v 0.186620 3.119611 0.423077
v 0.261268 2.700000 0.423077
v 0.335915 2.700000 0.423077
v 0.410563 2.700000 0.423077
v 0.485211 2.700000 0.423077
v 0.559859 3.316875 0.423077
v 0.634507 3.304722 0.423077
v 0.709155 3.275167 0.423077
v 0.783803 3.114944 0.423077
v 0.858451 3.167056 0.423077
v 0.933099 3.230000 0.423077
v 1.007746 3.291500 0.423077
v 1.082394 2.700000 0.423077
v 1.157042 2.700000 0.423077
v 1.231690 2.700000 0.423077
v 1.306338 2.700000 0.423077
v 1.380986 2.700000 0.423077
v 1.455634 2.700000 0.423077
v 1.530282 2.700000 0.423077
v 1.604930 3.249500 0.423077
v 1.679577 3.360625 0.423077
v 1.754225 3.202444 0.423077
v 1.828873 3.260389 0.423077
v 1.903521 3.208278 0.423077
v 1.978169 3.241722 0.423077
v 2.052817 3.298111 0.423077
v 2.127465 3.162778 0.423077
v 2.202113 3.209444 0.423077
v 2.276761 3.136722 0.423077
v 2.351408 3.104833 0.423077
v 2.426056 3.295389 0.423077
v 2.500704 3.344000 0.423077
v 2.575352 3.341278 0.423077
v 2.650000 3.368889 0.423077
v -2.650000 2.700000 0.500000
v -2.575352 2.700000 0.500000
v -2.500704 3.091300 0.500000
v -2.426056 3.129722 0.500000
v -2.351408 3.140222 0.500000
v -2.276761 3.211389 0.500000
v -2.202113 3.251833 0.500000
v -2.127465 3.278278 0.500000
v -2.052817 3.311333 0.500000
v -1.978169 3.320667 0.500000
v -1.903521 3.347889 0.500000
v -1.828873 3.335056 0.500000
v -1.754225 3.323000 0.500000
v -1.679577 3.280222 0.500000
v -1.604930 3.230444 0.500000
v -1.530282 3.264278 0.500000
v -1.455634 3.303944 0.500000
v -1.380986 3.377056 0.500000
v -1.306338 3.405833 0.500000
v -1.231690 3.422167 0.500000
v -1.157042 3.416333 0.500000
v -1.082394 3.360722 0.500000
v -1.007746 3.301611 0.500000
v -0.933099 3.253389 0.500000
v -0.858451 3.213188 0.500000
v -0.783803 3.231300 0.500000
v -0.709155 3.232000 0.500000
v -0.634507 2.700000 0.500000
v -0.559859 2.700000 0.500000
v -0.485211 2.700000 0.500000
v -0.410563 2.700000 0.500000
v -0.335915 2.700000 0.500000
v -0.261268 2.700000 0.500000
v -0.186620 2.700000 0.500000
v -0.111972 2.700000 0.500000
v -0.037324 2.700000 0.500000
v 0.037324 2.700000 0.500000
v 0.111972 3.207500 0.500000
v 0.186620 3.109500 0.500000
v 0.261268 2.700000 0.500000
v 0.335915 2.700000 0.500000
v 0.410563 2.700000 0.500000
v 0.485211 2.700000 0.500000
v 0.559859 2.700000 0.500000
v 0.634507 3.317167 0.500000
v 0.709155 3.326937 0.500000
v 0.783803 3.222278 0.500000
v 0.858451 3.136722 0.500000
v 0.933099 3.153444 0.500000
v 1.007746 3.263889 0.500000
v 1.082394 3.350417 0.500000
v 1.157042 3.309000 0.500000
v 1.231690 2.700000 0.500000
v 1.306338 2.700000 0.500000
v 1.380986 2.700000 0.500000
v 1.455634 2.700000 0.500000
v 1.530282 2.700000 0.500000
v 1.604930 2.700000 0.500000
v 1.679577 3.407000 0.500000
v 1.754225 3.341000 0.500000
v 1.828873 3.210222 0.500000
v 1.903521 3.104833 0.500000
v 1.978169 3.204000 0.500000
v 2.052817 3.371222 0.500000
v 2.127465 3.370833 0.500000
v 2.202113 3.228889 0.500000
v 2.276761 3.190778 0.500000
v 2.351408 3.136333 0.500000
v 2.426056 3.096278 0.500000
v 2.500704 3.117667 0.500000
v 2.575352 3.275556 0.500000
v 2.650000 3.323000 0.500000
v -2.650000 2.700000 0.576923
v -2.575352 2.700000 0.576923
v -2.500704 3.101333 0.576923
v -2.426056 3.142944 0.576923
v -2.351408 3.157333 0.576923
v -2.276761 3.207500 0.576923
v -2.202113 3.260778 0.576923
v -2.127465 3.309778 0.576923
v -2.052817 3.326889 0.576923
v -1.978169 3.344000 0.576923
v -1.903521 3.350611 0.576923
v -1.828873 3.326889 0.576923
v -1.754225 3.280222 0.576923
v -1.679577 3.265056 0.576923
v -1.604930 3.319889 0.576923
v -1.530282 3.332722 0.576923
v -1.455634 3.354889 0.576923
v -1.380986 3.353722 0.576923
v -1.306338 3.396111 0.576923
v -1.231690 3.420611 0.576923
v -1.157042 3.393000 0.576923
v -1.082394 3.326889 0.576923
v -1.007746 3.257667 0.576923
v -0.933099 3.250375 0.576923
v -0.858451 3.256500 0.576923
v -0.783803 2.700000 0.576923
v -0.709155 2.700000 0.576923
v -0.634507 2.700000 0.576923
v -0.559859 2.700000 0.576923
v -0.485211 2.700000 0.576923
v -0.410563 2.700000 0.576923
v -0.335915 2.700000 0.576923
v -0.261268 2.700000 0.576923
v -0.186620 2.700000 0.576923
v -0.111972 2.700000 0.576923
v -0.037324 2.700000 0.576923
v 0.037324 2.700000 0.576923
v 0.111972 2.700000 0.576923
v 0.186620 3.248333 0.576923
v 0.261268 2.700000 0.576923
v 0.335915 2.700000 0.576923
v 0.410563 2.700000 0.576923
v 0.485211 2.700000 0.576923
v 0.559859 2.700000 0.576923
v 0.634507 2.700000 0.576923
v 0.709155 2.700000 0.576923
v 0.783803 3.316000 0.576923
v 0.858451 3.287125 0.576923
v 0.933099 3.257667 0.576923
v 1.007746 3.236667 0.576923
v 1.082394 3.267000 0.576923
v 1.157042 3.365000 0.576923
v 1.231690 3.319500 0.576923
v 1.306338 3.323000 0.576923
v 1.380986 2.700000 0.576923
v 1.455634 2.700000 0.576923
v 1.530282 2.700000 0.576923
v 1.604930 2.700000 0.576923
v 1.679577 2.700000 0.576923
v 1.754225 3.364222 0.576923
v 1.828873 3.210222 0.576923
v 1.903521 3.175222 0.576923
v 1.978169 3.261167 0.576923
v 2.052817 3.289167 0.576923
v 2.127465 3.315611 0.576923
v 2.202113 3.385222 0.576923
v 2.276761 3.342833 0.576923
v 2.351408 3.259222 0.576923
v 2.426056 3.255333 0.576923
v 2.500704 3.225389 0.576923
v 2.575352 3.282944 0.576923
v 2.650000 3.259611 0.576923
v -2.650000 2.700000 0.653846
v -2.575352 2.700000 0.653846
v -2.500704 3.089667 0.653846
v -2.426056 3.153444 0.653846
v -2.351408 3.209056 0.653846
v -2.276761 3.219556 0.653846
v -2.202113 3.261944 0.653846
v -2.127465 3.277500 0.653846
v -2.052817 3.321056 0.653846
v -1.978169 3.309389 0.653846
v -1.903521 3.289167 0.653846
v -1.828873 3.259611 0.653846
v -1.754225 3.318333 0.653846
v -1.679577 3.394167 0.653846
v -1.604930 3.365000 0.653846
v -1.530282 3.319111 0.653846
v -1.455634 3.309000 0.653846
v -1.380986 3.344389 0.653846
v -1.306338 3.308222 0.653846
v -1.231690 3.307444 0.653846
v -1.157042 3.298500 0.653846
v -1.082394 3.311333 0.653846
v -1.007746 2.700000 0.653846
v -0.933099 2.700000 0.653846
v -0.858451 2.700000 0.653846
v -0.783803 2.700000 0.653846
v -0.709155 2.700000 0.653846
v -0.634507 2.700000 0.653846
v -0.559859 2.700000 0.653846
v -0.485211 2.700000 0.653846
v -0.410563 2.700000 0.653846
v -0.335915 2.700000 0.653846
v -0.261268 2.700000 0.653846
v -0.186620 2.700000 0.653846
v -0.111972 2.700000 0.653846
v -0.037324 2.700000 0.653846
v 0.037324 3.289167 0.653846
v 0.111972 3.265500 0.653846
v 0.186620 3.216833 0.653846
v 0.261268 3.244250 0.653846
v 0.335915 2.700000 0.653846
v 0.410563 2.700000 0.653846
v 0.485211 2.700000 0.653846
v 0.559859 2.700000 0.653846
v 0.634507 2.700000 0.653846
v 0.709155 2.700000 0.653846
v 0.783803 2.700000 0.653846
v 0.858451 2.700000 0.653846
v 0.933099 3.324750 0.653846
v 1.007746 3.215083 0.653846
v 1.082394 3.192722 0.653846
v 1.157042 3.211000 0.653846
v 1.231690 3.300444 0.653846
v 1.306338 3.317944 0.653846
v 1.380986 3.302000 0.653846
v 1.455634 3.314833 0.653846
v 1.530282 2.700000 0.653846
v 1.604930 2.700000 0.653846
v 1.679577 3.382500 0.653846
v 1.754225 3.384445 0.653846
v 1.828873 3.233167 0.653846
v 1.903521 3.192722 0.653846
v 1.978169 3.206722 0.653846
v 2.052817 3.267000 0.653846
v 2.127465 3.393389 0.653846
v 2.202113 3.436500 0.653846
v 2.276761 3.347111 0.653846
v 2.351408 3.344700 0.653846
v 2.426056 3.279250 0.653846
v 2.500704 3.319500 0.653846
v 2.575352 2.700000 0.653846
v 2.650000 3.293833 0.653846
v -2.650000 2.700000 0.730769
v -2.575352 2.700000 0.730769
v -2.500704 3.150333 0.730769
v -2.426056 3.223444 0.730769
v -2.351408 3.215278 0.730769
v -2.276761 3.266222 0.730769
v -2.202113 3.268556 0.730769
v -2.127465 3.319111 0.730769
v -2.052817 3.262722 0.730769
v -1.978169 3.273222 0.730769
v -1.903521 3.331167 0.730769
v -1.828873 3.428000 0.730769
v -1.754225 3.460278 0.730769
v -1.679577 3.462611 0.730769
v -1.604930 3.429944 0.730769
v -1.530282 3.367333 0.730769
v -1.455634 3.278667 0.730769
v -1.380986 3.327278 0.730769
v -1.306338 3.280611 0.730769
v -1.231690 3.273611 0.730769
v -1.157042 3.304333 0.730769
v -1.082394 2.700000 0.730769
v -1.007746 2.700000 0.730769
v -0.933099 2.700000 0.730769
v -0.858451 2.700000 0.730769
v -0.783803 2.700000 0.730769
v -0.709155 2.700000 0.730769
v -0.634507 2.700000 0.730769
v -0.559859 2.700000 0.730769
v -0.485211 2.700000 0.730769
v -0.410563 2.700000 0.730769
v -0.335915 2.700000 0.730769
v -0.261268 2.700000 0.730769
v -0.186620 2.700000 0.730769
v -0.111972 2.700000 0.730769
v -0.037324 2.700000 0.730769
v 0.037324 2.700000 0.730769
v 0.111972 3.265056 0.730769
v 0.186620 3.220722 0.730769
v 0.261268 3.249500 0.730769
v 0.335915 2.700000 0.730769
v 0.410563 2.700000 0.730769
v 0.485211 2.700000 0.730769
v 0.559859 2.700000 0.730769
v 0.634507 2.700000 0.730769
v 0.709155 2.700000 0.730769
v 0.783803 2.700000 0.730769
v 0.858451 2.700000 0.730769
v 0.933099 2.700000 0.730769
v 1.007746 2.700000 0.730769
v 1.082394 3.210500 0.730769
v 1.157042 3.150625 0.730769
v 1.231690 3.242500 0.730769
v 1.306338 3.348667 0.730769
v 1.380986 3.340500 0.730769
v 1.455634 3.332333 0.730769
v 1.530282 3.328833 0.730769
v 1.604930 2.700000 0.730769
v 1.679577 2.700000 0.730769
v 1.754225 3.266500 0.730769
v 1.828873 3.251056 0.730769
v 1.903521 3.166667 0.730769
v 1.978169 3.255333 0.730769
v 2.052817 3.298889 0.730769
v 2.127465 3.252611 0.730769
v 2.202113 2.700000 0.730769
v 2.276761 3.340500 0.730769
v 2.351408 3.286250 0.730769
v 2.426056 2.700000 0.730769
v 2.500704 2.700000 0.730769
v 2.575352 2.700000 0.730769
v 2.650000 2.700000 0.730769
v -2.650000 2.700000 0.807692
v -2.575352 2.700000 0.807692
v -2.500704 3.155438 0.807692
v -2.426056 3.256500 0.807692
v -2.351408 3.324167 0.807692
v -2.276761 3.392222 0.807692
v -2.202113 3.427222 0.807692
v -2.127465 3.441222 0.807692
v -2.052817 3.435389 0.807692
v -1.978169 3.423722 0.807692
v -1.903521 3.414389 0.807692
v -1.828873 3.455222 0.807692
v -1.754225 3.490222 0.807692
v -1.679577 3.496444 0.807692
v -1.604930 3.470778 0.807692
v -1.530282 3.417500 0.807692
v -1.455634 3.372389 0.807692
v -1.380986 3.348667 0.807692
v -1.306338 3.321056 0.807692
v -1.231690 3.295000 0.807692
v -1.157042 2.700000 0.807692
v -1.082394 2.700000 0.807692
v -1.007746 2.700000 0.807692
v -0.933099 2.700000 0.807692
v -0.858451 2.700000 0.807692
v -0.783803 3.268167 0.807692
v -0.709155 3.310750 0.807692
v -0.634507 2.700000 0.807692
v -0.559859 2.700000 0.807692
v -0.485211 2.700000 0.807692
v -0.410563 2.700000 0.807692
v -0.335915 2.700000 0.807692
v -0.261268 2.700000 0.807692
v -0.186620 2.700000 0.807692
v -0.111972 2.700000 0.807692
v -0.037324 2.700000 0.807692
v 0.037324 2.700000 0.807692
v 0.111972 3.328500 0.807692
v 0.186620 3.258833 0.807692
v 0.261268 3.299667 0.807692
v 0.335915 2.700000 0.807692
v 0.410563 2.700000 0.807692
v 0.485211 2.700000 0.807692
v 0.559859 2.700000 0.807692
v 0.634507 2.700000 0.807692
v 0.709155 2.700000 0.807692
v 0.783803 2.700000 0.807692
v 0.858451 2.700000 0.807692
v 0.933099 2.700000 0.807692
v 1.007746 2.700000 0.807692
v 1.082394 2.700000 0.807692
v 1.157042 3.174250 0.807692
v 1.231690 3.223056 0.807692
v 1.306338 2.700000 0.807692
v 1.380986 2.700000 0.807692
v 1.455634 2.700000 0.807692
v 1.530282 3.316000 0.807692
v 1.604930 2.700000 0.807692
v 1.679577 2.700000 0.807692
v 1.754225 3.330000 0.807692
v 1.828873 3.335250 0.807692
v 1.903521 3.268944 0.807692
v 1.978169 3.165889 0.807692
v 2.052817 3.355278 0.807692
v 2.127465 3.408945 0.807692
v 2.202113 3.342600 0.807692
v 2.276761 2.700000 0.807692
v 2.351408 2.700000 0.807692
v 2.426056 2.700000 0.807692
v 2.500704 2.700000 0.807692
v 2.575352 3.295000 0.807692
v 2.650000 2.700000 0.807692
v -2.650000 2.700000 0.884615
v -2.575352 3.073800 0.884615
v -2.500704 3.191556 0.884615
v -2.426056 3.293056 0.884615
v -2.351408 3.354111 0.884615
v -2.276761 3.389111 0.884615
v -2.202113 3.461833 0.884615
v -2.127465 3.475833 0.884615
v -2.052817 3.444722 0.884615
v -1.978169 3.436556 0.884615
v -1.903521 3.430333 0.884615
v -1.828873 3.433055 0.884615
v -1.754225 3.473111 0.884615
v -1.679577 3.519389 0.884615
v -1.604930 3.518611 0.884615
v -1.530282 3.481278 0.884615
v -1.455634 3.436167 0.884615
v -1.380986 3.381333 0.884615
v -1.306338 3.336222 0.884615
v -1.231690 3.310167 0.884615
v -1.157042 2.700000 0.884615
v -1.082394 2.700000 0.884615
v -1.007746 2.700000 0.884615
v -0.933099 2.700000 0.884615
v -0.858451 2.700000 0.884615
v -0.783803 3.319500 0.884615
v -0.709155 3.330000 0.884615
v -0.634507 2.700000 0.884615
v -0.559859 2.700000 0.884615
v -0.485211 2.700000 0.884615
v -0.410563 2.700000 0.884615
v -0.335915 2.700000 0.884615
v -0.261268 2.700000 0.884615
v -0.186620 2.700000 0.884615
v -0.111972 2.700000 0.884615
v -0.037324 2.700000 0.884615
v 0.037324 2.700000 0.884615
v 0.111972 3.312062 0.884615
v 0.186620 3.304625 0.884615
v 0.261268 2.700000 0.884615
v 0.335915 2.700000 0.884615
v 0.410563 2.700000 0.884615
v 0.485211 2.700000 0.884615
v 0.559859 2.700000 0.884615
v 0.634507 2.700000 0.884615
v 0.709155 2.700000 0.884615
v 0.783803 2.700000 0.884615
v 0.858451 2.700000 0.884615
v 0.933099 2.700000 0.884615
v 1.007746 2.700000 0.884615
v 1.082394 2.700000 0.884615
v 1.157042 2.700000 0.884615
v 1.231690 3.144500 0.884615
v 1.306338 3.155000 0.884615
v 1.380986 2.700000 0.884615
v 1.455634 2.700000 0.884615
v 1.530282 2.700000 0.884615
v 1.604930 2.700000 0.884615
v 1.679577 2.700000 0.884615
v 1.754225 2.700000 0.884615
v 1.828873 3.351000 0.884615
v 1.903521 3.334000 0.884615
v 1.978169 3.278278 0.884615
v 2.052817 3.280222 0.884615
v 2.127465 3.410111 0.884615
v 2.202113 3.349000 0.884615
v 2.276761 2.700000 0.884615
v 2.351408 2.700000 0.884615
v 2.426056 2.700000 0.884615
v 2.500704 2.700000 0.884615
v 2.575352 2.700000 0.884615
v 2.650000 2.700000 0.884615
v -2.650000 2.700000 0.961538
v -2.575352 3.117900 0.961538
v -2.500704 3.229667 0.961538
v -2.426056 3.313278 0.961538
v -2.351408 3.357611 0.961538
v -2.276761 3.389111 0.961538
v -2.202113 3.477389 0.961538
v -2.127465 3.498389 0.961538
v -2.052817 3.479722 0.961538
v -1.978169 3.486722 0.961538
v -1.903521 3.475056 0.961538
v -1.828873 3.483222 0.961538
v -1.754225 3.510444 0.961538
v -1.679577 3.527167 0.961538
v -1.604930 3.513167 0.961538
v -1.530282 3.455222 0.961538
v -1.455634 3.441611 0.961538
v -1.380986 3.405833 0.961538
v -1.306338 3.362667 0.961538
v -1.231690 3.345500 0.961538
v -1.157042 3.347500 0.961538
v -1.082394 2.700000 0.961538
v -1.007746 2.700000 0.961538
v -0.933099 2.700000 0.961538
v -0.858451 2.700000 0.961538
v -0.783803 2.700000 0.961538
v -0.709155 2.700000 0.961538
v -0.634507 2.700000 0.961538
v -0.559859 2.700000 0.961538
v -0.485211 2.700000 0.961538
v -0.410563 2.700000 0.961538
v -0.335915 2.700000 0.961538
v -0.261268 2.700000 0.961538
v -0.186620 2.700000 0.961538
v -0.111972 2.700000 0.961538
v -0.037324 2.700000 0.961538
v 0.037324 2.700000 0.961538
v 0.111972 2.700000 0.961538
v 0.186620 2.700000 0.961538
v 0.261268 2.700000 0.961538
v 0.335915 2.700000 0.961538
v 0.410563 2.700000 0.961538
v 0.485211 2.700000 0.961538
v 0.559859 2.700000 0.961538
v 0.634507 2.700000 0.961538
v 0.709155 2.700000 0.961538
v 0.783803 2.700000 0.961538
v 0.858451 2.700000 0.961538
v 0.933099 2.700000 0.961538
v 1.007746 2.700000 0.961538
v 1.082394 2.700000 0.961538
v 1.157042 2.700000 0.961538
v 1.231690 3.184400 0.961538
v 1.306338 3.263500 0.961538
v 1.380986 2.700000 0.961538
v 1.455634 2.700000 0.961538
v 1.530282 2.700000 0.961538
v 1.604930 2.700000 0.961538
v 1.679577 2.700000 0.961538
v 1.754225 2.700000 0.961538
v 1.828873 2.700000 0.961538
v 1.903521 2.700000 0.961538
v 1.978169 3.375938 0.961538
v 2.052817 3.241333 0.961538
v 2.127465 3.261944 0.961538
v 2.202113 3.320900 0.961538
v 2.276761 3.340500 0.961538
v 2.351408 3.253000 0.961538
v 2.426056 3.263500 0.961538
v 2.500704 2.700000 0.961538
v 2.575352 2.700000 0.961538
v 2.650000 2.700000 0.961538
v -2.650000 2.700000 1.038462
v -2.575352 2.700000 1.038462
v -2.500704 3.222375 1.038462
v -2.426056 3.323389 1.038462
v -2.351408 3.383278 1.038462
v -2.276761 3.397667 1.038462
v -2.202113 3.424111 1.038462
v -2.127465 3.470000 1.038462
v -2.052817 3.478555 1.038462
v -1.978169 3.471945 1.038462
v -1.903521 3.491000 1.038462
v -1.828873 3.488278 1.038462
v -1.754225 3.512389 1.038462
v -1.679577 3.518611 1.038462
v -1.604930 3.438111 1.038462
v -1.530282 3.416722 1.038462
v -1.455634 3.438889 1.038462
v -1.380986 3.402722 1.038462
v -1.306338 3.357125 1.038462
v -1.231690 2.700000 1.038462
v -1.157042 2.700000 1.038462
v -1.082394 2.700000 1.038462
v -1.007746 2.700000 1.038462
v -0.933099 2.700000 1.038462
v -0.858451 2.700000 1.038462
v -0.783803 2.700000 1.038462
v -0.709155 2.700000 1.038462
v -0.634507 2.700000 1.038462
v -0.559859 2.700000 1.038462
v -0.485211 2.700000 1.038462
v -0.410563 2.700000 1.038462
v -0.335915 2.700000 1.038462
v -0.261268 2.700000 1.038462
v -0.186620 2.700000 1.038462
v -0.111972 2.700000 1.038462
v -0.037324 2.700000 1.038462
v 0.037324 2.700000 1.038462
v 0.111972 2.700000 1.038462
v 0.186620 2.700000 1.038462
v 0.261268 2.700000 1.038462
v 0.335915 2.700000 1.038462
v 0.410563 2.700000 1.038462
v 0.485211 2.700000 1.038462
v 0.559859 2.700000 1.038462
v 0.634507 2.700000 1.038462
v 0.709155 2.700000 1.038462
v 0.783803 3.232000 1.038462
v 0.858451 2.700000 1.038462
v 0.933099 2.700000 1.038462
v 1.007746 3.207500 1.038462
v 1.082394 3.253000 1.038462
v 1.157042 3.141000 1.038462
v 1.231690 3.208900 1.038462
v 1.306338 2.700000 1.038462
v 1.380986 2.700000 1.038462
v 1.455634 2.700000 1.038462
v 1.530282 2.700000 1.038462
v 1.604930 2.700000 1.038462
v 1.679577 2.700000 1.038462
v 1.754225 2.700000 1.038462
v 1.828873 2.700000 1.038462
v 1.903521 2.700000 1.038462
v 1.978169 3.389500 1.038462
v 2.052817 3.325100 1.038462
v 2.127465 3.283625 1.038462
v 2.202113 3.328833 1.038462
v 2.276761 3.350563 1.038462
v 2.351408 3.342833 1.038462
v 2.426056 3.242500 1.038462
v 2.500704 2.700000 1.038462
v 2.575352 2.700000 1.038462
v 2.650000 2.700000 1.038462
v -2.650000 2.700000 1.115385
v -2.575352 2.700000 1.115385
v -2.500704 3.192625 1.115385
v -2.426056 3.302000 1.115385
v -2.351408 3.387167 1.115385
v -2.276761 3.395722 1.115385
v -2.202113 3.401556 1.115385
v -2.127465 3.452111 1.115385
v -2.052817 3.466500 1.115385
v -1.978169 3.477000 1.115385
v -1.903521 3.515111 1.115385
v -1.828873 3.526000 1.115385
v -1.754225 3.485944 1.115385
v -1.679577 3.480889 1.115385
v -1.604930 3.426833 1.115385
v -1.530282 3.424111 1.115385
v -1.455634 3.418278 1.115385
v -1.380986 3.408500 1.115385
v -1.306338 3.393000 1.115385
v -1.231690 2.700000 1.115385
v -1.157042 2.700000 1.115385
v -1.082394 2.700000 1.115385
v -1.007746 2.700000 1.115385
v -0.933099 2.700000 1.115385
v -0.858451 2.700000 1.115385
v -0.783803 2.700000 1.115385
v -0.709155 2.700000 1.115385
v -0.634507 2.700000 1.115385
v -0.559859 2.700000 1.115385
v -0.485211 2.700000 1.115385
v -0.410563 2.700000 1.115385
v -0.335915 2.700000 1.115385
v -0.261268 2.700000 1.115385
v -0.186620 2.700000 1.115385
v -0.111972 2.700000 1.115385
v -0.037324 2.700000 1.115385
v 0.037324 2.700000 1.115385
v 0.111972 2.700000 1.115385
v 0.186620 2.700000 1.115385
v 0.261268 2.700000 1.115385
v 0.335915 2.700000 1.115385
v 0.410563 2.700000 1.115385
v 0.485211 2.700000 1.115385
v 0.559859 2.700000 1.115385
v 0.634507 2.700000 1.115385
v 0.709155 3.310167 1.115385
v 0.783803 3.267778 1.115385
v 0.858451 3.262333 1.115385
v 0.933099 3.230833 1.115385
v 1.007746 3.226167 1.115385
v 1.082394 3.231125 1.115385
v 1.157042 2.700000 1.115385
v 1.231690 2.700000 1.115385
v 1.306338 2.700000 1.115385
v 1.380986 2.700000 1.115385
v 1.455634 2.700000 1.115385
v 1.530282 2.700000 1.115385
v 1.604930 2.700000 1.115385
v 1.679577 2.700000 1.115385
v 1.754225 2.700000 1.115385
v 1.828873 2.700000 1.115385
v 1.903521 2.700000 1.115385
v 1.978169 3.363250 1.115385
v 2.052817 3.303312 1.115385
v 2.127465 3.236278 1.115385
v 2.202113 3.353500 1.115385
v 2.276761 3.347500 1.115385
v 2.351408 3.382500 1.115385
v 2.426056 2.700000 1.115385
v 2.500704 2.700000 1.115385
v 2.575352 2.700000 1.115385
v 2.650000 2.700000 1.115385
v -2.650000 2.700000 1.192308
v -2.575352 2.700000 1.192308
v -2.500704 3.137500 1.192308
v -2.426056 3.251250 1.192308
v -2.351408 3.318500 1.192308
v -2.276761 3.366750 1.192308
v -2.202113 3.400000 1.192308
v -2.127465 3.422167 1.192308
v -2.052817 3.443556 1.192308
v -1.978169 3.441222 1.192308
v -1.903521 3.456778 1.192308
v -1.828873 3.439278 1.192308
v -1.754225 3.448611 1.192308
v -1.679577 3.360722 1.192308
v -1.604930 3.372778 1.192308
v -1.530282 3.402722 1.192308
v -1.455634 3.417500 1.192308
v -1.380986 2.700000 1.192308
v -1.306338 2.700000 1.192308
v -1.231690 2.700000 1.192308
v -1.157042 2.700000 1.192308
v -1.082394 2.700000 1.192308
v -1.007746 2.700000 1.192308
v -0.933099 2.700000 1.192308
v -0.858451 2.700000 1.192308
v -0.783803 2.700000 1.192308
v -0.709155 2.700000 1.192308
v -0.634507 2.700000 1.192308
v -0.559859 2.700000 1.192308
v -0.485211 2.700000 1.192308
v -0.410563 2.700000 1.192308
v -0.335915 2.700000 1.192308
v -0.261268 2.700000 1.192308
v -0.186620 2.700000 1.192308
v -0.111972 2.700000 1.192308
v -0.037324 2.700000 1.192308
v 0.037324 2.700000 1.192308
v 0.111972 2.700000 1.192308
v 0.186620 3.363833 1.192308
v 0.261268 3.389500 1.192308
v 0.335915 3.417500 1.192308
v 0.410563 2.700000 1.192308
v 0.485211 2.700000 1.192308
v 0.559859 2.700000 1.192308
v 0.634507 2.700000 1.192308
v 0.709155 2.700000 1.192308
v 0.783803 3.302000 1.192308
v 0.858451 3.292200 1.192308
v 0.933099 3.282500 1.192308
v 1.007746 3.307833 1.192308
v 1.082394 3.321250 1.192308
v 1.157042 2.700000 1.192308
v 1.231690 2.700000 1.192308
v 1.306338 2.700000 1.192308
v 1.380986 2.700000 1.192308
v 1.455634 2.700000 1.192308
v 1.530282 2.700000 1.192308
v 1.604930 2.700000 1.192308
v 1.679577 2.700000 1.192308
v 1.754225 2.700000 1.192308
v 1.828873 2.700000 1.192308
v 1.903521 2.700000 1.192308
v 1.978169 2.700000 1.192308
v 2.052817 3.296750 1.192308
v 2.127465 3.274000 1.192308
v 2.202113 3.247400 1.192308
v 2.276761 3.368500 1.192308
v 2.351408 2.700000 1.192308
v 2.426056 2.700000 1.192308
v 2.500704 2.700000 1.192308
v 2.575352 2.700000 1.192308
v 2.650000 2.700000 1.192308
v -2.650000 2.700000 1.269231
v -2.575352 2.700000 1.269231
v -2.500704 2.700000 1.269231
v -2.426056 2.700000 1.269231
v -2.351408 2.700000 1.269231
v -2.276761 2.700000 1.269231
v -2.202113 2.700000 1.269231
v -2.127465 3.351000 1.269231
v -2.052817 3.344389 1.269231
v -1.978169 3.303167 1.269231
v -1.903521 3.338312 1.269231
v -1.828873 3.375500 1.269231
v -1.754225 3.362667 1.269231
v -1.679577 3.358000 1.269231
v -1.604930 3.355375 1.269231
v -1.530282 3.383667 1.269231
v -1.455634 2.700000 1.269231
v -1.380986 2.700000 1.269231
v -1.306338 2.700000 1.269231
v -1.231690 2.700000 1.269231
v -1.157042 2.700000 1.269231
v -1.082394 2.700000 1.269231
v -1.007746 2.700000 1.269231
v -0.933099 2.700000 1.269231
v -0.858451 2.700000 1.269231
v -0.783803 3.387750 1.269231
v -0.709155 3.349833 1.269231
v -0.634507 3.379000 1.269231
v -0.559859 3.367333 1.269231
v -0.485211 3.326500 1.269231
v -0.410563 3.296167 1.269231
v -0.335915 3.290800 1.269231
v -0.261268 3.298000 1.269231
v -0.186620 3.336000 1.269231
v -0.111972 3.356500 1.269231
v -0.037324 3.378000 1.269231
v 0.037324 3.381333 1.269231
v 0.111972 3.398000 1.269231
v 0.186620 3.428389 1.269231
v 0.261268 3.445889 1.269231
v 0.335915 3.437100 1.269231
v 0.410563 3.373750 1.269231
v 0.485211 2.700000 1.269231
v 0.559859 2.700000 1.269231
v 0.634507 2.700000 1.269231
v 0.709155 2.700000 1.269231
v 0.783803 2.700000 1.269231
v 0.858451 2.700000 1.269231
v 0.933099 2.700000 1.269231
v 1.007746 3.297333 1.269231
v 1.082394 3.312500 1.269231
v 1.157042 2.700000 1.269231
v 1.231690 2.700000 1.269231
v 1.306338 2.700000 1.269231
v 1.380986 2.700000 1.269231
v 1.455634 2.700000 1.269231
v 1.530282 2.700000 1.269231
v 1.604930 2.700000 1.269231
v 1.679577 2.700000 1.269231
v 1.754225 2.700000 1.269231
v 1.828873 2.700000 1.269231
v 1.903521 2.700000 1.269231
v 1.978169 2.700000 1.269231
v 2.052817 3.298500 1.269231
v 2.127465 3.237250 1.269231
v 2.202113 3.315125 1.269231
v 2.276761 2.700000 1.269231
v 2.351408 2.700000 1.269231
v 2.426056 2.700000 1.269231
v 2.500704 2.700000 1.269231
v 2.575352 2.700000 1.269231
v 2.650000 2.700000 1.269231
v -2.650000 2.700000 1.346154
v -2.575352 2.700000 1.346154
v -2.500704 2.700000 1.346154
v -2.426056 2.700000 1.346154
v -2.351408 2.700000 1.346154
v -2.276761 2.700000 1.346154
v -2.202113 2.700000 1.346154
v -2.127465 3.274000 1.346154
v -2.052817 3.260000 1.346154
v -1.978169 3.260000 1.346154
v -1.903521 2.700000 1.346154
v -1.828873 2.700000 1.346154
v -1.754225 2.700000 1.346154
v -1.679577 2.700000 1.346154
v -1.604930 2.700000 1.346154
v -1.530282 2.700000 1.346154
v -1.455634 2.700000 1.346154
v -1.380986 2.700000 1.346154
v -1.306338 2.700000 1.346154
v -1.231690 2.700000 1.346154
v -1.157042 3.403500 1.346154
v -1.082394 3.451100 1.346154
v -1.007746 3.495667 1.346154
v -0.933099 3.479722 1.346154
v -0.858451 3.438500 1.346154
v -0.783803 3.367722 1.346154
v -0.709155 3.365000 1.346154
v -0.634507 3.408556 1.346154
v -0.559859 3.434222 1.346154
v -0.485211 3.429556 1.346154
v -0.410563 3.406222 1.346154
v -0.335915 3.362667 1.346154
v -0.261268 3.385611 1.346154
v -0.186620 3.402333 1.346154
v -0.111972 3.402333 1.346154
v -0.037324 3.379778 1.346154
v 0.037324 3.409333 1.346154
v 0.111972 3.480111 1.346154
v 0.186620 3.506945 1.346154
v 0.261268 3.477389 1.346154
v 0.335915 3.457944 1.346154
v 0.410563 2.700000 1.346154
v 0.485211 2.700000 1.346154
v 0.559859 2.700000 1.346154
v 0.634507 2.700000 1.346154
v 0.709155 2.700000 1.346154
v 0.783803 2.700000 1.346154
v 0.858451 2.700000 1.346154
v 0.933099 2.700000 1.346154
v 1.007746 2.700000 1.346154
v 1.082394 2.700000 1.346154
v 1.157042 2.700000 1.346154
v 1.231690 2.700000 1.346154
v 1.306338 2.700000 1.346154
v 1.380986 2.700000 1.346154
v 1.455634 2.700000 1.346154
v 1.530282 2.700000 1.346154
v 1.604930 2.700000 1.346154
v 1.679577 2.700000 1.346154
v 1.754225 2.700000 1.346154
v 1.828873 2.700000 1.346154
v 1.903521 2.700000 1.346154
v 1.978169 2.700000 1.346154
v 2.052817 2.700000 1.346154
v 2.127465 2.700000 1.346154
v 2.202113 2.700000 1.346154
v 2.276761 2.700000 1.346154
v 2.351408 2.700000 1.346154
v 2.426056 2.700000 1.346154
v 2.500704 2.700000 1.346154
v 2.575352 2.700000 1.346154
v 2.650000 2.700000 1.346154
v -2.650000 2.700000 1.423077
v -2.575352 2.700000 1.423077
v -2.500704 2.700000 1.423077
v -2.426056 2.700000 1.423077
v -2.351408 2.700000 1.423077
v -2.276761 2.700000 1.423077
v -2.202113 2.700000 1.423077
v -2.127465 2.700000 1.423077
v -2.052817 3.271375 1.423077
v -1.978169 3.274000 1.423077
v -1.903521 2.700000 1.423077
v -1.828873 2.700000 1.423077
v -1.754225 2.700000 1.423077
v -1.679577 2.700000 1.423077
v -1.604930 2.700000 1.423077
v -1.530282 2.700000 1.423077
v -1.455634 2.700000 1.423077
v -1.380986 2.700000 1.423077
v -1.306338 3.361500 1.423077
v -1.231690 3.384600 1.423077
v -1.157042 3.421000 1.423077
v -1.082394 3.479333 1.423077
v -1.007746 3.481278 1.423077
v -0.933099 3.457944 1.423077
v -0.858451 3.433833 1.423077
v -0.783803 3.418667 1.423077
v -0.709155 3.406611 1.423077
v -0.634507 3.503833 1.423077
v -0.559859 3.565667 1.423077
v -0.485211 3.527167 1.423077
v -0.410563 3.417111 1.423077
v -0.335915 3.326111 1.423077
v -0.261268 3.383667 1.423077
v -0.186620 3.477778 1.423077
v -0.111972 3.488278 1.423077
v -0.037324 3.446667 1.423077
v 0.037324 3.455222 1.423077
v 0.111972 3.463000 1.423077
v 0.186620 3.484000 1.423077
v 0.261268 3.530278 1.423077
v 0.335915 3.503055 1.423077
v 0.410563 3.409625 1.423077
v 0.485211 2.700000 1.423077
v 0.559859 2.700000 1.423077
v 0.634507 2.700000 1.423077
v 0.709155 2.700000 1.423077
v 0.783803 2.700000 1.423077
v 0.858451 2.700000 1.423077
v 0.933099 2.700000 1.423077
v 1.007746 2.700000 1.423077
v 1.082394 2.700000 1.423077
v 1.157042 2.700000 1.423077
v 1.231690 2.700000 1.423077
v 1.306338 2.700000 1.423077
v 1.380986 2.700000 1.423077
v 1.455634 2.700000 1.423077
v 1.530282 2.700000 1.423077
v 1.604930 2.700000 1.423077
v 1.679577 2.700000 1.423077
v 1.754225 2.700000 1.423077
v 1.828873 2.700000 1.423077
v 1.903521 2.700000 1.423077
v 1.978169 2.700000 1.423077
v 2.052817 2.700000 1.423077
v 2.127465 2.700000 1.423077
v 2.202113 2.700000 1.423077
v 2.276761 2.700000 1.423077
v 2.351408 2.700000 1.423077
v 2.426056 2.700000 1.423077
v 2.500704 2.700000 1.423077
v 2.575352 2.700000 1.423077
v 2.650000 2.700000 1.423077
v -2.650000 2.700000 1.500000
v -2.575352 2.700000 1.500000
v -2.500704 2.700000 1.500000
v -2.426056 2.700000 1.500000
v -2.351408 2.700000 1.500000
v -2.276761 2.700000 1.500000
v -2.202113 2.700000 1.500000
v -2.127465 3.225000 1.500000
v -2.052817 3.316000 1.500000
v -1.978169 3.308125 1.500000
v -1.903521 3.312500 1.500000
v -1.828873 3.312500 1.500000
v -1.754225 3.296167 1.500000
v -1.679577 3.305500 1.500000
v -1.604930 2.700000 1.500000
v -1.530282 2.700000 1.500000
v -1.455634 3.459500 1.500000
v -1.380986 3.449000 1.500000
v -1.306338 3.412056 1.500000
v -1.231690 3.423333 1.500000
v -1.157042 3.466889 1.500000
v -1.082394 3.483611 1.500000
v -1.007746 3.470000 1.500000
v -0.933099 3.465333 1.500000
v -0.858451 3.495667 1.500000
v -0.783803 3.445111 1.500000
v -0.709155 3.440444 1.500000
v -0.634507 3.489833 1.500000
v -0.559859 3.572278 1.500000
v -0.485211 3.599500 1.500000
v -0.410563 3.566056 1.500000
v -0.335915 3.361111 1.500000
v -0.261268 3.306667 1.500000
v -0.186620 3.347111 1.500000
v -0.111972 3.414778 1.500000
v -0.037324 3.423333 1.500000
v 0.037324 3.416333 1.500000
v 0.111972 3.456389 1.500000
v 0.186620 3.551278 1.500000
v 0.261268 3.548167 1.500000
v 0.335915 3.488278 1.500000
v 0.410563 3.424889 1.500000
v 0.485211 2.700000 1.500000
v 0.559859 2.700000 1.500000
v 0.634507 2.700000 1.500000
v 0.709155 2.700000 1.500000
v 0.783803 2.700000 1.500000
v 0.858451 2.700000 1.500000
v 0.933099 2.700000 1.500000
v 1.007746 2.700000 1.500000
v 1.082394 2.700000 1.500000
v 1.157042 2.700000 1.500000
v 1.231690 2.700000 1.500000
v 1.306338 2.700000 1.500000
v 1.380986 2.700000 1.500000
v 1.455634 2.700000 1.500000
v 1.530282 2.700000 1.500000
v 1.604930 2.700000 1.500000
v 1.679577 2.700000 1.500000
v 1.754225 2.700000 1.500000
v 1.828873 2.700000 1.500000
v 1.903521 2.700000 1.500000
v 1.978169 2.700000 1.500000
v 2.052817 2.700000 1.500000
v 2.127465 2.700000 1.500000
v 2.202113 2.700000 1.500000
v 2.276761 2.700000 1.500000
v 2.351408 3.223250 1.500000
v 2.426056 3.205750 1.500000
v 2.500704 3.198750 1.500000
v 2.575352 3.243667 1.500000
v 2.650000 3.221500 1.500000
f 4 76 5
f 5 76 77
f 5 77 6
f 6 77 78
f 6 78 7
f 7 78 79
f 7 79 8
f 8 79 80
f 8 80 9
f 9 80 81
f 14 86 15
f 15 86 87
f 15 87 16
f 16 87 88
f 16 88 17
f 17 88 89
f 17 89 18
f 18 89 90
f 38 110 39
f 39 110 111
f 39 111 40
f 40 111 112
f 44 116 45
f 45 116 117
f 55 127 56
f 56 127 128
f 56 128 57
f 57 128 129
f 61 133 62
f 62 133 134
f 62 134 63
f 63 134 135
f 63 135 64
f 64 135 136
f 64 136 65
f 65 136 137
f 65 137 66
f 66 137 138
f 66 138 67
f 67 138 139
f 67 139 68
f 68 139 140
f 68 140 69
f 69 140 141
f 69 141 70
f 70 141 142
f 70 142 71
f 71 142 143
f 71 143 72
f 72 143 144
f 73 145 74
f 74 145 146
f 74 146 75
f 75 146 147
f 75 147 76
f 76 147 148
f 76 148 77
f 77 148 149
f 77 149 78
f 78 149 150
f 78 150 79
f 79 150 151
f 79 151 80
f 80 151 152
f 87 159 88
f 88 159 160
f 88 160 89
f 89 160 161
f 89 161 90
f 90 161 162
f 90 162 91
f 91 162 163
f 91 163 92
f 92 163 164
f 110 182 111
f 111 182 183
f 111 183 112
f 112 183 184
f 112 184 113
f 113 184 185
f 113 185 114
f 114 185 186
f 116 188 117
f 117 188 189
f 117 189 118
f 118 189 190
f 118 190 119
f 119 190 191
f 119 191 120
f 120 191 192
f 123 195 124
f 124 195 196
f 124 196 125
f 125 196 197
f 125 197 126
f 126 197 198
f 126 198 127
f 127 198 199
f 127 199 128
f 128 199 200
f 128 200 129
f 129 200 201
f 129 201 130
f 130 201 202
f 130 202 131
f 131 202 203
f 131 203 132
f 132 203 204
f 132 204 133
f 133 204 205
f 133 205 134
f 134 205 206
f 134 206 135
f 135 206 207
f 135 207 136
f 136 207 208
f 136 208 137
f 137 208 209
f 137 209 138
f 138 209 210
f 138 210 139
f 139 210 211
f 139 211 140
f 140 211 212
f 140 212 141
f 141 212 213
f 141 213 142
f 142 213 214
f 142 214 143
f 143 214 215
f 143 215 144
f 144 215 216
f 145 217 146
f 146 217 218
f 146 218 147
f 147 218 219
f 147 219 148
f 148 219 220
f 148 220 149
f 149 220 221
f 149 221 150
f 150 221 222
f 150 222 151
f 151 222 223
f 151 223 152
f 152 223 224
f 159 231 160
f 160 231 232
f 160 232 161
f 161 232 233
f 161 233 162
f 162 233 234
f 162 234 163
f 163 234 235
f 163 235 164
f 164 235 236
f 179 251 180
f 180 251 252
f 182 254 183
f 183 254 255
f 183 255 184
f 184 255 256
f 184 256 185
f 185 256 257
f 185 257 186
f 186 257 258
f 186 258 187
f 187 258 259
f 187 259 188
f 188 259 260
f 188 260 189
f 189 260 261
f 189 261 190
f 190 261 262
f 190 262 191
f 191 262 263
f 191 263 192
f 192 263 264
f 192 264 193
f 193 264 265
f 193 265 194
f 194 265 266
f 194 266 195
f 195 266 267
f 195 267 196
f 196 267 268
f 196 268 197
f 197 268 269
f 197 269 198
f 198 269 270
f 198 270 199
f 199 270 271
f 199 271 200
f 200 271 272
f 200 272 201
f 201 272 273
f 201 273 202
f 202 273 274
f 202 274 203
f 203 274 275
f 203 275 204
f 204 275 276
f 204 276 205
f 205 276 277
f 205 277 206
f 206 277 278
f 206 278 207
f 207 278 279
f 207 279 208
f 208 279 280
f 208 280 209
f 209 280 281
f 209 281 210
f 210 281 282
f 210 282 211
f 211 282 283
f 211 283 212
f 212 283 284
f 212 284 213
f 213 284 285
f 213 285 214
f 214 285 286
f 214 286 215
f 215 286 287
f 215 287 216
f 216 287 288
f 218 290 219
f 219 290 291
f 219 291 220
f 220 291 292
f 220 292 221
f 221 292 293
f 221 293 222
f 222 293 294
f 222 294 223
f 223 294 295
f 223 295 224
f 224 295 296
f 228 300 229
f 229 300 301
f 229 301 230
f 230 301 302
f 230 302 231
f 231 302 303
f 231 303 232
f 232 303 304
f 232 304 233
f 233 304 305
f 233 305 234
f 234 305 306
f 234 306 235
f 235 306 307
f 235 307 236
f 236 307 308
f 236 308 237
f 237 308 309
f 248 320 249
f 249 320 321
f 249 321 250
f 250 321 322
f 250 322 251
f 251 322 323
f 251 323 252
f 252 323 324
f 252 324 253
f 253 324 325
f 253 325 254
f 254 325 326
f 254 326 255
f 255 326 327
f 255 327 256
f 256 327 328
f 256 328 257
f 257 328 329
f 257 329 258
f 258 329 330
f 258 330 259
f 259 330 331
f 259 331 260
f 260 331 332
f 260 332 261
f 261 332 333
f 261 333 262
f 262 333 334
f 262 334 263
f 263 334 335
f 263 335 264
f 264 335 336
f 264 336 265
f 265 336 337
f 265 337 266
f 266 337 338
f 266 338 267
f 267 338 339
f 267 339 268
f 268 339 340
f 268 340 269
f 269 340 341
f 269 341 270
f 270 341 342
f 270 342 271
f 271 342 343
f 271 343 272
f 272 343 344
f 272 344 273
f 273 344 345
f 273 345 274
f 274 345 346
f 274 346 275
f 275 346 347
f 275 347 276
f 276 347 348
f 276 348 277
f 277 348 349
f 277 349 278
f 278 349 350
f 278 350 279
f 279 350 351
f 279 351 280
f 280 351 352
f 280 352 281
f 281 352 353
f 281 353 282
f 282 353 354
f 282 354 283
f 283 354 355
f 283 355 284
f 284 355 356
f 284 356 285
f 285 356 357
f 285 357 286
f 286 357 358
f 286 358 287
f 287 358 359
f 287 359 288
f 288 359 360
f 290 362 291
f 291 362 363
f 291 363 292
f 292 363 364
f 292 364 293
f 293 364 365
f 293 365 294
f 294 365 366
f 294 366 295
f 295 366 367
f 295 367 296
f 296 367 368
f 300 372 301
f 301 372 373
f 301 373 302
f 302 373 374
f 302 374 303
f 303 374 375
f 303 375 304
f 304 375 376
f 304 376 305
f 305 376 377
f 305 377 306
f 306 377 378
f 306 378 307
f 307 378 379
f 307 379 308
f 308 379 380
f 308 380 309
f 309 380 381
f 309 381 310
f 310 381 382
f 310 382 311
f 311 382 383
f 311 383 312
f 312 383 384
f 318 390 319
f 319 390 391
f 319 391 320
f 320 391 392
f 320 392 321
f 321 392 393
f 321 393 322
f 322 393 394
f 322 394 323
f 323 394 395
f 323 395 324
f 324 395 396
f 324 396 325
f 325 396 397
f 325 397 326
f 326 397 398
f 326 398 327
f 327 398 399
f 327 399 328
f 328 399 400
f 328 400 329
f 329 400 401
f 329 401 330
f 330 401 402
f 330 402 331
f 331 402 403
f 331 403 332
f 332 403 404
f 332 404 333
f 333 404 405
f 333 405 334
f 334 405 406
f 334 406 335
f 335 406 407
f 335 407 336
f 336 407 408
f 336 408 337
f 337 408 409
f 337 409 338
f 338 409 410
f 338 410 339
f 339 410 411
f 339 411 340
f 340 411 412
f 340 412 341
f 341 412 413
f 341 413 342
f 342 413 414
f 342 414 343
f 343 414 415
f 343 415 344
f 344 415 416
f 344 416 345
f 345 416 417
f 345 417 346
f 346 417 418
f 346 418 347
f 347 418 419
f 347 419 348
f 348 419 420
f 348 420 349
f 349 420 421
f 349 421 350
f 350 421 422
f 350 422 351
f 351 422 423
f 351 423 352
f 352 423 424
f 352 424 353
f 353 424 425
f 353 425 354
f 354 425 426
f 354 426 355
f 355 426 427
f 355 427 356
f 356 427 428
f 356 428 357
f 357 428 429
f 357 429 358
f 358 429 430
f 358 430 359
f 359 430 431
f 359 431 360
f 360 431 432
f 361 433 362
f 362 433 434
f 362 434 363
f 363 434 435
f 363 435 364
f 364 435 436
f 371 443 372
f 372 443 444
f 372 444 373
f 373 444 445
f 373 445 374
f 374 445 446
f 374 446 375
f 375 446 447
f 375 447 376
f 376 447 448
f 376 448 377
f 377 448 449
f 377 449 378
f 378 449 450
f 378 450 379
f 379 450 451
f 379 451 380
f 380 451 452
f 380 452 381
f 381 452 453
f 381 453 382
f 382 453 454
f 382 454 383
f 383 454 455
f 389 461 390
f 390 461 462
f 390 462 391
f 391 462 463
f 391 463 392
f 392 463 464
f 392 464 393
f 393 464 465
f 393 465 394
f 394 465 466
f 394 466 395
f 395 466 467
f 395 467 396
f 396 467 468
f 396 468 397
f 397 468 469
f 397 469 398
f 398 469 470
f 398 470 399
f 399 470 471
f 399 471 400
f 400 471 472
f 400 472 401
f 401 472 473
f 401 473 402
f 402 473 474
f 402 474 403
f 403 474 475
f 403 475 404
f 404 475 476
f 404 476 405
f 405 476 477
f 405 477 406
f 406 477 478
f 406 478 407
f 407 478 479
f 407 479 408
f 408 479 480
f 408 480 409
f 409 480 481
f 409 481 410
f 410 481 482
f 410 482 411
f 411 482 483
f 411 483 412
f 412 483 484
f 412 484 413
f 413 484 485
f 413 485 414
f 414 485 486
f 414 486 415
f 415 486 487
f 415 487 416
f 416 487 488
f 416 488 417
f 417 488 489
f 417 489 418
f 418 489 490
f 418 490 419
f 419 490 491
f 419 491 420
f 420 491 492
f 420 492 421
f 421 492 493
f 421 493 422
f 422 493 494
f 422 494 423
f 423 494 495
f 423 495 424
f 424 495 496
f 424 496 425
f 425 496 497
f 425 497 426
f 426 497 498
f 426 498 427
f 427 498 499
f 427 499 428
f 428 499 500
f 428 500 429
f 429 500 501
f 429 501 430
f 430 501 502
f 430 502 431
f 431 502 503
f 431 503 432
f 432 503 504
f 444 516 445
f 445 516 517
f 445 517 446
f 446 517 518
f 446 518 447
f 447 518 519
f 447 519 448
f 448 519 520
f 448 520 449
f 449 520 521
f 449 521 450
f 450 521 522
f 450 522 451
f 451 522 523
f 451 523 452
f 452 523 524
f 452 524 453
f 453 524 525
f 453 525 454
f 454 525 526
f 454 526 455
f 455 526 527
f 460 532 461
f 461 532 533
f 461 533 462
f 462 533 534
f 462 534 463
f 463 534 535
f 463 535 464
f 464 535 536
f 464 536 465
f 465 536 537
f 465 537 466
f 466 537 538
f 466 538 467
f 467 538 539
f 467 539 468
f 468 539 540
f 468 540 469
f 469 540 541
f 469 541 470
f 470 541 542
f 470 542 471
f 471 542 543
f 471 543 472
f 472 543 544
f 472 544 473
f 473 544 545
f 473 545 474
f 474 545 546
f 474 546 475
f 475 546 547
f 475 547 476
f 476 547 548
f 476 548 477
f 477 548 549
f 477 549 478
f 478 549 550
f 478 550 479
f 479 550 551
f 479 551 480
f 480 551 552
f 480 552 481
f 481 552 553
f 481 553 482
f 482 553 554
f 482 554 483
f 483 554 555
f 483 555 484
f 484 555 556
f 484 556 485
f 485 556 557
f 485 557 486
f 486 557 558
f 486 558 487
f 487 558 559
f 487 559 488
f 488 559 560
f 488 560 489
f 489 560 561
f 489 561 490
f 490 561 562
f 490 562 491
f 491 562 563
f 491 563 492
f 492 563 564
f 492 564 493
f 493 564 565
f 493 565 494
f 494 565 566
f 494 566 495
f 495 566 567
f 495 567 496
f 496 567 568
f 496 568 497
f 497 568 569
f 497 569 498
f 498 569 570
f 498 570 499
f 499 570 571
f 499 571 500
f 500 571 572
f 500 572 501
f 501 572 573
f 501 573 502
f 502 573 574
f 502 574 503
f 503 574 575
f 503 575 504
f 504 575 576
f 516 588 517
f 517 588 589
f 517 589 518
f 518 589 590
f 518 590 519
f 519 590 591
f 519 591 520
f 520 591 592
f 520 592 521
f 521 592 593
f 521 593 522
f 522 593 594
f 522 594 523
f 523 594 595
f 523 595 524
f 524 595 596
f 524 596 525
f 525 596 597
f 525 597 526
f 526 597 598
f 530 602 531
f 531 602 603
f 531 603 532
f 532 603 604
f 532 604 533
f 533 604 605
f 533 605 534
f 534 605 606
f 534 606 535
f 535 606 607
f 535 607 536
f 536 607 608
f 536 608 537
f 537 608 609
f 537 609 538
f 538 609 610
f 538 610 539
f 539 610 611
f 539 611 540
f 540 611 612
f 540 612 541
f 541 612 613
f 541 613 542
f 542 613 614
f 542 614 543
f 543 614 615
f 543 615 544
f 544 615 616
f 544 616 545
f 545 616 617
f 545 617 546
f 546 617 618
f 546 618 547
f 547 618 619
f 547 619 548
f 548 619 620
f 548 620 549
f 549 620 621
f 549 621 550
f 550 621 622
f 550 622 551
f 551 622 623
f 551 623 552
f 552 623 624
f 552 624 553
f 553 624 625
f 553 625 554
f 554 625 626
f 554 626 555
f 555 626 627
f 555 627 556
f 556 627 628
f 556 628 557
f 557 628 629
f 557 629 558
f 558 629 630
f 558 630 559
f 559 630 631
f 559 631 560
f 560 631 632
f 560 632 561
f 561 632 633
f 561 633 562
f 562 633 634
f 562 634 563
f 563 634 635
f 563 635 564
f 564 635 636
f 564 636 565
f 565 636 637
f 565 637 566
f 566 637 638
f 566 638 567
f 567 638 639
f 567 639 568
f 568 639 640
f 568 640 569
f 569 640 641
f 569 641 570
f 570 641 642
f 570 642 571
f 571 642 643
f 571 643 572
f 572 643 644
f 572 644 573
f 573 644 645
f 573 645 574
f 574 645 646
f 574 646 575
f 575 646 647
f 575 647 576
f 576 647 648
f 587 659 588
f 588 659 660
f 588 660 589
f 589 660 661
f 600 672 601
f 601 672 673
f 601 673 602
f 602 673 674
f 602 674 603
f 603 674 675
f 603 675 604
f 604 675 676
f 604 676 605
f 605 676 677
f 605 677 606
f 606 677 678
f 606 678 607
f 607 678 679
f 607 679 608
f 608 679 680
f 608 680 609
f 609 680 681
f 609 681 610
f 610 681 682
f 610 682 611
f 611 682 683
f 611 683 612
f 612 683 684
f 612 684 613
f 613 684 685
f 613 685 614
f 614 685 686
f 614 686 615
f 615 686 687
f 615 687 616
f 616 687 688
f 616 688 617
f 617 688 689
f 617 689 618
f 618 689 690
f 618 690 619
f 619 690 691
f 619 691 620
f 620 691 692
f 620 692 621
f 621 692 693
f 621 693 622
f 622 693 694
f 622 694 623
f 623 694 695
f 623 695 624
f 624 695 696
f 624 696 625
f 625 696 697
f 625 697 626
f 626 697 698
f 626 698 627
f 627 698 699
f 627 699 628
f 628 699 700
f 628 700 629
f 629 700 701
f 629 701 630
f 630 701 702
f 630 702 631
f 631 702 703
f 631 703 632
f 632 703 704
f 632 704 633
f 633 704 705
f 633 705 634
f 634 705 706
f 634 706 635
f 635 706 707
f 635 707 636
f 636 707 708
f 636 708 637
f 637 708 709
f 637 709 638
f 638 709 710
f 638 710 639
f 639 710 711
f 639 711 640
f 640 711 712
f 640 712 641
f 641 712 713
f 641 713 642
f 642 713 714
f 642 714 643
f 643 714 715
f 643 715 644
f 644 715 716
f 644 716 645
f 645 716 717
f 645 717 646
f 646 717 718
f 646 718 647
f 647 718 719
f 647 719 648
f 648 719 720
f 672 744 673
f 673 744 745
f 673 745 674
f 674 745 746
f 674 746 675
f 675 746 747
f 675 747 676
f 676 747 748
f 676 748 677
f 677 748 749
f 677 749 678
f 678 749 750
f 678 750 679
f 679 750 751
f 679 751 680
f 680 751 752
f 680 752 681
f 681 752 753
f 681 753 682
f 682 753 754
f 682 754 683
f 683 754 755
f 683 755 684
f 684 755 756
f 684 756 685
f 685 756 757
f 685 757 686
f 686 757 758
f 686 758 687
f 687 758 759
f 687 759 688
f 688 759 760
f 688 760 689
f 689 760 761
f 689 761 690
f 690 761 762
f 690 762 691
f 691 762 763
f 691 763 692
f 692 763 764
f 692 764 693
f 693 764 765
f 693 765 694
f 694 765 766
f 694 766 695
f 695 766 767
f 695 767 696
f 696 767 768
f 696 768 697
f 697 768 769
f 697 769 698
f 698 769 770
f 698 770 699
f 699 770 771
f 699 771 700
f 700 771 772
f 700 772 701
f 701 772 773
f 701 773 702
f 702 773 774
f 702 774 703
f 703 774 775
f 703 775 704
f 704 775 776
f 704 776 705
f 705 776 777
f 705 777 706
f 706 777 778
f 706 778 707
f 707 778 779
f 707 779 708
f 708 779 780
f 708 780 709
f 709 780 781
f 709 781 710
f 710 781 782
f 710 782 711
f 711 782 783
f 711 783 712
f 712 783 784
f 712 784 713
f 713 784 785
f 713 785 714
f 714 785 786
f 714 786 715
f 715 786 787
f 715 787 716
f 716 787 788
f 716 788 717
f 717 788 789
f 717 789 718
f 718 789 790
f 718 790 719
f 719 790 791
f 719 791 720
f 720 791 792
f 737 809 738
f 738 809 810
f 741 813 742
f 742 813 814
f 742 814 743
f 743 814 815
f 743 815 744
f 744 815 816
f 744 816 745
f 745 816 817
f 745 817 746
f 746 817 818
f 746 818 747
f 747 818 819
f 747 819 748
f 748 819 820
f 748 820 749
f 749 820 821
f 749 821 750
f 750 821 822
f 750 822 751
f 751 822 823
f 751 823 752
f 752 823 824
f 752 824 753
f 753 824 825
f 753 825 754
f 754 825 826
f 754 826 755
f 755 826 827
f 755 827 756
f 756 827 828
f 756 828 757
f 757 828 829
f 757 829 758
f 758 829 830
f 758 830 759
f 759 830 831
f 759 831 760
f 760 831 832
f 760 832 761
f 761 832 833
f 761 833 762
f 762 833 834
f 762 834 763
f 763 834 835
f 763 835 764
f 764 835 836
f 764 836 765
f 765 836 837
f 765 837 766
f 766 837 838
f 766 838 767
f 767 838 839
f 767 839 768
f 768 839 840
f 768 840 769
f 769 840 841
f 769 841 770
f 770 841 842
f 770 842 771
f 771 842 843
f 771 843 772
f 772 843 844
f 772 844 773
f 773 844 845
f 773 845 774
f 774 845 846
f 774 846 775
f 775 846 847
f 775 847 776
f 776 847 848
f 776 848 777
f 777 848 849
f 777 849 778
f 778 849 850
f 778 850 779
f 779 850 851
f 779 851 780
f 780 851 852
f 780 852 781
f 781 852 853
f 781 853 782
f 782 853 854
f 782 854 783
f 783 854 855
f 783 855 784
f 784 855 856
f 784 856 785
f 785 856 857
f 785 857 786
f 786 857 858
f 786 858 787
f 787 858 859
f 787 859 788
f 788 859 860
f 788 860 789
f 789 860 861
f 789 861 790
f 790 861 862
f 790 862 791
f 791 862 863
f 791 863 792
f 792 863 864
f 809 881 810
f 810 881 882
f 810 882 811
f 811 882 883
f 811 883 812
f 812 883 884
f 812 884 813
f 813 884 885
f 813 885 814
f 814 885 886
f 814 886 815
f 815 886 887
f 815 887 816
f 816 887 888
f 816 888 817
f 817 888 889
f 817 889 818
f 818 889 890
f 818 890 819
f 819 890 891
f 819 891 820
f 820 891 892
f 820 892 821
f 821 892 893
f 821 893 822
f 822 893 894
f 822 894 823
f 823 894 895
f 823 895 824
f 824 895 896
f 824 896 825
f 825 896 897
f 825 897 826
f 826 897 898
f 826 898 827
f 827 898 899
f 827 899 828
f 828 899 900
f 828 900 829
f 829 900 901
f 829 901 830
f 830 901 902
f 830 902 831
f 831 902 903
f 831 903 832
f 832 903 904
f 832 904 833
f 833 904 905
f 833 905 834
f 834 905 906
f 834 906 835
f 835 906 907
f 835 907 836
f 836 907 908
f 836 908 837
f 837 908 909
f 837 909 838
f 838 909 910
f 838 910 839
f 839 910 911
f 839 911 840
f 840 911 912
f 840 912 841
f 841 912 913
f 841 913 842
f 842 913 914
f 842 914 843
f 843 914 915
f 843 915 844
f 844 915 916
f 844 916 845
f 845 916 917
f 845 917 846
f 846 917 918
f 846 918 847
f 847 918 919
f 847 919 848
f 848 919 920
f 848 920 849
f 849 920 921
f 849 921 850
f 850 921 922
f 850 922 851
f 851 922 923
f 851 923 852
f 852 923 924
f 852 924 853
f 853 924 925
f 853 925 854
f 854 925 926
f 854 926 855
f 855 926 927
f 855 927 856
f 856 927 928
f 856 928 857
f 857 928 929
f 857 929 858
f 858 929 930
f 858 930 859
f 859 930 931
f 859 931 860
f 860 931 932
f 860 932 861
f 861 932 933
f 861 933 862
f 862 933 934
f 862 934 863
f 863 934 935
f 863 935 864
f 864 935 936
f 876 948 877
f 877 948 949
f 877 949 878
f 878 949 950
f 878 950 879
f 879 950 951
f 879 951 880
f 880 951 952
f 880 952 881
f 881 952 953
f 881 953 882
f 882 953 954
f 882 954 883
f 883 954 955
f 883 955 884
f 884 955 956
f 884 956 885
f 885 956 957
f 885 957 886
f 886 957 958
f 886 958 887
f 887 958 959
f 887 959 888
f 888 959 960
f 888 960 889
f 889 960 961
f 889 961 890
f 890 961 962
f 890 962 891
f 891 962 963
f 891 963 892
f 892 963 964
f 892 964 893
f 893 964 965
f 893 965 894
f 894 965 966
f 894 966 895
f 895 966 967
f 895 967 896
f 896 967 968
f 896 968 897
f 897 968 969
f 897 969 898
f 898 969 970
f 898 970 899
f 899 970 971
f 899 971 900
f 900 971 972
f 900 972 901
f 901 972 973
f 901 973 902
f 902 973 974
f 902 974 903
f 903 974 975
f 903 975 904
f 904 975 976
f 904 976 905
f 905 976 977
f 905 977 906
f 906 977 978
f 906 978 907
f 907 978 979
f 907 979 908
f 908 979 980
f 908 980 909
f 909 980 981
f 909 981 910
f 910 981 982
f 910 982 911
f 911 982 983
f 911 983 912
f 912 983 984
f 912 984 913
f 913 984 985
f 913 985 914
f 914 985 986
f 914 986 915
f 915 986 987
f 915 987 916
f 916 987 988
f 916 988 917
f 917 988 989
f 917 989 918
f 918 989 990
f 918 990 919
f 919 990 991
f 919 991 920
f 920 991 992
f 920 992 921
f 921 992 993
f 921 993 922
f 922 993 994
f 922 994 923
f 923 994 995
f 923 995 924
f 924 995 996
f 924 996 925
f 925 996 997
f 925 997 926
f 926 997 998
f 926 998 927
f 927 998 999
f 927 999 928
f 928 999 1000
f 928 1000 929
f 929 1000 1001
f 929 1001 930
f 930 1001 1002
f 930 1002 931
f 931 1002 1003
f 931 1003 932
f 932 1003 1004
f 932 1004 933
f 933 1004 1005
f 933 1005 934
f 934 1005 1006
f 934 1006 935
f 935 1006 1007
f 935 1007 936
f 936 1007 1008
f 948 1020 949
f 949 1020 1021
f 949 1021 950
f 950 1021 1022
f 950 1022 951
f 951 1022 1023
f 951 1023 952
f 952 1023 1024
f 952 1024 953
f 953 1024 1025
f 953 1025 954
f 954 1025 1026
f 954 1026 955
f 955 1026 1027
f 955 1027 956
f 956 1027 1028
f 956 1028 957
f 957 1028 1029
f 957 1029 958
f 958 1029 1030
f 958 1030 959
f 959 1030 1031
f 959 1031 960
f 960 1031 1032
f 960 1032 961
f 961 1032 1033
f 961 1033 962
f 962 1033 1034
f 962 1034 963
f 963 1034 1035
f 963 1035 964
f 964 1035 1036
f 964 1036 965
f 965 1036 1037
f 965 1037 966
f 966 1037 1038
f 966 1038 967
f 967 1038 1039
f 967 1039 968
f 968 1039 1040
f 968 1040 969
f 969 1040 1041
f 969 1041 970
f 970 1041 1042
f 970 1042 971
f 971 1042 1043
f 971 1043 972
f 972 1043 1044
f 972 1044 973
f 973 1044 1045
f 973 1045 974
f 974 1045 1046
f 974 1046 975
f 975 1046 1047
f 975 1047 976
f 976 1047 1048
f 976 1048 977
f 977 1048 1049
f 977 1049 978
f 978 1049 1050
f 978 1050 979
f 979 1050 1051
f 979 1051 980
f 980 1051 1052
f 980 1052 981
f 981 1052 1053
f 981 1053 982
f 982 1053 1054
f 982 1054 983
f 983 1054 1055
f 983 1055 984
f 984 1055 1056
f 984 1056 985
f 985 1056 1057
f 985 1057 986
f 986 1057 1058
f 986 1058 987
f 987 1058 1059
f 987 1059 988
f 988 1059 1060
f 988 1060 989
f 989 1060 1061
f 989 1061 990
f 990 1061 1062
f 990 1062 991
f 991 1062 1063
f 991 1063 992
f 992 1063 1064
f 992 1064 993
f 993 1064 1065
f 993 1065 994
f 994 1065 1066
f 994 1066 995
f 995 1066 1067
f 995 1067 996
f 996 1067 1068
f 996 1068 997
f 997 1068 1069
f 997 1069 998
f 998 1069 1070
f 998 1070 999
f 999 1070 1071
f 999 1071 1000
f 1000 1071 1072
f 1000 1072 1001
f 1001 1072 1073
f 1001 1073 1002
f 1002 1073 1074
f 1002 1074 1003
f 1003 1074 1075
f 1003 1075 1004
f 1004 1075 1076
f 1004 1076 1005
f 1005 1076 1077
f 1005 1077 1006
f 1006 1077 1078
f 1006 1078 1007
f 1007 1078 1079
f 1007 1079 1008
f 1008 1079 1080
f 1024 1096 1025
f 1025 1096 1097
f 1025 1097 1026
f 1026 1097 1098
f 1026 1098 1027
f 1027 1098 1099
f 1027 1099 1028
f 1028 1099 1100
f 1028 1100 1029
f 1029 1100 1101
f 1029 1101 1030
f 1030 1101 1102
f 1030 1102 1031
f 1031 1102 1103
f 1031 1103 1032
f 1032 1103 1104
f 1032 1104 1033
f 1033 1104 1105
f 1033 1105 1034
f 1034 1105 1106
f 1034 1106 1035
f 1035 1106 1107
f 1035 1107 1036
f 1036 1107 1108
f 1036 1108 1037
f 1037 1108 1109
f 1037 1109 1038
f 1038 1109 1110
f 1038 1110 1039
f 1039 1110 1111
f 1039 1111 1040
f 1040 1111 1112
f 1040 1112 1041
f 1041 1112 1113
f 1041 1113 1042
f 1042 1113 1114
f 1042 1114 1043
f 1043 1114 1115
f 1043 1115 1044
f 1044 1115 1116
f 1044 1116 1045
f 1045 1116 1117
f 1045 1117 1046
f 1046 1117 1118
f 1046 1118 1047
f 1047 1118 1119
f 1047 1119 1048
f 1048 1119 1120
f 1048 1120 1049
f 1049 1120 1121
f 1049 1121 1050
f 1050 1121 1122
f 1050 1122 1051
f 1051 1122 1123
f 1051 1123 1052
f 1052 1123 1124
f 1052 1124 1053
f 1053 1124 1125
f 1053 1125 1054
f 1054 1125 1126
f 1054 1126 1055
f 1055 1126 1127
f 1055 1127 1056
f 1056 1127 1128
f 1056 1128 1057
f 1057 1128 1129
f 1057 1129 1058
f 1058 1129 1130
f 1058 1130 1059
f 1059 1130 1131
f 1059 1131 1060
f 1060 1131 1132
f 1060 1132 1061
f 1061 1132 1133
f 1061 1133 1062
f 1062 1133 1134
f 1062 1134 1063
f 1063 1134 1135
f 1063 1135 1064
f 1064 1135 1136
f 1064 1136 1065
f 1065 1136 1137
f 1065 1137 1066
f 1066 1137 1138
f 1066 1138 1067
f 1067 1138 1139
f 1067 1139 1068
f 1068 1139 1140
f 1068 1140 1069
f 1069 1140 1141
f 1069 1141 1070
f 1070 1141 1142
f 1070 1142 1071
f 1071 1142 1143
f 1071 1143 1072
f 1072 1143 1144
f 1072 1144 1073
f 1073 1144 1145
f 1073 1145 1074
f 1074 1145 1146
f 1074 1146 1075
f 1075 1146 1147
f 1075 1147 1076
f 1076 1147 1148
f 1076 1148 1077
f 1077 1148 1149
f 1077 1149 1078
f 1078 1149 1150
f 1078 1150 1079
f 1079 1150 1151
f 1079 1151 1080
f 1080 1151 1152
f 1097 1169 1098
f 1098 1169 1170
f 1098 1170 1099
f 1099 1170 1171
f 1099 1171 1100
f 1100 1171 1172
f 1100 1172 1101
f 1101 1172 1173
f 1101 1173 1102
f 1102 1173 1174
f 1102 1174 1103
f 1103 1174 1175
f 1103 1175 1104
f 1104 1175 1176
f 1104 1176 1105
f 1105 1176 1177
f 1105 1177 1106
f 1106 1177 1178
f 1106 1178 1107
f 1107 1178 1179
f 1107 1179 1108
f 1108 1179 1180
f 1108 1180 1109
f 1109 1180 1181
f 1109 1181 1110
f 1110 1181 1182
f 1110 1182 1111
f 1111 1182 1183
f 1111 1183 1112
f 1112 1183 1184
f 1112 1184 1113
f 1113 1184 1185
f 1113 1185 1114
f 1114 1185 1186
f 1114 1186 1115
f 1115 1186 1187
f 1115 1187 1116
f 1116 1187 1188
f 1116 1188 1117
f 1117 1188 1189
f 1117 1189 1118
f 1118 1189 1190
f 1118 1190 1119
f 1119 1190 1191
f 1119 1191 1120
f 1120 1191 1192
f 1120 1192 1121
f 1121 1192 1193
f 1121 1193 1122
f 1122 1193 1194
f 1122 1194 1123
f 1123 1194 1195
f 1123 1195 1124
f 1124 1195 1196
f 1124 1196 1125
f 1125 1196 1197
f 1125 1197 1126
f 1126 1197 1198
f 1126 1198 1127
f 1127 1198 1199
f 1127 1199 1128
f 1128 1199 1200
f 1128 1200 1129
f 1129 1200 1201
f 1129 1201 1130
f 1130 1201 1202
f 1130 1202 1131
f 1131 1202 1203
f 1131 1203 1132
f 1132 1203 1204
f 1132 1204 1133
f 1133 1204 1205
f 1133 1205 1134
f 1134 1205 1206
f 1134 1206 1135
f 1135 1206 1207
f 1135 1207 1136
f 1136 1207 1208
f 1136 1208 1137
f 1137 1208 1209
f 1137 1209 1138
f 1138 1209 1210
f 1138 1210 1139
f 1139 1210 1211
f 1139 1211 1140
f 1140 1211 1212
f 1140 1212 1141
f 1141 1212 1213
f 1141 1213 1142
f 1142 1213 1214
f 1142 1214 1143
f 1143 1214 1215
f 1143 1215 1144
f 1144 1215 1216
f 1144 1216 1145
f 1145 1216 1217
f 1145 1217 1146
f 1146 1217 1218
f 1146 1218 1147
f 1147 1218 1219
f 1147 1219 1148
f 1148 1219 1220
f 1148 1220 1149
f 1149 1220 1221
f 1149 1221 1150
f 1150 1221 1222
f 1150 1222 1151
f 1151 1222 1223
f 1151 1223 1152
f 1152 1223 1224
f 1170 1242 1171
f 1171 1242 1243
f 1171 1243 1172
f 1172 1243 1244
f 1172 1244 1173
f 1173 1244 1245
f 1173 1245 1174
f 1174 1245 1246
f 1174 1246 1175
f 1175 1246 1247
f 1175 1247 1176
f 1176 1247 1248
f 1176 1248 1177
f 1177 1248 1249
f 1177 1249 1178
f 1178 1249 1250
f 1178 1250 1179
f 1179 1250 1251
f 1179 1251 1180
f 1180 1251 1252
f 1180 1252 1181
f 1181 1252 1253
f 1181 1253 1182
f 1182 1253 1254
f 1182 1254 1183
f 1183 1254 1255
f 1183 1255 1184
f 1184 1255 1256
f 1184 1256 1185
f 1185 1256 1257
f 1185 1257 1186
f 1186 1257 1258
f 1186 1258 1187
f 1187 1258 1259
f 1187 1259 1188
f 1188 1259 1260
f 1188 1260 1189
f 1189 1260 1261
f 1189 1261 1190
f 1190 1261 1262
f 1190 1262 1191
f 1191 1262 1263
f 1191 1263 1192
f 1192 1263 1264
f 1192 1264 1193
f 1193 1264 1265
f 1193 1265 1194
f 1194 1265 1266
f 1194 1266 1195
f 1195 1266 1267
f 1195 1267 1196
f 1196 1267 1268
f 1196 1268 1197
f 1197 1268 1269
f 1197 1269 1198
f 1198 1269 1270
f 1198 1270 1199
f 1199 1270 1271
f 1199 1271 1200
f 1200 1271 1272
f 1200 1272 1201
f 1201 1272 1273
f 1201 1273 1202
f 1202 1273 1274
f 1202 1274 1203
f 1203 1274 1275
f 1203 1275 1204
f 1204 1275 1276
f 1204 1276 1205
f 1205 1276 1277
f 1205 1277 1206
f 1206 1277 1278
f 1206 1278 1207
f 1207 1278 1279
f 1207 1279 1208
f 1208 1279 1280
f 1208 1280 1209
f 1209 1280 1281
f 1209 1281 1210
f 1210 1281 1282
f 1210 1282 1211
f 1211 1282 1283
f 1211 1283 1212
f 1212 1283 1284
f 1212 1284 1213
f 1213 1284 1285
f 1213 1285 1214
f 1214 1285 1286
f 1214 1286 1215
f 1215 1286 1287
f 1215 1287 1216
f 1216 1287 1288
f 1216 1288 1217
f 1217 1288 1289
f 1217 1289 1218
f 1218 1289 1290
f 1218 1290 1219
f 1219 1290 1291
f 1219 1291 1220
f 1220 1291 1292
f 1220 1292 1221
f 1221 1292 1293
f 1221 1293 1222
f 1222 1293 1294
f 1222 1294 1223
f 1223 1294 1295
f 1223 1295 1224
f 1224 1295 1296
f 1242 1314 1243
f 1243 1314 1315
f 1243 1315 1244
f 1244 1315 1316
f 1244 1316 1245
f 1245 1316 1317
f 1245 1317 1246
f 1246 1317 1318
f 1246 1318 1247
f 1247 1318 1319
f 1247 1319 1248
f 1248 1319 1320
f 1248 1320 1249
f 1249 1320 1321
f 1249 1321 1250
f 1250 1321 1322
f 1250 1322 1251
f 1251 1322 1323
f 1251 1323 1252
f 1252 1323 1324
f 1252 1324 1253
f 1253 1324 1325
f 1253 1325 1254
f 1254 1325 1326
f 1254 1326 1255
f 1255 1326 1327
f 1255 1327 1256
f 1256 1327 1328
f 1256 1328 1257
f 1257 1328 1329
f 1257 1329 1258
f 1258 1329 1330
f 1258 1330 1259
f 1259 1330 1331
f 1259 1331 1260
f 1260 1331 1332
f 1260 1332 1261
f 1261 1332 1333
f 1261 1333 1262
f 1262 1333 1334
f 1262 1334 1263
f 1263 1334 1335
f 1263 1335 1264
f 1264 1335 1336
f 1264 1336 1265
f 1265 1336 1337
f 1265 1337 1266
f 1266 1337 1338
f 1266 1338 1267
f 1267 1338 1339
f 1267 1339 1268
f 1268 1339 1340
f 1268 1340 1269
f 1269 1340 1341
f 1269 1341 1270
f 1270 1341 1342
f 1270 1342 1271
f 1271 1342 1343
f 1271 1343 1272
f 1272 1343 1344
f 1272 1344 1273
f 1273 1344 1345
f 1273 1345 1274
f 1274 1345 1346
f 1274 1346 1275
f 1275 1346 1347
f 1275 1347 1276
f 1276 1347 1348
f 1276 1348 1277
f 1277 1348 1349
f 1277 1349 1278
f 1278 1349 1350
f 1278 1350 1279
f 1279 1350 1351
f 1279 1351 1280
f 1280 1351 1352
f 1280 1352 1281
f 1281 1352 1353
f 1281 1353 1282
f 1282 1353 1354
f 1282 1354 1283
f 1283 1354 1355
f 1283 1355 1284
f 1284 1355 1356
f 1284 1356 1285
f 1285 1356 1357
f 1285 1357 1286
f 1286 1357 1358
f 1286 1358 1287
f 1287 1358 1359
f 1287 1359 1288
f 1288 1359 1360
f 1288 1360 1289
f 1289 1360 1361
f 1289 1361 1290
f 1290 1361 1362
f 1290 1362 1291
f 1291 1362 1363
f 1291 1363 1292
f 1292 1363 1364
f 1292 1364 1293
f 1293 1364 1365
f 1293 1365 1294
f 1294 1365 1366
f 1294 1366 1295
f 1295 1366 1367
f 1295 1367 1296
f 1296 1367 1368
f 1314 1386 1315
f 1315 1386 1387
f 1315 1387 1316
f 1316 1387 1388
f 1316 1388 1317
f 1317 1388 1389
f 1317 1389 1318
f 1318 1389 1390
f 1318 1390 1319
f 1319 1390 1391
f 1319 1391 1320
f 1320 1391 1392
f 1320 1392 1321
f 1321 1392 1393
f 1321 1393 1322
f 1322 1393 1394
f 1322 1394 1323
f 1323 1394 1395
f 1323 1395 1324
f 1324 1395 1396
f 1324 1396 1325
f 1325 1396 1397
f 1325 1397 1326
f 1326 1397 1398
f 1326 1398 1327
f 1327 1398 1399
f 1327 1399 1328
f 1328 1399 1400
f 1328 1400 1329
f 1329 1400 1401
f 1329 1401 1330
f 1330 1401 1402
f 1330 1402 1331
f 1331 1402 1403
f 1331 1403 1332
f 1332 1403 1404
f 1332 1404 1333
f 1333 1404 1405
f 1333 1405 1334
f 1334 1405 1406
f 1334 1406 1335
f 1335 1406 1407
f 1335 1407 1336
f 1336 1407 1408
f 1336 1408 1337
f 1337 1408 1409
f 1337 1409 1338
f 1338 1409 1410
f 1338 1410 1339
f 1339 1410 1411
f 1339 1411 1340
f 1340 1411 1412
f 1340 1412 1341
f 1341 1412 1413
f 1344 1416 1345
f 1345 1416 1417
f 1345 1417 1346
f 1346 1417 1418
f 1346 1418 1347
f 1347 1418 1419
f 1347 1419 1348
f 1348 1419 1420
f 1348 1420 1349
f 1349 1420 1421
f 1349 1421 1350
f 1350 1421 1422
f 1350 1422 1351
f 1351 1422 1423
f 1351 1423 1352
f 1352 1423 1424
f 1352 1424 1353
f 1353 1424 1425
f 1353 1425 1354
f 1354 1425 1426
f 1354 1426 1355
f 1355 1426 1427
f 1355 1427 1356
f 1356 1427 1428
f 1356 1428 1357
f 1357 1428 1429
f 1357 1429 1358
f 1358 1429 1430
f 1358 1430 1359
f 1359 1430 1431
f 1359 1431 1360
f 1360 1431 1432
f 1360 1432 1361
f 1361 1432 1433
f 1361 1433 1362
f 1362 1433 1434
f 1362 1434 1363
f 1363 1434 1435
f 1363 1435 1364
f 1364 1435 1436
f 1364 1436 1365
f 1365 1436 1437
f 1365 1437 1366
f 1366 1437 1438
f 1366 1438 1367
f 1367 1438 1439
f 1367 1439 1368
f 1368 1439 1440
f 1386 1458 1387
f 1387 1458 1459
f 1387 1459 1388
f 1388 1459 1460
f 1388 1460 1389
f 1389 1460 1461
f 1389 1461 1390
f 1390 1461 1462
f 1390 1462 1391
f 1391 1462 1463
f 1391 1463 1392
f 1392 1463 1464
f 1392 1464 1393
f 1393 1464 1465
f 1393 1465 1394
f 1394 1465 1466
f 1394 1466 1395
f 1395 1466 1467
f 1395 1467 1396
f 1396 1467 1468
f 1396 1468 1397
f 1397 1468 1469
f 1397 1469 1398
f 1398 1469 1470
f 1398 1470 1399
f 1399 1470 1471
f 1399 1471 1400
f 1400 1471 1472
f 1400 1472 1401
f 1401 1472 1473
f 1401 1473 1402
f 1402 1473 1474
f 1402 1474 1403
f 1403 1474 1475
f 1403 1475 1404
f 1404 1475 1476
f 1404 1476 1405
f 1405 1476 1477
f 1405 1477 1406
f 1406 1477 1478
f 1406 1478 1407
f 1407 1478 1479
f 1407 1479 1408
f 1408 1479 1480
f 1408 1480 1409
f 1409 1480 1481
f 1409 1481 1410
f 1410 1481 1482
f 1410 1482 1411
f 1411 1482 1483
f 1411 1483 1412
f 1412 1483 1484
f 1412 1484 1413
f 1413 1484 1485
f 1419 1491 1420
f 1420 1491 1492
f 1420 1492 1421
f 1421 1492 1493
f 1421 1493 1422
f 1422 1493 1494
f 1422 1494 1423
f 1423 1494 1495
f 1423 1495 1424
f 1424 1495 1496
f 1424 1496 1425
f 1425 1496 1497
f 1425 1497 1426
f 1426 1497 1498
f 1426 1498 1427
f 1427 1498 1499
f 1427 1499 1428
f 1428 1499 1500
f 1428 1500 1429
f 1429 1500 1501
f 1429 1501 1430
f 1430 1501 1502
f 1430 1502 1431
f 1431 1502 1503
f 1431 1503 1432
f 1432 1503 1504
f 1432 1504 1433
f 1433 1504 1505
f 1433 1505 1434
f 1434 1505 1506
f 1434 1506 1435
f 1435 1506 1507
f 1435 1507 1436
f 1436 1507 1508
f 1436 1508 1437
f 1437 1508 1509
f 1437 1509 1438
f 1438 1509 1510
f 1438 1510 1439
f 1439 1510 1511
f 1439 1511 1440
f 1440 1511 1512
f 1458 1530 1459
f 1459 1530 1531
f 1459 1531 1460
f 1460 1531 1532
f 1460 1532 1461
f 1461 1532 1533
f 1461 1533 1462
f 1462 1533 1534
f 1462 1534 1463
f 1463 1534 1535
f 1463 1535 1464
f 1464 1535 1536
f 1464 1536 1465
f 1465 1536 1537
f 1465 1537 1466
f 1466 1537 1538
f 1466 1538 1467
f 1467 1538 1539
f 1467 1539 1468
f 1468 1539 1540
f 1468 1540 1469
f 1469 1540 1541
f 1469 1541 1470
f 1470 1541 1542
f 1470 1542 1471
f 1471 1542 1543
f 1471 1543 1472
f 1472 1543 1544
f 1472 1544 1473
f 1473 1544 1545
f 1473 1545 1474
f 1474 1545 1546
f 1474 1546 1475
f 1475 1546 1547
f 1475 1547 1476
f 1476 1547 1548
f 1476 1548 1477
f 1477 1548 1549
f 1479 1551 1480
f 1480 1551 1552
f 1480 1552 1481
f 1481 1552 1553
f 1481 1553 1482
f 1482 1553 1554
f 1482 1554 1483
f 1483 1554 1555
f 1483 1555 1484
f 1484 1555 1556
f 1484 1556 1485
f 1485 1556 1557
f 1491 1563 1492
f 1492 1563 1564
f 1492 1564 1493
f 1493 1564 1565
f 1493 1565 1494
f 1494 1565 1566
f 1494 1566 1495
f 1495 1566 1567
f 1495 1567 1496
f 1496 1567 1568
f 1496 1568 1497
f 1497 1568 1569
f 1497 1569 1498
f 1498 1569 1570
f 1498 1570 1499
f 1499 1570 1571
f 1499 1571 1500
f 1500 1571 1572
f 1500 1572 1501
f 1501 1572 1573
f 1501 1573 1502
f 1502 1573 1574
f 1502 1574 1503
f 1503 1574 1575
f 1503 1575 1504
f 1504 1575 1576
f 1504 1576 1505
f 1505 1576 1577
f 1505 1577 1506
f 1506 1577 1578
f 1506 1578 1507
f 1507 1578 1579
f 1507 1579 1508
f 1508 1579 1580
f 1508 1580 1509
f 1509 1580 1581
f 1509 1581 1510
f 1510 1581 1582
f 1510 1582 1511
f 1511 1582 1583
f 1511 1583 1512
f 1512 1583 1584
f 1530 1602 1531
f 1531 1602 1603
f 1531 1603 1532
f 1532 1603 1604
f 1532 1604 1533
f 1533 1604 1605
f 1533 1605 1534
f 1534 1605 1606
f 1534 1606 1535
f 1535 1606 1607
f 1535 1607 1536
f 1536 1607 1608
f 1536 1608 1537
f 1537 1608 1609
f 1537 1609 1538
f 1538 1609 1610
f 1538 1610 1539
f 1539 1610 1611
f 1539 1611 1540
f 1540 1611 1612
f 1540 1612 1541
f 1541 1612 1613
f 1541 1613 1542
f 1542 1613 1614
f 1542 1614 1543
f 1543 1614 1615
f 1543 1615 1544
f 1544 1615 1616
f 1544 1616 1545
f 1545 1616 1617
f 1545 1617 1546
f 1546 1617 1618
f 1546 1618 1547
f 1547 1618 1619
f 1547 1619 1548
f 1548 1619 1620
f 1553 1625 1554
f 1554 1625 1626
f 1554 1626 1555
f 1555 1626 1627
f 1555 1627 1556
f 1556 1627 1628
f 1556 1628 1557
f 1557 1628 1629
f 1564 1636 1565
f 1565 1636 1637
f 1565 1637 1566
f 1566 1637 1638
f 1566 1638 1567
f 1567 1638 1639
f 1567 1639 1568
f 1568 1639 1640
f 1568 1640 1569
f 1569 1640 1641
f 1569 1641 1570
f 1570 1641 1642
f 1570 1642 1571
f 1571 1642 1643
f 1571 1643 1572
f 1572 1643 1644
f 1572 1644 1573
f 1573 1644 1645
f 1573 1645 1574
f 1574 1645 1646
f 1574 1646 1575
f 1575 1646 1647
f 1575 1647 1576
f 1576 1647 1648
f 1576 1648 1577
f 1577 1648 1649
f 1577 1649 1578
f 1578 1649 1650
f 1578 1650 1579
f 1579 1650 1651
f 1579 1651 1580
f 1580 1651 1652
f 1580 1652 1581
f 1581 1652 1653
f 1581 1653 1582
f 1582 1653 1654
f 1582 1654 1583
f 1583 1654 1655
f 1583 1655 1584
f 1584 1655 1656
f 1588 1660 1589
f 1589 1660 1661
f 1589 1661 1590
f 1590 1661 1662
f 1602 1674 1603
f 1603 1674 1675
f 1603 1675 1604
f 1604 1675 1676
f 1604 1676 1605
f 1605 1676 1677
f 1605 1677 1606
f 1606 1677 1678
f 1606 1678 1607
f 1607 1678 1679
f 1607 1679 1608
f 1608 1679 1680
f 1608 1680 1609
f 1609 1680 1681
f 1609 1681 1610
f 1610 1681 1682
f 1610 1682 1611
f 1611 1682 1683
f 1614 1686 1615
f 1615 1686 1687
f 1615 1687 1616
f 1616 1687 1688
f 1616 1688 1617
f 1617 1688 1689
f 1617 1689 1618
f 1618 1689 1690
f 1626 1698 1627
f 1627 1698 1699
f 1627 1699 1628
f 1628 1699 1700
f 1628 1700 1629
f 1629 1700 1701
f 1629 1701 1630
f 1630 1701 1702
f 1630 1702 1631
f 1631 1702 1703
f 1638 1710 1639
f 1639 1710 1711
f 1639 1711 1640
f 1640 1711 1712
f 1640 1712 1641
f 1641 1712 1713
f 1641 1713 1642
f 1642 1713 1714
f 1642 1714 1643
f 1643 1714 1715
f 1643 1715 1644
f 1644 1715 1716
f 1644 1716 1645
f 1645 1716 1717
f 1645 1717 1646
f 1646 1717 1718
f 1646 1718 1647
f 1647 1718 1719
f 1647 1719 1648
f 1648 1719 1720
f 1648 1720 1649
f 1649 1720 1721
f 1649 1721 1650
f 1650 1721 1722
f 1650 1722 1651
f 1651 1722 1723
f 1651 1723 1652
f 1652 1723 1724
f 1652 1724 1653
f 1653 1724 1725
f 1653 1725 1654
f 1654 1725 1726
f 1654 1726 1655
f 1655 1726 1727
f 1655 1727 1656
f 1656 1727 1728
f 1658 1730 1659
f 1659 1730 1731
f 1659 1731 1660
f 1660 1731 1732
f 1660 1732 1661
f 1661 1732 1733
f 1661 1733 1662
f 1662 1733 1734
f 1662 1734 1663
f 1663 1734 1735
f 1663 1735 1664
f 1664 1735 1736
f 1664 1736 1665
f 1665 1736 1737
f 1665 1737 1666
f 1666 1737 1738
f 1666 1738 1667
f 1667 1738 1739
f 1667 1739 1668
f 1668 1739 1740
f 1668 1740 1669
f 1669 1740 1741
f 1669 1741 1670
f 1670 1741 1742
f 1670 1742 1671
f 1671 1742 1743
f 1671 1743 1672
f 1672 1743 1744
f 1672 1744 1673
f 1673 1744 1745
f 1673 1745 1674
f 1674 1745 1746
f 1674 1746 1675
f 1675 1746 1747
f 1675 1747 1676
f 1676 1747 1748
f 1676 1748 1677
f 1677 1748 1749
f 1677 1749 1678
f 1678 1749 1750
f 1678 1750 1679
f 1679 1750 1751
f 1679 1751 1680
f 1680 1751 1752
f 1680 1752 1681
f 1681 1752 1753
f 1681 1753 1682
f 1682 1753 1754
f 1698 1770 1699
f 1699 1770 1771
f 1699 1771 1700
f 1700 1771 1772
f 1700 1772 1701
f 1701 1772 1773
f 1701 1773 1702
f 1702 1773 1774
f 1702 1774 1703
f 1703 1774 1775
f 1703 1775 1704
f 1704 1775 1776
f 1712 1784 1713
f 1713 1784 1785
f 1713 1785 1714
f 1714 1785 1786
f 1714 1786 1715
f 1715 1786 1787
f 1715 1787 1716
f 1716 1787 1788
f 1716 1788 1717
f 1717 1788 1789
f 1717 1789 1718
f 1718 1789 1790
f 1718 1790 1719
f 1719 1790 1791
f 1719 1791 1720
f 1720 1791 1792
f 1720 1792 1721
f 1721 1792 1793
f 1721 1793 1722
f 1722 1793 1794
f 1722 1794 1723
f 1723 1794 1795
f 1723 1795 1724
f 1724 1795 1796
f 1724 1796 1725
f 1725 1796 1797
f 1725 1797 1726
f 1726 1797 1798
f 1726 1798 1727
f 1727 1798 1799
f 1727 1799 1728
f 1728 1799 1800
f 1731 1803 1732
f 1732 1803 1804
f 1732 1804 1733
f 1733 1804 1805
f 1733 1805 1734
f 1734 1805 1806
f 1734 1806 1735
f 1735 1806 1807
f 1735 1807 1736
f 1736 1807 1808
f 1736 1808 1737
f 1737 1808 1809
f 1737 1809 1738
f 1738 1809 1810
f 1738 1810 1739
f 1739 1810 1811
f 1739 1811 1740
f 1740 1811 1812
f 1740 1812 1741
f 1741 1812 1813
f 1741 1813 1742
f 1742 1813 1814
f 1742 1814 1743
f 1743 1814 1815
f 1743 1815 1744
f 1744 1815 1816
f 1744 1816 1745
f 1745 1816 1817
f 1745 1817 1746
f 1746 1817 1818
f 1746 1818 1747
f 1747 1818 1819
f 1747 1819 1748
f 1748 1819 1820
f 1748 1820 1749
f 1749 1820 1821
f 1749 1821 1750
f 1750 1821 1822
f 1750 1822 1751
f 1751 1822 1823
f 1751 1823 1752
f 1752 1823 1824
f 1752 1824 1753
f 1753 1824 1825
f 1753 1825 1754
f 1754 1825 1826
f 1772 1844 1773
f 1773 1844 1845
f 1773 1845 1774
f 1774 1845 1846
f 1774 1846 1775
f 1775 1846 1847
f 1775 1847 1776
f 1776 1847 1848
f 1786 1858 1787
f 1787 1858 1859
f 1787 1859 1788
f 1788 1859 1860
f 1788 1860 1789
f 1789 1860 1861
f 1789 1861 1790
f 1790 1861 1862
f 1790 1862 1791
f 1791 1862 1863
f 1791 1863 1792
f 1792 1863 1864
f 1792 1864 1793
f 1793 1864 1865
f 1793 1865 1794
f 1794 1865 1866
f 1794 1866 1795
f 1795 1866 1867
f 1795 1867 1796
f 1796 1867 1868
f 1796 1868 1797
f 1797 1868 1869
f 1797 1869 1798
f 1798 1869 1870
f 1798 1870 1799
f 1799 1870 1871
f 1799 1871 1800
f 1800 1871 1872
f 1803 1875 1804
f 1804 1875 1876
f 1804 1876 1805
f 1805 1876 1877
f 1805 1877 1806
f 1806 1877 1878
f 1806 1878 1807
f 1807 1878 1879
f 1807 1879 1808
f 1808 1879 1880
f 1808 1880 1809
f 1809 1880 1881
f 1809 1881 1810
f 1810 1881 1882
f 1810 1882 1811
f 1811 1882 1883
f 1811 1883 1812
f 1812 1883 1884
f 1812 1884 1813
f 1813 1884 1885
f 1813 1885 1814
f 1814 1885 1886
f 1814 1886 1815
f 1815 1886 1887
f 1815 1887 1816
f 1816 1887 1888
f 1816 1888 1817
f 1817 1888 1889
f 1817 1889 1818
f 1818 1889 1890
f 1818 1890 1819
f 1819 1890 1891
f 1819 1891 1820
f 1820 1891 1892
f 1820 1892 1821
f 1821 1892 1893
f 1821 1893 1822
f 1822 1893 1894
f 1822 1894 1823
f 1823 1894 1895
f 1823 1895 1824
f 1824 1895 1896
f 1824 1896 1825
f 1825 1896 1897
f 1825 1897 1826
f 1826 1897 1898
f 1826 1898 1827
f 1827 1898 1899
f 1838 1910 1839
f 1839 1910 1911
f 1845 1917 1846
f 1846 1917 1918
f 1846 1918 1847
f 1847 1918 1919
f 1847 1919 1848
f 1848 1919 1920
f 1848 1920 1849
f 1849 1920 1921
f 1849 1921 1850
f 1850 1921 1922
f 1859 1931 1860
f 1860 1931 1932
f 1860 1932 1861
f 1861 1932 1933
f 1861 1933 1862
f 1862 1933 1934
f 1862 1934 1863
f 1863 1934 1935
f 1863 1935 1864
f 1864 1935 1936
f 1864 1936 1865
f 1865 1936 1937
f 1865 1937 1866
f 1866 1937 1938
f 1866 1938 1867
f 1867 1938 1939
f 1867 1939 1868
f 1868 1939 1940
f 1868 1940 1869
f 1869 1940 1941
f 1869 1941 1870
f 1870 1941 1942
f 1870 1942 1871
f 1871 1942 1943
f 1871 1943 1872
f 1872 1943 1944
f 1875 1947 1876
f 1876 1947 1948
f 1876 1948 1877
f 1877 1948 1949
f 1877 1949 1878
f 1878 1949 1950
f 1878 1950 1879
f 1879 1950 1951
f 1879 1951 1880
f 1880 1951 1952
f 1880 1952 1881
f 1881 1952 1953
f 1881 1953 1882
f 1882 1953 1954
f 1882 1954 1883
f 1883 1954 1955
f 1883 1955 1884
f 1884 1955 1956
f 1884 1956 1885
f 1885 1956 1957
f 1885 1957 1886
f 1886 1957 1958
f 1886 1958 1887
f 1887 1958 1959
f 1887 1959 1888
f 1888 1959 1960
f 1888 1960 1889
f 1889 1960 1961
f 1889 1961 1890
f 1890 1961 1962
f 1890 1962 1891
f 1891 1962 1963
f 1891 1963 1892
f 1892 1963 1964
f 1892 1964 1893
f 1893 1964 1965
f 1893 1965 1894
f 1894 1965 1966
f 1894 1966 1895
f 1895 1966 1967
f 1895 1967 1896
f 1896 1967 1968
f 1896 1968 1897
f 1897 1968 1969
f 1919 1991 1920
f 1920 1991 1992
f 1920 1992 1921
f 1921 1992 1993
f 1921 1993 1922
f 1922 1993 1994
f 1922 1994 1923
f 1923 1994 1995
f 1923 1995 1924
f 1924 1995 1996
f 1932 2004 1933
f 1933 2004 2005
f 1933 2005 1934
f 1934 2005 2006
f 1934 2006 1935
f 1935 2006 2007
f 1935 2007 1936
f 1936 2007 2008
f 1936 2008 1937
f 1937 2008 2009
f 1937 2009 1938
f 1938 2009 2010
f 1938 2010 1939
f 1939 2010 2011
f 1939 2011 1940
f 1940 2011 2012
f 1940 2012 1941
f 1941 2012 2013
f 1941 2013 1942
f 1942 2013 2014
f 1942 2014 1943
f 1943 2014 2015
f 1943 2015 1944
f 1944 2015 2016
f 1947 2019 1948
f 1948 2019 2020
f 1948 2020 1949
f 1949 2020 2021
f 1949 2021 1950
f 1950 2021 2022
f 1950 2022 1951
f 1951 2022 2023
f 1951 2023 1952
f 1952 2023 2024
f 1952 2024 1953
f 1953 2024 2025
f 1953 2025 1954
f 1954 2025 2026
f 1954 2026 1955
f 1955 2026 2027
f 1955 2027 1956
f 1956 2027 2028
f 1956 2028 1957
f 1957 2028 2029
f 1957 2029 1958
f 1958 2029 2030
f 1958 2030 1959
f 1959 2030 2031
f 1959 2031 1960
f 1960 2031 2032
f 1960 2032 1961
f 1961 2032 2033
f 1961 2033 1962
f 1962 2033 2034
f 1962 2034 1963
f 1963 2034 2035
f 1963 2035 1964
f 1964 2035 2036
f 1964 2036 1965
f 1965 2036 2037
f 1965 2037 1966
f 1966 2037 2038
f 1993 2065 1994
f 1994 2065 2066
f 1994 2066 1995
f 1995 2066 2067
f 1995 2067 1996
f 1996 2067 2068
f 1996 2068 1997
f 1997 2068 2069
f 1997 2069 1998
f 1998 2069 2070
f 2004 2076 2005
f 2005 2076 2077
f 2005 2077 2006
f 2006 2077 2078
f 2006 2078 2007
f 2007 2078 2079
f 2007 2079 2008
f 2008 2079 2080
f 2008 2080 2009
f 2009 2080 2081
f 2009 2081 2010
f 2010 2081 2082
f 2010 2082 2011
f 2011 2082 2083
f 2011 2083 2012
f 2012 2083 2084
f 2012 2084 2013
f 2013 2084 2085
f 2013 2085 2014
f 2014 2085 2086
f 2019 2091 2020
f 2020 2091 2092
f 2020 2092 2021
f 2021 2092 2093
f 2021 2093 2022
f 2022 2093 2094
f 2022 2094 2023
f 2023 2094 2095
f 2023 2095 2024
f 2024 2095 2096
f 2024 2096 2025
f 2025 2096 2097
f 2025 2097 2026
f 2026 2097 2098
f 2026 2098 2027
f 2027 2098 2099
f 2027 2099 2028
f 2028 2099 2100
f 2028 2100 2029
f 2029 2100 2101
f 2029 2101 2030
f 2030 2101 2102
f 2030 2102 2031
f 2031 2102 2103
f 2031 2103 2032
f 2032 2103 2104
f 2032 2104 2033
f 2033 2104 2105
f 2033 2105 2034
f 2034 2105 2106
f 2034 2106 2035
f 2035 2106 2107
f 2035 2107 2036
f 2036 2107 2108
f 2036 2108 2037
f 2037 2108 2109
f 2054 2126 2055
f 2055 2126 2127
f 2055 2127 2056
f 2056 2127 2128
f 2067 2139 2068
f 2068 2139 2140
f 2068 2140 2069
f 2069 2140 2141
f 2069 2141 2070
f 2070 2141 2142
f 2070 2142 2071
f 2071 2142 2143
f 2071 2143 2072
f 2072 2143 2144
f 2076 2148 2077
f 2077 2148 2149
f 2077 2149 2078
f 2078 2149 2150
f 2078 2150 2079
f 2079 2150 2151
f 2079 2151 2080
f 2080 2151 2152
f 2080 2152 2081
f 2081 2152 2153
f 2083 2155 2084
f 2084 2155 2156
f 2091 2163 2092
f 2092 2163 2164
f 2092 2164 2093
f 2093 2164 2165
f 2093 2165 2094
f 2094 2165 2166
f 2094 2166 2095
f 2095 2166 2167
f 2095 2167 2096
f 2096 2167 2168
f 2096 2168 2097
f 2097 2168 2169
f 2097 2169 2098
f 2098 2169 2170
f 2098 2170 2099
f 2099 2170 2171
f 2099 2171 2100
f 2100 2171 2172
f 2100 2172 2101
f 2101 2172 2173
f 2101 2173 2102
f 2102 2173 2174
f 2102 2174 2103
f 2103 2174 2175
f 2103 2175 2104
f 2104 2175 2176
f 2104 2176 2105
f 2105 2176 2177
f 2105 2177 2106
f 2106 2177 2178
f 2106 2178 2107
f 2107 2178 2179
f 2107 2179 2108
f 2108 2179 2180
f 2126 2198 2127
f 2127 2198 2199
f 2127 2199 2128
f 2128 2199 2200
f 2140 2212 2141
f 2141 2212 2213
f 2148 2220 2149
f 2149 2220 2221
f 2149 2221 2150
f 2150 2221 2222
f 2150 2222 2151
f 2151 2222 2223
f 2151 2223 2152
f 2152 2223 2224
f 2152 2224 2153
f 2153 2224 2225
f 2163 2235 2164
f 2164 2235 2236
f 2164 2236 2165
f 2165 2236 2237
f 2165 2237 2166
f 2166 2237 2238
f 2166 2238 2167
f 2167 2238 2239
f 2167 2239 2168
f 2168 2239 2240
f 2168 2240 2169
f 2169 2240 2241
f 2169 2241 2170
f 2170 2241 2242
f 2170 2242 2171
f 2171 2242 2243
f 2171 2243 2172
f 2172 2243 2244
f 2172 2244 2173
f 2173 2244 2245
f 2173 2245 2174
f 2174 2245 2246
f 2174 2246 2175
f 2175 2246 2247
f 2175 2247 2176
f 2176 2247 2248
f 2176 2248 2177
f 2177 2248 2249
f 2177 2249 2178
f 2178 2249 2250
f 2178 2250 2179
f 2179 2250 2251
f 2179 2251 2180
f 2180 2251 2252
f 2186 2258 2187
f 2187 2258 2259
f 2198 2270 2199
f 2199 2270 2271
f 2221 2293 2222
f 2222 2293 2294
f 2222 2294 2223
f 2223 2294 2295
f 2223 2295 2224
f 2224 2295 2296
f 2224 2296 2225
f 2225 2296 2297
f 2225 2297 2226
f 2226 2297 2298
f 2234 2306 2235
f 2235 2306 2307
f 2235 2307 2236
f 2236 2307 2308
f 2236 2308 2237
f 2237 2308 2309
f 2237 2309 2238
f 2238 2309 2310
f 2238 2310 2239
f 2239 2310 2311
f 2239 2311 2240
f 2240 2311 2312
f 2240 2312 2241
f 2241 2312 2313
f 2241 2313 2242
f 2242 2313 2314
f 2242 2314 2243
f 2243 2314 2315
f 2243 2315 2244
f 2244 2315 2316
f 2244 2316 2245
f 2245 2316 2317
f 2245 2317 2246
f 2246 2317 2318
f 2246 2318 2247
f 2247 2318 2319
f 2247 2319 2248
f 2248 2319 2320
f 2248 2320 2249
f 2249 2320 2321
f 2249 2321 2250
f 2250 2321 2322
f 2250 2322 2251
f 2251 2322 2323
f 2251 2323 2252
f 2252 2323 2324
f 2285 2357 2286
f 2286 2357 2358
f 2295 2367 2296
f 2296 2367 2368
f 2296 2368 2297
f 2297 2368 2369
f 2297 2369 2298
f 2298 2369 2370
f 2307 2379 2308
f 2308 2379 2380
f 2308 2380 2309
f 2309 2380 2381
f 2309 2381 2310
f 2310 2381 2382
f 2310 2382 2311
f 2311 2382 2383
f 2311 2383 2312
f 2312 2383 2384
f 2312 2384 2313
f 2313 2384 2385
f 2313 2385 2314
f 2314 2385 2386
f 2314 2386 2315
f 2315 2386 2387
f 2315 2387 2316
f 2316 2387 2388
f 2316 2388 2317
f 2317 2388 2389
f 2317 2389 2318
f 2318 2389 2390
f 2318 2390 2319
f 2319 2390 2391
f 2319 2391 2320
f 2320 2391 2392
f 2320 2392 2321
f 2321 2392 2393
f 2321 2393 2322
f 2322 2393 2394
f 2322 2394 2323
f 2323 2394 2395
f 2367 2439 2368
f 2368 2439 2440
f 2368 2440 2369
f 2369 2440 2441
f 2369 2441 2370
f 2370 2441 2442
f 2370 2442 2371
f 2371 2442 2443
f 2371 2443 2372
f 2372 2443 2444
f 2372 2444 2373
f 2373 2444 2445
f 2379 2451 2380
f 2380 2451 2452
f 2380 2452 2381
f 2381 2452 2453
f 2381 2453 2382
f 2382 2453 2454
f 2382 2454 2383
f 2383 2454 2455
f 2383 2455 2384
f 2384 2455 2456
f 2384 2456 2385
f 2385 2456 2457
f 2385 2457 2386
f 2386 2457 2458
f 2386 2458 2387
f 2387 2458 2459
f 2387 2459 2388
f 2388 2459 2460
f 2388 2460 2389
f 2389 2460 2461
f 2389 2461 2390
f 2390 2461 2462
f 2390 2462 2391
f 2391 2462 2463
f 2391 2463 2392
f 2392 2463 2464
f 2392 2464 2393
f 2393 2464 2465
f 2393 2465 2394
f 2394 2465 2466
f 2394 2466 2395
f 2395 2466 2467
f 2426 2498 2427
f 2427 2498 2499
f 2439 2511 2440
f 2440 2511 2512
f 2440 2512 2441
f 2441 2512 2513
f 2441 2513 2442
f 2442 2513 2514
f 2442 2514 2443
f 2443 2514 2515
f 2443 2515 2444
f 2444 2515 2516
f 2451 2523 2452
f 2452 2523 2524
f 2452 2524 2453
f 2453 2524 2525
f 2453 2525 2454
f 2454 2525 2526
f 2454 2526 2455
f 2455 2526 2527
f 2455 2527 2456
f 2456 2527 2528
f 2456 2528 2457
f 2457 2528 2529
f 2457 2529 2458
f 2458 2529 2530
f 2458 2530 2459
f 2459 2530 2531
f 2459 2531 2460
f 2460 2531 2532
f 2460 2532 2461
f 2461 2532 2533
f 2461 2533 2462
f 2462 2533 2534
f 2462 2534 2463
f 2463 2534 2535
f 2463 2535 2464
f 2464 2535 2536
f 2464 2536 2465
f 2465 2536 2537
f 2495 2567 2496
f 2496 2567 2568
f 2496 2568 2497
f 2497 2568 2569
f 2497 2569 2498
f 2498 2569 2570
f 2498 2570 2499
f 2499 2570 2571
f 2512 2584 2513
f 2513 2584 2585
f 2513 2585 2514
f 2514 2585 2586
f 2514 2586 2515
f 2515 2586 2587
f 2528 2600 2529
f 2529 2600 2601
f 2529 2601 2530
f 2530 2601 2602
f 2530 2602 2531
f 2531 2602 2603
f 2531 2603 2532
f 2532 2603 2604
f 2532 2604 2533
f 2533 2604 2605
f 2533 2605 2534
f 2534 2605 2606
f 2534 2606 2535
f 2535 2606 2607
f 2535 2607 2536
f 2536 2607 2608
f 2559 2631 2560
f 2560 2631 2632
f 2560 2632 2561
f 2561 2632 2633
f 2570 2642 2571
f 2571 2642 2643
f 2584 2656 2585
f 2585 2656 2657
f 2585 2657 2586
f 2586 2657 2658
f 2600 2672 2601
f 2601 2672 2673
f 2601 2673 2602
f 2602 2673 2674
f 2618 2690 2619
f 2619 2690 2691
f 2619 2691 2620
f 2620 2691 2692
f 2620 2692 2621
f 2621 2692 2693
f 2621 2693 2622
f 2622 2693 2694
f 2622 2694 2623
f 2623 2694 2695
f 2623 2695 2624
f 2624 2695 2696
f 2624 2696 2625
f 2625 2696 2697
f 2625 2697 2626
f 2626 2697 2698
f 2626 2698 2627
f 2627 2698 2699
f 2627 2699 2628
f 2628 2699 2700
f 2628 2700 2629
f 2629 2700 2701
f 2629 2701 2630
f 2630 2701 2702
f 2630 2702 2631
f 2631 2702 2703
f 2631 2703 2632
f 2632 2703 2704
f 2632 2704 2633
f 2633 2704 2705
f 2673 2745 2674
f 2674 2745 2746
f 2685 2757 2686
f 2686 2757 2758
f 2686 2758 2687
f 2687 2758 2759
f 2687 2759 2688
f 2688 2759 2760
f 2688 2760 2689
f 2689 2760 2761
f 2689 2761 2690
f 2690 2761 2762
f 2690 2762 2691
f 2691 2762 2763
f 2691 2763 2692
f 2692 2763 2764
f 2692 2764 2693
f 2693 2764 2765
f 2693 2765 2694
f 2694 2765 2766
f 2694 2766 2695
f 2695 2766 2767
f 2695 2767 2696
f 2696 2767 2768
f 2696 2768 2697
f 2697 2768 2769
f 2697 2769 2698
f 2698 2769 2770
f 2698 2770 2699
f 2699 2770 2771
f 2699 2771 2700
f 2700 2771 2772
f 2700 2772 2701
f 2701 2772 2773
f 2701 2773 2702
f 2702 2773 2774
f 2702 2774 2703
f 2703 2774 2775
f 2703 2775 2704
f 2704 2775 2776
f 2704 2776 2705
f 2705 2776 2777
f 2745 2817 2746
f 2746 2817 2818
f 2755 2827 2756
f 2756 2827 2828
f 2756 2828 2757
f 2757 2828 2829
f 2757 2829 2758
f 2758 2829 2830
f 2758 2830 2759
f 2759 2830 2831
f 2759 2831 2760
f 2760 2831 2832
f 2760 2832 2761
f 2761 2832 2833
f 2761 2833 2762
f 2762 2833 2834
f 2762 2834 2763
f 2763 2834 2835
f 2763 2835 2764
f 2764 2835 2836
f 2764 2836 2765
f 2765 2836 2837
f 2765 2837 2766
f 2766 2837 2838
f 2766 2838 2767
f 2767 2838 2839
f 2767 2839 2768
f 2768 2839 2840
f 2768 2840 2769
f 2769 2840 2841
f 2769 2841 2770
f 2770 2841 2842
f 2770 2842 2771
f 2771 2842 2843
f 2771 2843 2772
f 2772 2843 2844
f 2772 2844 2773
f 2773 2844 2845
f 2773 2845 2774
f 2774 2845 2846
f 2774 2846 2775
f 2775 2846 2847
f 2775 2847 2776
f 2776 2847 2848
f 2776 2848 2777
f 2777 2848 2849
f 2777 2849 2778
f 2778 2849 2850
o 2026
v -2.650000 1.350000 -1.500000
v -2.575352 1.350000 -1.500000
v -2.500704 1.350000 -1.500000
v -2.426056 1.442152 -1.500000
v -2.351408 1.456309 -1.500000
v -2.276761 1.463457 -1.500000
v -2.202113 1.475358 -1.500000
v -2.127465 1.484240 -1.500000
v -2.052817 1.519111 -1.500000
v -1.978169 1.467395 -1.500000
v -1.903521 1.467290 -1.500000
v -1.828873 1.484649 -1.500000
v -1.754225 1.491747 -1.500000
v -1.679577 1.483441 -1.500000
v -1.604930 1.488059 -1.500000
v -1.530282 1.472151 -1.500000
v -1.455634 1.515683 -1.500000
v -1.380986 1.538090 -1.500000
v -1.306338 1.350000 -1.500000
v -1.231690 1.350000 -1.500000
v -1.157042 1.350000 -1.500000
v -1.082394 1.350000 -1.500000
v -1.007746 1.350000 -1.500000
v -0.933099 1.350000 -1.500000
v -0.858451 1.350000 -1.500000
v -0.783803 1.350000 -1.500000
v -0.709155 1.350000 -1.500000
v -0.634507 1.350000 -1.500000
v -0.559859 1.350000 -1.500000
v -0.485211 1.350000 -1.500000
v -0.410563 1.350000 -1.500000
v -0.335915 1.350000 -1.500000
v -0.261268 1.350000 -1.500000
v -0.186620 1.350000 -1.500000
v -0.111972 1.350000 -1.500000
v -0.037324 1.350000 -1.500000
v 0.037324 1.350000 -1.500000
v 0.111972 1.590346 -1.500000
v 0.186620 1.594265 -1.500000
v 0.261268 1.591367 -1.500000
v 0.335915 1.350000 -1.500000
v 0.410563 1.590823 -1.500000
v 0.485211 1.590929 -1.500000
v 0.559859 1.580348 -1.500000
v 0.634507 1.555650 -1.500000
v 0.709155 1.350000 -1.500000
v 0.783803 1.350000 -1.500000
v 0.858451 1.350000 -1.500000
v 0.933099 1.350000 -1.500000
v 1.007746 1.350000 -1.500000
v 1.082394 1.350000 -1.500000
v 1.157042 1.350000 -1.500000
v 1.231690 1.350000 -1.500000
v 1.306338 1.350000 -1.500000
v 1.380986 1.614356 -1.500000
v 1.455634 1.615224 -1.500000
v 1.530282 1.615612 -1.500000
v 1.604930 1.350000 -1.500000
v 1.679577 1.350000 -1.500000
v 1.754225 1.350000 -1.500000
v 1.828873 1.631627 -1.500000
v 1.903521 1.641121 -1.500000
v 1.978169 1.637237 -1.500000
v 2.052817 1.643954 -1.500000
v 2.127465 1.650781 -1.500000
v 2.202113 1.648449 -1.500000
v 2.276761 1.645501 -1.500000
v 2.351408 1.637419 -1.500000
v 2.426056 1.640482 -1.500000
v 2.500704 1.632721 -1.500000
v 2.575352 1.627279 -1.500000
v 2.650000 1.619580 -1.500000
v -2.650000 1.449894 -1.423077
v -2.575352 1.466311 -1.423077
v -2.500704 1.471740 -1.423077
v -2.426056 1.473552 -1.423077
v -2.351408 1.483487 -1.423077
v -2.276761 1.494046 -1.423077
v -2.202113 1.507573 -1.423077
v -2.127465 1.515189 -1.423077
v -2.052817 1.533923 -1.423077
v -1.978169 1.350000 -1.423077
v -1.903521 1.350000 -1.423077
v -1.828873 1.350000 -1.423077
v -1.754225 1.350000 -1.423077
v -1.679577 1.467389 -1.423077
v -1.604930 1.486052 -1.423077
v -1.530282 1.471715 -1.423077
v -1.455634 1.512754 -1.423077
v -1.380986 1.542646 -1.423077
v -1.306338 1.535698 -1.423077
v -1.231690 1.563805 -1.423077
v -1.157042 1.350000 -1.423077
v -1.082394 1.350000 -1.423077
v -1.007746 1.350000 -1.423077
v -0.933099 1.350000 -1.423077
v -0.858451 1.350000 -1.423077
v -0.783803 1.350000 -1.423077
v -0.709155 1.350000 -1.423077
v -0.634507 1.350000 -1.423077
v -0.559859 1.350000 -1.423077
v -0.485211 1.350000 -1.423077
v -0.410563 1.350000 -1.423077
v -0.335915 1.350000 -1.423077
v -0.261268 1.350000 -1.423077
v -0.186620 1.350000 -1.423077
v -0.111972 1.350000 -1.423077
v -0.037324 1.350000 -1.423077
v 0.037324 1.350000 -1.423077
v 0.111972 1.601391 -1.423077
v 0.186620 1.609331 -1.423077
v 0.261268 1.615150 -1.423077
v 0.335915 1.614073 -1.423077
v 0.410563 1.614105 -1.423077
v 0.485211 1.350000 -1.423077
v 0.559859 1.618442 -1.423077
v 0.634507 1.621100 -1.423077
v 0.709155 1.632518 -1.423077
v 0.783803 1.633007 -1.423077
v 0.858451 1.628448 -1.423077
v 0.933099 1.350000 -1.423077
v 1.007746 1.350000 -1.423077
v 1.082394 1.673560 -1.423077
v 1.157042 1.661967 -1.423077
v 1.231690 1.621939 -1.423077
v 1.306338 1.621837 -1.423077
v 1.380986 1.619087 -1.423077
v 1.455634 1.611303 -1.423077
v 1.530282 1.615732 -1.423077
v 1.604930 1.664064 -1.423077
v 1.679577 1.668056 -1.423077
v 1.754225 1.641283 -1.423077
v 1.828873 1.638993 -1.423077
v 1.903521 1.656984 -1.423077
v 1.978169 1.670849 -1.423077
v 2.052817 1.659432 -1.423077
v 2.127465 1.644532 -1.423077
v 2.202113 1.632109 -1.423077
v 2.276761 1.643329 -1.423077
v 2.351408 1.649662 -1.423077
v 2.426056 1.650801 -1.423077
v 2.500704 1.647066 -1.423077
v 2.575352 1.634408 -1.423077
v 2.650000 1.615901 -1.423077
v -2.650000 1.460005 -1.346154
v -2.575352 1.486526 -1.346154
v -2.500704 1.493795 -1.346154
v -2.426056 1.502859 -1.346154
v -2.351408 1.509747 -1.346154
v -2.276761 1.499782 -1.346154
v -2.202113 1.510909 -1.346154
v -2.127465 1.521508 -1.346154
v -2.052817 1.350000 -1.346154
v -1.978169 1.350000 -1.346154
v -1.903521 1.350000 -1.346154
v -1.828873 1.350000 -1.346154
v -1.754225 1.350000 -1.346154
v -1.679577 1.350000 -1.346154
v -1.604930 1.523526 -1.346154
v -1.530282 1.511829 -1.346154
v -1.455634 1.526671 -1.346154
v -1.380986 1.583871 -1.346154
v -1.306338 1.579363 -1.346154
v -1.231690 1.578377 -1.346154
v -1.157042 1.350000 -1.346154
v -1.082394 1.350000 -1.346154
v -1.007746 1.350000 -1.346154
v -0.933099 1.350000 -1.346154
v -0.858451 1.350000 -1.346154
v -0.783803 1.350000 -1.346154
v -0.709155 1.350000 -1.346154
v -0.634507 1.350000 -1.346154
v -0.559859 1.350000 -1.346154
v -0.485211 1.350000 -1.346154
v -0.410563 1.350000 -1.346154
v -0.335915 1.350000 -1.346154
v -0.261268 1.350000 -1.346154
v -0.186620 1.350000 -1.346154
v -0.111972 1.591457 -1.346154
v -0.037324 1.608692 -1.346154
v 0.037324 1.350000 -1.346154
v 0.111972 1.601174 -1.346154
v 0.186620 1.624873 -1.346154
v 0.261268 1.641809 -1.346154
v 0.335915 1.637851 -1.346154
v 0.410563 1.639791 -1.346154
v 0.485211 1.648361 -1.346154
v 0.559859 1.645615 -1.346154
v 0.634507 1.641236 -1.346154
v 0.709155 1.647067 -1.346154
v 0.783803 1.653299 -1.346154
v 0.858451 1.653626 -1.346154
v 0.933099 1.663091 -1.346154
v 1.007746 1.662199 -1.346154
v 1.082394 1.672831 -1.346154
v 1.157042 1.659193 -1.346154
v 1.231690 1.643950 -1.346154
v 1.306338 1.648462 -1.346154
v 1.380986 1.649178 -1.346154
v 1.455634 1.649925 -1.346154
v 1.530282 1.648977 -1.346154
v 1.604930 1.669986 -1.346154
v 1.679577 1.665160 -1.346154
v 1.754225 1.650064 -1.346154
v 1.828873 1.655150 -1.346154
v 1.903521 1.661184 -1.346154
v 1.978169 1.675170 -1.346154
v 2.052817 1.683926 -1.346154
v 2.127465 1.670917 -1.346154
v 2.202113 1.659144 -1.346154
v 2.276761 1.650104 -1.346154
v 2.351408 1.657269 -1.346154
v 2.426056 1.656657 -1.346154
v 2.500704 1.652650 -1.346154
v 2.575352 1.648984 -1.346154
v 2.650000 1.621850 -1.346154
v -2.650000 1.484525 -1.269231
v -2.575352 1.495831 -1.269231
v -2.500704 1.509647 -1.269231
v -2.426056 1.518403 -1.269231
v -2.351408 1.517892 -1.269231
v -2.276761 1.518130 -1.269231
v -2.202113 1.507938 -1.269231
v -2.127465 1.489973 -1.269231
v -2.052817 1.350000 -1.269231
v -1.978169 1.350000 -1.269231
v -1.903521 1.350000 -1.269231
v -1.828873 1.501688 -1.269231
v -1.754225 1.473900 -1.269231
v -1.679577 1.517998 -1.269231
v -1.604930 1.560577 -1.269231
v -1.530282 1.550683 -1.269231
v -1.455634 1.508482 -1.269231
v -1.380986 1.585059 -1.269231
v -1.306338 1.598163 -1.269231
v -1.231690 1.589208 -1.269231
v -1.157042 1.583606 -1.269231
v -1.082394 1.350000 -1.269231
v -1.007746 1.350000 -1.269231
v -0.933099 1.350000 -1.269231
v -0.858451 1.350000 -1.269231
v -0.783803 1.350000 -1.269231
v -0.709155 1.350000 -1.269231
v -0.634507 1.350000 -1.269231
v -0.559859 1.350000 -1.269231
v -0.485211 1.350000 -1.269231
v -0.410563 1.350000 -1.269231
v -0.335915 1.591833 -1.269231
v -0.261268 1.604414 -1.269231
v -0.186620 1.620373 -1.269231
v -0.111972 1.616158 -1.269231
v -0.037324 1.625501 -1.269231
v 0.037324 1.622583 -1.269231
v 0.111972 1.626642 -1.269231
v 0.186620 1.646677 -1.269231
v 0.261268 1.651280 -1.269231
v 0.335915 1.660906 -1.269231
v 0.410563 1.659067 -1.269231
v 0.485211 1.672208 -1.269231
v 0.559859 1.676965 -1.269231
v 0.634507 1.674990 -1.269231
v 0.709155 1.652864 -1.269231
v 0.783803 1.648373 -1.269231
v 0.858451 1.678158 -1.269231
v 0.933099 1.697977 -1.269231
v 1.007746 1.688681 -1.269231
v 1.082394 1.695292 -1.269231
v 1.157042 1.671218 -1.269231
v 1.231690 1.673071 -1.269231
v 1.306338 1.684435 -1.269231
v 1.380986 1.688969 -1.269231
v 1.455634 1.691958 -1.269231
v 1.530282 1.696127 -1.269231
v 1.604930 1.697283 -1.269231
v 1.679577 1.689824 -1.269231
v 1.754225 1.678166 -1.269231
v 1.828873 1.669349 -1.269231
v 1.903521 1.677374 -1.269231
v 1.978169 1.699180 -1.269231
v 2.052817 1.706302 -1.269231
v 2.127465 1.689349 -1.269231
v 2.202113 1.673511 -1.269231
v 2.276761 1.654158 -1.269231
v 2.351408 1.649319 -1.269231
v 2.426056 1.651442 -1.269231
v 2.500704 1.645922 -1.269231
v 2.575352 1.643993 -1.269231
v 2.650000 1.631141 -1.269231
v -2.650000 1.350000 -1.192308
v -2.575352 1.504789 -1.192308
v -2.500704 1.517975 -1.192308
v -2.426056 1.508087 -1.192308
v -2.351408 1.522916 -1.192308
v -2.276761 1.524671 -1.192308
v -2.202113 1.510504 -1.192308
v -2.127465 1.485663 -1.192308
v -2.052817 1.350000 -1.192308
v -1.978169 1.350000 -1.192308
v -1.903521 1.350000 -1.192308
v -1.828873 1.508143 -1.192308
v -1.754225 1.477878 -1.192308
v -1.679577 1.520200 -1.192308
v -1.604930 1.562844 -1.192308
v -1.530282 1.555957 -1.192308
v -1.455634 1.566614 -1.192308
v -1.380986 1.593021 -1.192308
v -1.306338 1.591456 -1.192308
v -1.231690 1.607462 -1.192308
v -1.157042 1.619691 -1.192308
v -1.082394 1.599418 -1.192308
v -1.007746 1.597878 -1.192308
v -0.933099 1.581088 -1.192308
v -0.858451 1.350000 -1.192308
v -0.783803 1.350000 -1.192308
v -0.709155 1.350000 -1.192308
v -0.634507 1.350000 -1.192308
v -0.559859 1.350000 -1.192308
v -0.485211 1.583028 -1.192308
v -0.410563 1.595254 -1.192308
v -0.335915 1.621164 -1.192308
v -0.261268 1.635387 -1.192308
v -0.186620 1.638247 -1.192308
v -0.111972 1.640414 -1.192308
v -0.037324 1.646519 -1.192308
v 0.037324 1.657989 -1.192308
v 0.111972 1.659773 -1.192308
v 0.186620 1.675158 -1.192308
v 0.261268 1.677890 -1.192308
v 0.335915 1.677707 -1.192308
v 0.410563 1.669861 -1.192308
v 0.485211 1.690279 -1.192308
v 0.559859 1.710230 -1.192308
v 0.634507 1.706358 -1.192308
v 0.709155 1.699422 -1.192308
v 0.783803 1.690086 -1.192308
v 0.858451 1.688155 -1.192308
v 0.933099 1.711811 -1.192308
v 1.007746 1.701787 -1.192308
v 1.082394 1.694185 -1.192308
v 1.157042 1.692845 -1.192308
v 1.231690 1.694395 -1.192308
v 1.306338 1.705559 -1.192308
v 1.380986 1.714047 -1.192308
v 1.455634 1.722906 -1.192308
v 1.530282 1.726596 -1.192308
v 1.604930 1.726505 -1.192308
v 1.679577 1.710271 -1.192308
v 1.754225 1.711283 -1.192308
v 1.828873 1.698138 -1.192308
v 1.903521 1.698255 -1.192308
v 1.978169 1.703125 -1.192308
v 2.052817 1.701693 -1.192308
v 2.127465 1.693229 -1.192308
v 2.202113 1.679226 -1.192308
v 2.276761 1.666002 -1.192308
v 2.351408 1.639575 -1.192308
v 2.426056 1.628944 -1.192308
v 2.500704 1.636697 -1.192308
v 2.575352 1.651277 -1.192308
v 2.650000 1.654708 -1.192308
v -2.650000 1.488325 -1.115385
v -2.575352 1.478726 -1.115385
v -2.500704 1.497139 -1.115385
v -2.426056 1.500773 -1.115385
v -2.351408 1.513403 -1.115385
v -2.276761 1.530521 -1.115385
v -2.202113 1.515406 -1.115385
v -2.127465 1.504871 -1.115385
v -2.052817 1.350000 -1.115385
v -1.978169 1.350000 -1.115385
v -1.903521 1.497205 -1.115385
v -1.828873 1.492742 -1.115385
v -1.754225 1.481839 -1.115385
v -1.679577 1.521582 -1.115385
v -1.604930 1.571294 -1.115385
v -1.530282 1.570157 -1.115385
v -1.455634 1.596435 -1.115385
v -1.380986 1.605259 -1.115385
v -1.306338 1.613723 -1.115385
v -1.231690 1.620154 -1.115385
v -1.157042 1.634843 -1.115385
v -1.082394 1.624084 -1.115385
v -1.007746 1.617839 -1.115385
v -0.933099 1.588221 -1.115385
v -0.858451 1.350000 -1.115385
v -0.783803 1.350000 -1.115385
v -0.709155 1.350000 -1.115385
v -0.634507 1.350000 -1.115385
v -0.559859 1.608675 -1.115385
v -0.485211 1.618273 -1.115385
v -0.410563 1.633052 -1.115385
v -0.335915 1.646499 -1.115385
v -0.261268 1.654394 -1.115385
v -0.186620 1.652944 -1.115385
v -0.111972 1.656827 -1.115385
v -0.037324 1.658814 -1.115385
v 0.037324 1.657698 -1.115385
v 0.111972 1.668797 -1.115385
v 0.186620 1.664798 -1.115385
v 0.261268 1.677151 -1.115385
v 0.335915 1.684876 -1.115385
v 0.410563 1.676523 -1.115385
v 0.485211 1.690612 -1.115385
v 0.559859 1.716512 -1.115385
v 0.634507 1.707862 -1.115385
v 0.709155 1.707118 -1.115385
v 0.783803 1.710604 -1.115385
v 0.858451 1.700055 -1.115385
v 0.933099 1.711068 -1.115385
v 1.007746 1.706371 -1.115385
v 1.082394 1.686593 -1.115385
v 1.157042 1.694804 -1.115385
v 1.231690 1.703486 -1.115385
v 1.306338 1.713412 -1.115385
v 1.380986 1.720460 -1.115385
v 1.455634 1.734792 -1.115385
v 1.530282 1.733693 -1.115385
v 1.604930 1.737304 -1.115385
v 1.679577 1.731942 -1.115385
v 1.754225 1.730816 -1.115385
v 1.828873 1.715326 -1.115385
v 1.903521 1.697416 -1.115385
v 1.978169 1.695127 -1.115385
v 2.052817 1.694431 -1.115385
v 2.127465 1.691295 -1.115385
v 2.202113 1.692081 -1.115385
v 2.276761 1.683837 -1.115385
v 2.351408 1.677363 -1.115385
v 2.426056 1.655498 -1.115385
v 2.500704 1.654929 -1.115385
v 2.575352 1.669986 -1.115385
v 2.650000 1.681261 -1.115385
v -2.650000 1.461147 -1.038462
v -2.575352 1.466255 -1.038462
v -2.500704 1.488985 -1.038462
v -2.426056 1.509008 -1.038462
v -2.351408 1.350000 -1.038462
v -2.276761 1.350000 -1.038462
v -2.202113 1.350000 -1.038462
v -2.127465 1.350000 -1.038462
v -2.052817 1.350000 -1.038462
v -1.978169 1.504358 -1.038462
v -1.903521 1.512592 -1.038462
v -1.828873 1.525938 -1.038462
v -1.754225 1.518087 -1.038462
v -1.679577 1.531584 -1.038462
v -1.604930 1.573678 -1.038462
v -1.530282 1.592345 -1.038462
v -1.455634 1.594034 -1.038462
v -1.380986 1.617814 -1.038462
v -1.306338 1.626302 -1.038462
v -1.231690 1.632829 -1.038462
v -1.157042 1.636681 -1.038462
v -1.082394 1.640258 -1.038462
v -1.007746 1.650294 -1.038462
v -0.933099 1.350000 -1.038462
v -0.858451 1.350000 -1.038462
v -0.783803 1.350000 -1.038462
v -0.709155 1.350000 -1.038462
v -0.634507 1.597015 -1.038462
v -0.559859 1.623538 -1.038462
v -0.485211 1.655118 -1.038462
v -0.410563 1.664662 -1.038462
v -0.335915 1.670077 -1.038462
v -0.261268 1.668371 -1.038462
v -0.186620 1.667535 -1.038462
v -0.111972 1.663933 -1.038462
v -0.037324 1.671068 -1.038462
v 0.037324 1.671155 -1.038462
v 0.111972 1.645247 -1.038462
v 0.186620 1.647546 -1.038462
v 0.261268 1.639679 -1.038462
v 0.335915 1.629121 -1.038462
v 0.410563 1.620869 -1.038462
v 0.485211 1.676394 -1.038462
v 0.559859 1.717235 -1.038462
v 0.634507 1.716834 -1.038462
v 0.709155 1.712939 -1.038462
v 0.783803 1.728094 -1.038462
v 0.858451 1.705775 -1.038462
v 0.933099 1.714891 -1.038462
v 1.007746 1.702399 -1.038462
v 1.082394 1.690309 -1.038462
v 1.157042 1.695674 -1.038462
v 1.231690 1.705345 -1.038462
v 1.306338 1.711319 -1.038462
v 1.380986 1.707180 -1.038462
v 1.455634 1.702051 -1.038462
v 1.530282 1.707012 -1.038462
v 1.604930 1.709344 -1.038462
v 1.679577 1.712141 -1.038462
v 1.754225 1.719809 -1.038462
v 1.828873 1.730412 -1.038462
v 1.903521 1.725301 -1.038462
v 1.978169 1.727293 -1.038462
v 2.052817 1.713524 -1.038462
v 2.127465 1.711043 -1.038462
v 2.202113 1.710916 -1.038462
v 2.276761 1.709824 -1.038462
v 2.351408 1.698113 -1.038462
v 2.426056 1.691279 -1.038462
v 2.500704 1.695154 -1.038462
v 2.575352 1.707474 -1.038462
v 2.650000 1.710634 -1.038462
v -2.650000 1.350000 -0.961538
v -2.575352 1.350000 -0.961538
v -2.500704 1.350000 -0.961538
v -2.426056 1.350000 -0.961538
v -2.351408 1.350000 -0.961538
v -2.276761 1.350000 -0.961538
v -2.202113 1.350000 -0.961538
v -2.127465 1.350000 -0.961538
v -2.052817 1.350000 -0.961538
v -1.978169 1.350000 -0.961538
v -1.903521 1.350000 -0.961538
v -1.828873 1.546806 -0.961538
v -1.754225 1.527657 -0.961538
v -1.679577 1.566054 -0.961538
v -1.604930 1.590669 -0.961538
v -1.530282 1.588369 -0.961538
v -1.455634 1.596615 -0.961538
v -1.380986 1.608436 -0.961538
v -1.306338 1.626124 -0.961538
v -1.231690 1.637076 -0.961538
v -1.157042 1.623355 -0.961538
v -1.082394 1.627098 -0.961538
v -1.007746 1.611777 -0.961538
v -0.933099 1.350000 -0.961538
v -0.858451 1.350000 -0.961538
v -0.783803 1.632283 -0.961538
v -0.709155 1.643477 -0.961538
v -0.634507 1.661985 -0.961538
v -0.559859 1.666406 -0.961538
v -0.485211 1.683729 -0.961538
v -0.410563 1.688715 -0.961538
v -0.335915 1.680562 -0.961538
v -0.261268 1.677148 -0.961538
v -0.186620 1.691846 -0.961538
v -0.111972 1.637566 -0.961538
v -0.037324 1.613283 -0.961538
v 0.037324 1.594645 -0.961538
v 0.111972 1.603080 -0.961538
v 0.186620 1.653452 -0.961538
v 0.261268 1.639517 -0.961538
v 0.335915 1.643313 -0.961538
v 0.410563 1.675523 -0.961538
v 0.485211 1.707381 -0.961538
v 0.559859 1.716691 -0.961538
v 0.634507 1.724126 -0.961538
v 0.709155 1.700289 -0.961538
v 0.783803 1.709599 -0.961538
v 0.858451 1.708299 -0.961538
v 0.933099 1.695107 -0.961538
v 1.007746 1.695781 -0.961538
v 1.082394 1.678686 -0.961538
v 1.157042 1.684089 -0.961538
v 1.231690 1.705644 -0.961538
v 1.306338 1.714729 -0.961538
v 1.380986 1.703833 -0.961538
v 1.455634 1.692080 -0.961538
v 1.530282 1.698114 -0.961538
v 1.604930 1.698186 -0.961538
v 1.679577 1.704871 -0.961538
v 1.754225 1.718700 -0.961538
v 1.828873 1.717754 -0.961538
v 1.903521 1.707769 -0.961538
v 1.978169 1.728358 -0.961538
v 2.052817 1.715672 -0.961538
v 2.127465 1.710613 -0.961538
v 2.202113 1.714038 -0.961538
v 2.276761 1.708714 -0.961538
v 2.351408 1.698576 -0.961538
v 2.426056 1.696657 -0.961538
v 2.500704 1.703199 -0.961538
v 2.575352 1.719319 -0.961538
v 2.650000 1.725064 -0.961538
v -2.650000 1.350000 -0.884615
v -2.575352 1.350000 -0.884615
v -2.500704 1.350000 -0.884615
v -2.426056 1.350000 -0.884615
v -2.351408 1.350000 -0.884615
v -2.276761 1.350000 -0.884615
v -2.202113 1.350000 -0.884615
v -2.127465 1.350000 -0.884615
v -2.052817 1.350000 -0.884615
v -1.978169 1.350000 -0.884615
v -1.903521 1.498034 -0.884615
v -1.828873 1.527977 -0.884615
v -1.754225 1.545321 -0.884615
v -1.679577 1.571496 -0.884615
v -1.604930 1.585629 -0.884615
v -1.530282 1.598176 -0.884615
v -1.455634 1.601888 -0.884615
v -1.380986 1.615712 -0.884615
v -1.306338 1.607321 -0.884615
v -1.231690 1.618754 -0.884615
v -1.157042 1.602109 -0.884615
v -1.082394 1.601131 -0.884615
v -1.007746 1.350000 -0.884615
v -0.933099 1.597769 -0.884615
v -0.858451 1.618370 -0.884615
v -0.783803 1.653681 -0.884615
v -0.709155 1.684250 -0.884615
v -0.634507 1.683014 -0.884615
v -0.559859 1.676746 -0.884615
v -0.485211 1.677065 -0.884615
v -0.410563 1.687969 -0.884615
v -0.335915 1.666230 -0.884615
v -0.261268 1.633597 -0.884615
v -0.186620 1.679445 -0.884615
v -0.111972 1.676060 -0.884615
v -0.037324 1.645888 -0.884615
v 0.037324 1.638626 -0.884615
v 0.111972 1.671713 -0.884615
v 0.186620 1.645174 -0.884615
v 0.261268 1.657518 -0.884615
v 0.335915 1.639390 -0.884615
v 0.410563 1.616174 -0.884615
v 0.485211 1.651520 -0.884615
v 0.559859 1.672007 -0.884615
v 0.634507 1.676494 -0.884615
v 0.709155 1.649632 -0.884615
v 0.783803 1.616978 -0.884615
v 0.858451 1.653675 -0.884615
v 0.933099 1.669010 -0.884615
v 1.007746 1.666207 -0.884615
v 1.082394 1.620959 -0.884615
v 1.157042 1.596508 -0.884615
v 1.231690 1.632834 -0.884615
v 1.306338 1.685832 -0.884615
v 1.380986 1.711752 -0.884615
v 1.455634 1.701798 -0.884615
v 1.530282 1.686591 -0.884615
v 1.604930 1.676799 -0.884615
v 1.679577 1.687662 -0.884615
v 1.754225 1.711017 -0.884615
v 1.828873 1.722685 -0.884615
v 1.903521 1.705009 -0.884615
v 1.978169 1.703744 -0.884615
v 2.052817 1.706874 -0.884615
v 2.127465 1.693838 -0.884615
v 2.202113 1.690077 -0.884615
v 2.276761 1.686393 -0.884615
v 2.351408 1.695666 -0.884615
v 2.426056 1.703303 -0.884615
v 2.500704 1.701521 -0.884615
v 2.575352 1.717333 -0.884615
v 2.650000 1.719221 -0.884615
v -2.650000 1.350000 -0.807692
v -2.575352 1.350000 -0.807692
v -2.500704 1.350000 -0.807692
v -2.426056 1.350000 -0.807692
v -2.351408 1.350000 -0.807692
v -2.276761 1.350000 -0.807692
v -2.202113 1.350000 -0.807692
v -2.127465 1.350000 -0.807692
v -2.052817 1.350000 -0.807692
v -1.978169 1.522252 -0.807692
v -1.903521 1.518729 -0.807692
v -1.828873 1.538264 -0.807692
v -1.754225 1.534163 -0.807692
v -1.679577 1.350000 -0.807692
v -1.604930 1.350000 -0.807692
v -1.530282 1.350000 -0.807692
v -1.455634 1.350000 -0.807692
v -1.380986 1.350000 -0.807692
v -1.306338 1.350000 -0.807692
v -1.231690 1.350000 -0.807692
v -1.157042 1.350000 -0.807692
v -1.082394 1.350000 -0.807692
v -1.007746 1.350000 -0.807692
v -0.933099 1.636768 -0.807692
v -0.858451 1.637877 -0.807692
v -0.783803 1.669993 -0.807692
v -0.709155 1.693659 -0.807692
v -0.634507 1.685709 -0.807692
v -0.559859 1.675653 -0.807692
v -0.485211 1.663983 -0.807692
v -0.410563 1.642576 -0.807692
v -0.335915 1.615834 -0.807692
v -0.261268 1.606848 -0.807692
v -0.186620 1.627926 -0.807692
v -0.111972 1.660261 -0.807692
v -0.037324 1.665198 -0.807692
v 0.037324 1.679606 -0.807692
v 0.111972 1.711642 -0.807692
v 0.186620 1.663216 -0.807692
v 0.261268 1.654298 -0.807692
v 0.335915 1.682829 -0.807692
v 0.410563 1.670843 -0.807692
v 0.485211 1.650281 -0.807692
v 0.559859 1.623279 -0.807692
v 0.634507 1.624229 -0.807692
v 0.709155 1.586453 -0.807692
v 0.783803 1.647232 -0.807692
v 0.858451 1.701622 -0.807692
v 0.933099 1.723351 -0.807692
v 1.007746 1.728323 -0.807692
v 1.082394 1.724760 -0.807692
v 1.157042 1.697302 -0.807692
v 1.231690 1.653533 -0.807692
v 1.306338 1.610463 -0.807692
v 1.380986 1.605556 -0.807692
v 1.455634 1.690662 -0.807692
v 1.530282 1.705077 -0.807692
v 1.604930 1.701694 -0.807692
v 1.679577 1.706575 -0.807692
v 1.754225 1.707150 -0.807692
v 1.828873 1.739000 -0.807692
v 1.903521 1.737570 -0.807692
v 1.978169 1.724445 -0.807692
v 2.052817 1.701492 -0.807692
v 2.127465 1.702939 -0.807692
v 2.202113 1.694225 -0.807692
v 2.276761 1.664280 -0.807692
v 2.351408 1.667497 -0.807692
v 2.426056 1.685127 -0.807692
v 2.500704 1.681361 -0.807692
v 2.575352 1.693780 -0.807692
v 2.650000 1.725478 -0.807692
v -2.650000 1.350000 -0.730769
v -2.575352 1.350000 -0.730769
v -2.500704 1.350000 -0.730769
v -2.426056 1.350000 -0.730769
v -2.351408 1.350000 -0.730769
v -2.276761 1.350000 -0.730769
v -2.202113 1.350000 -0.730769
v -2.127465 1.350000 -0.730769
v -2.052817 1.350000 -0.730769
v -1.978169 1.350000 -0.730769
v -1.903521 1.350000 -0.730769
v -1.828873 1.350000 -0.730769
v -1.754225 1.350000 -0.730769
v -1.679577 1.350000 -0.730769
v -1.604930 1.350000 -0.730769
v -1.530282 1.350000 -0.730769
v -1.455634 1.573417 -0.730769
v -1.380986 1.580470 -0.730769
v -1.306338 1.350000 -0.730769
v -1.231690 1.350000 -0.730769
v -1.157042 1.600766 -0.730769
v -1.082394 1.611003 -0.730769
v -1.007746 1.626879 -0.730769
v -0.933099 1.645517 -0.730769
v -0.858451 1.684153 -0.730769
v -0.783803 1.695218 -0.730769
v -0.709155 1.699871 -0.730769
v -0.634507 1.706031 -0.730769
v -0.559859 1.692876 -0.730769
v -0.485211 1.667245 -0.730769
v -0.410563 1.642104 -0.730769
v -0.335915 1.640586 -0.730769
v -0.261268 1.678987 -0.730769
v -0.186620 1.665922 -0.730769
v -0.111972 1.646095 -0.730769
v -0.037324 1.689089 -0.730769
v 0.037324 1.750303 -0.730769
v 0.111972 1.710358 -0.730769
v 0.186620 1.677131 -0.730769
v 0.261268 1.709762 -0.730769
v 0.335915 1.714477 -0.730769
v 0.410563 1.705162 -0.730769
v 0.485211 1.671351 -0.730769
v 0.559859 1.659615 -0.730769
v 0.634507 1.639809 -0.730769
v 0.709155 1.635504 -0.730769
v 0.783803 1.681245 -0.730769
v 0.858451 1.667513 -0.730769
v 0.933099 1.696640 -0.730769
v 1.007746 1.699330 -0.730769
v 1.082394 1.703086 -0.730769
v 1.157042 1.676834 -0.730769
v 1.231690 1.665733 -0.730769
v 1.306338 1.672909 -0.730769
v 1.380986 1.671217 -0.730769
v 1.455634 1.668188 -0.730769
v 1.530282 1.698870 -0.730769
v 1.604930 1.675581 -0.730769
v 1.679577 1.668013 -0.730769
v 1.754225 1.676150 -0.730769
v 1.828873 1.676924 -0.730769
v 1.903521 1.702559 -0.730769
v 1.978169 1.690317 -0.730769
v 2.052817 1.690038 -0.730769
v 2.127465 1.674177 -0.730769
v 2.202113 1.677625 -0.730769
v 2.276761 1.685856 -0.730769
v 2.351408 1.678685 -0.730769
v 2.426056 1.670379 -0.730769
v 2.500704 1.650770 -0.730769
v 2.575352 1.654038 -0.730769
v 2.650000 1.700970 -0.730769
v -2.650000 1.350000 -0.653846
v -2.575352 1.350000 -0.653846
v -2.500704 1.350000 -0.653846
v -2.426056 1.350000 -0.653846
v -2.351408 1.350000 -0.653846
v -2.276761 1.350000 -0.653846
v -2.202113 1.350000 -0.653846
v -2.127465 1.350000 -0.653846
v -2.052817 1.350000 -0.653846
v -1.978169 1.350000 -0.653846
v -1.903521 1.350000 -0.653846
v -1.828873 1.350000 -0.653846
v -1.754225 1.350000 -0.653846
v -1.679577 1.350000 -0.653846
v -1.604930 1.350000 -0.653846
v -1.530282 1.350000 -0.653846
v -1.455634 1.594346 -0.653846
v -1.380986 1.623106 -0.653846
v -1.306338 1.637120 -0.653846
v -1.231690 1.665432 -0.653846
v -1.157042 1.623228 -0.653846
v -1.082394 1.649134 -0.653846
v -1.007746 1.680334 -0.653846
v -0.933099 1.694052 -0.653846
v -0.858451 1.709892 -0.653846
v -0.783803 1.710830 -0.653846
v -0.709155 1.707734 -0.653846
v -0.634507 1.716001 -0.653846
v -0.559859 1.742906 -0.653846
v -0.485211 1.728274 -0.653846
v -0.410563 1.695387 -0.653846
v -0.335915 1.701978 -0.653846
v -0.261268 1.714411 -0.653846
v -0.186620 1.703659 -0.653846
v -0.111972 1.695689 -0.653846
v -0.037324 1.677488 -0.653846
v 0.037324 1.747208 -0.653846
v 0.111972 1.733271 -0.653846
v 0.186620 1.714122 -0.653846
v 0.261268 1.693388 -0.653846
v 0.335915 1.696647 -0.653846
v 0.410563 1.720202 -0.653846
v 0.485211 1.701294 -0.653846
v 0.559859 1.684560 -0.653846
v 0.634507 1.682546 -0.653846
v 0.709155 1.646307 -0.653846
v 0.783803 1.612897 -0.653846
v 0.858451 1.655545 -0.653846
v 0.933099 1.714261 -0.653846
v 1.007746 1.703307 -0.653846
v 1.082394 1.667098 -0.653846
v 1.157042 1.683924 -0.653846
v 1.231690 1.713622 -0.653846
v 1.306338 1.717042 -0.653846
v 1.380986 1.739062 -0.653846
v 1.455634 1.703386 -0.653846
v 1.530282 1.651609 -0.653846
v 1.604930 1.657445 -0.653846
v 1.679577 1.623682 -0.653846
v 1.754225 1.595714 -0.653846
v 1.828873 1.593784 -0.653846
v 1.903521 1.619482 -0.653846
v 1.978169 1.674032 -0.653846
v 2.052817 1.685474 -0.653846
v 2.127465 1.628265 -0.653846
v 2.202113 1.580238 -0.653846
v 2.276761 1.603743 -0.653846
v 2.351408 1.681398 -0.653846
v 2.426056 1.687426 -0.653846
v 2.500704 1.670729 -0.653846
v 2.575352 1.665859 -0.653846
v 2.650000 1.697330 -0.653846
v -2.650000 1.350000 -0.576923
v -2.575352 1.350000 -0.576923
v -2.500704 1.350000 -0.576923
v -2.426056 1.350000 -0.576923
v -2.351408 1.350000 -0.576923
v -2.276761 1.350000 -0.576923
v -2.202113 1.350000 -0.576923
v -2.127465 1.350000 -0.576923
v -2.052817 1.350000 -0.576923
v -1.978169 1.350000 -0.576923
v -1.903521 1.350000 -0.576923
v -1.828873 1.579456 -0.576923
v -1.754225 1.583276 -0.576923
v -1.679577 1.585472 -0.576923
v -1.604930 1.604860 -0.576923
v -1.530282 1.638382 -0.576923
v -1.455634 1.663900 -0.576923
v -1.380986 1.647726 -0.576923
v -1.306338 1.648707 -0.576923
v -1.231690 1.658159 -0.576923
v -1.157042 1.652027 -0.576923
v -1.082394 1.669222 -0.576923
v -1.007746 1.714350 -0.576923
v -0.933099 1.723477 -0.576923
v -0.858451 1.745441 -0.576923
v -0.783803 1.739440 -0.576923
v -0.709155 1.738690 -0.576923
v -0.634507 1.741445 -0.576923
v -0.559859 1.771737 -0.576923
v -0.485211 1.760091 -0.576923
v -0.410563 1.715130 -0.576923
v -0.335915 1.702102 -0.576923
v -0.261268 1.716793 -0.576923
v -0.186620 1.718312 -0.576923
v -0.111972 1.687500 -0.576923
v -0.037324 1.737748 -0.576923
v 0.037324 1.691217 -0.576923
v 0.111972 1.677584 -0.576923
v 0.186620 1.698681 -0.576923
v 0.261268 1.660835 -0.576923
v 0.335915 1.671774 -0.576923
v 0.410563 1.688948 -0.576923
v 0.485211 1.690568 -0.576923
v 0.559859 1.695153 -0.576923
v 0.634507 1.704149 -0.576923
v 0.709155 1.693585 -0.576923
v 0.783803 1.652286 -0.576923
v 0.858451 1.604253 -0.576923
v 0.933099 1.643170 -0.576923
v 1.007746 1.649361 -0.576923
v 1.082394 1.654127 -0.576923
v 1.157042 1.728154 -0.576923
v 1.231690 1.789856 -0.576923
v 1.306338 1.790059 -0.576923
v 1.380986 1.758715 -0.576923
v 1.455634 1.735583 -0.576923
v 1.530282 1.738149 -0.576923
v 1.604930 1.692667 -0.576923
v 1.679577 1.652359 -0.576923
v 1.754225 1.610244 -0.576923
v 1.828873 1.645999 -0.576923
v 1.903521 1.674907 -0.576923
v 1.978169 1.720627 -0.576923
v 2.052817 1.770093 -0.576923
v 2.127465 1.733046 -0.576923
v 2.202113 1.634715 -0.576923
v 2.276761 1.582750 -0.576923
v 2.351408 1.539345 -0.576923
v 2.426056 1.610858 -0.576923
v 2.500704 1.690708 -0.576923
v 2.575352 1.706055 -0.576923
v 2.650000 1.718393 -0.576923
v -2.650000 1.350000 -0.500000
v -2.575352 1.350000 -0.500000
v -2.500704 1.350000 -0.500000
v -2.426056 1.350000 -0.500000
v -2.351408 1.350000 -0.500000
v -2.276761 1.350000 -0.500000
v -2.202113 1.350000 -0.500000
v -2.127465 1.350000 -0.500000
v -2.052817 1.350000 -0.500000
v -1.978169 1.350000 -0.500000
v -1.903521 1.553682 -0.500000
v -1.828873 1.587380 -0.500000
v -1.754225 1.595039 -0.500000
v -1.679577 1.595918 -0.500000
v -1.604930 1.615842 -0.500000
v -1.530282 1.647381 -0.500000
v -1.455634 1.684434 -0.500000
v -1.380986 1.689281 -0.500000
v -1.306338 1.702704 -0.500000
v -1.231690 1.711554 -0.500000
v -1.157042 1.722873 -0.500000
v -1.082394 1.717878 -0.500000
v -1.007746 1.747173 -0.500000
v -0.933099 1.771827 -0.500000
v -0.858451 1.773199 -0.500000
v -0.783803 1.763295 -0.500000
v -0.709155 1.761231 -0.500000
v -0.634507 1.762287 -0.500000
v -0.559859 1.770863 -0.500000
v -0.485211 1.745467 -0.500000
v -0.410563 1.708073 -0.500000
v -0.335915 1.692443 -0.500000
v -0.261268 1.703911 -0.500000
v -0.186620 1.665940 -0.500000
v -0.111972 1.661260 -0.500000
v -0.037324 1.734305 -0.500000
v 0.037324 1.632017 -0.500000
v 0.111972 1.649764 -0.500000
v 0.186620 1.627086 -0.500000
v 0.261268 1.645433 -0.500000
v 0.335915 1.664285 -0.500000
v 0.410563 1.657556 -0.500000
v 0.485211 1.666201 -0.500000
v 0.559859 1.680698 -0.500000
v 0.634507 1.675936 -0.500000
v 0.709155 1.683642 -0.500000
v 0.783803 1.675636 -0.500000
v 0.858451 1.680013 -0.500000
v 0.933099 1.698288 -0.500000
v 1.007746 1.680481 -0.500000
v 1.082394 1.673932 -0.500000
v 1.157042 1.742064 -0.500000
v 1.231690 1.769277 -0.500000
v 1.306338 1.809607 -0.500000
v 1.380986 1.784091 -0.500000
v 1.455634 1.824843 -0.500000
v 1.530282 1.828656 -0.500000
v 1.604930 1.813184 -0.500000
v 1.679577 1.774435 -0.500000
v 1.754225 1.781497 -0.500000
v 1.828873 1.776361 -0.500000
v 1.903521 1.786809 -0.500000
v 1.978169 1.794562 -0.500000
v 2.052817 1.811071 -0.500000
v 2.127465 1.808824 -0.500000
v 2.202113 1.797804 -0.500000
v 2.276761 1.727263 -0.500000
v 2.351408 1.633023 -0.500000
v 2.426056 1.530641 -0.500000
v 2.500704 1.571622 -0.500000
v 2.575352 1.676347 -0.500000
v 2.650000 1.724855 -0.500000
v -2.650000 1.350000 -0.423077
v -2.575352 1.350000 -0.423077
v -2.500704 1.350000 -0.423077
v -2.426056 1.350000 -0.423077
v -2.351408 1.350000 -0.423077
v -2.276761 1.350000 -0.423077
v -2.202113 1.350000 -0.423077
v -2.127465 1.350000 -0.423077
v -2.052817 1.350000 -0.423077
v -1.978169 1.350000 -0.423077
v -1.903521 1.350000 -0.423077
v -1.828873 1.612757 -0.423077
v -1.754225 1.627441 -0.423077
v -1.679577 1.630188 -0.423077
v -1.604930 1.623154 -0.423077
v -1.530282 1.661453 -0.423077
v -1.455634 1.711130 -0.423077
v -1.380986 1.729571 -0.423077
v -1.306338 1.752202 -0.423077
v -1.231690 1.757264 -0.423077
v -1.157042 1.745977 -0.423077
v -1.082394 1.757285 -0.423077
v -1.007746 1.788855 -0.423077
v -0.933099 1.787611 -0.423077
v -0.858451 1.765127 -0.423077
v -0.783803 1.764753 -0.423077
v -0.709155 1.754164 -0.423077
v -0.634507 1.763482 -0.423077
v -0.559859 1.749126 -0.423077
v -0.485211 1.719237 -0.423077
v -0.410563 1.703673 -0.423077
v -0.335915 1.722603 -0.423077
v -0.261268 1.729529 -0.423077
v -0.186620 1.665481 -0.423077
v -0.111972 1.714732 -0.423077
v -0.037324 1.681413 -0.423077
v 0.037324 1.633804 -0.423077
v 0.111972 1.676459 -0.423077
v 0.186620 1.674555 -0.423077
v 0.261268 1.647309 -0.423077
v 0.335915 1.603731 -0.423077
v 0.410563 1.595797 -0.423077
v 0.485211 1.610825 -0.423077
v 0.559859 1.603811 -0.423077
v 0.634507 1.636171 -0.423077
v 0.709155 1.596177 -0.423077
v 0.783803 1.591361 -0.423077
v 0.858451 1.565647 -0.423077
v 0.933099 1.576037 -0.423077
v 1.007746 1.596419 -0.423077
v 1.082394 1.578787 -0.423077
v 1.157042 1.612479 -0.423077
v 1.231690 1.747293 -0.423077
v 1.306338 1.804255 -0.423077
v 1.380986 1.823093 -0.423077
v 1.455634 1.823399 -0.423077
v 1.530282 1.832857 -0.423077
v 1.604930 1.821886 -0.423077
v 1.679577 1.819624 -0.423077
v 1.754225 1.819691 -0.423077
v 1.828873 1.848846 -0.423077
v 1.903521 1.870966 -0.423077
v 1.978169 1.856556 -0.423077
v 2.052817 1.819332 -0.423077
v 2.127465 1.816854 -0.423077
v 2.202113 1.833763 -0.423077
v 2.276761 1.804102 -0.423077
v 2.351408 1.686168 -0.423077
v 2.426056 1.625498 -0.423077
v 2.500704 1.504301 -0.423077
v 2.575352 1.566484 -0.423077
v 2.650000 1.692345 -0.423077
v -2.650000 1.350000 -0.346154
v -2.575352 1.350000 -0.346154
v -2.500704 1.350000 -0.346154
v -2.426056 1.350000 -0.346154
v -2.351408 1.350000 -0.346154
v -2.276761 1.350000 -0.346154
v -2.202113 1.350000 -0.346154
v -2.127465 1.350000 -0.346154
v -2.052817 1.350000 -0.346154
v -1.978169 1.350000 -0.346154
v -1.903521 1.350000 -0.346154
v -1.828873 1.350000 -0.346154
v -1.754225 1.350000 -0.346154
v -1.679577 1.350000 -0.346154
v -1.604930 1.350000 -0.346154
v -1.530282 1.697258 -0.346154
v -1.455634 1.722538 -0.346154
v -1.380986 1.744306 -0.346154
v -1.306338 1.758732 -0.346154
v -1.231690 1.771144 -0.346154
v -1.157042 1.758314 -0.346154
v -1.082394 1.775737 -0.346154
v -1.007746 1.790822 -0.346154
v -0.933099 1.807080 -0.346154
v -0.858451 1.773334 -0.346154
v -0.783803 1.779439 -0.346154
v -0.709155 1.759224 -0.346154
v -0.634507 1.729615 -0.346154
v -0.559859 1.693478 -0.346154
v -0.485211 1.703629 -0.346154
v -0.410563 1.755735 -0.346154
v -0.335915 1.735340 -0.346154
v -0.261268 1.691935 -0.346154
v -0.186620 1.634603 -0.346154
v -0.111972 1.639398 -0.346154
v -0.037324 1.656482 -0.346154
v 0.037324 1.682154 -0.346154
v 0.111972 1.625342 -0.346154
v 0.186620 1.566212 -0.346154
v 0.261268 1.555282 -0.346154
v 0.335915 1.417300 -0.346154
v 0.410563 1.449929 -0.346154
v 0.485211 1.445014 -0.346154
v 0.559859 1.462357 -0.346154
v 0.634507 1.418512 -0.346154
v 0.709155 1.418655 -0.346154
v 0.783803 1.427283 -0.346154
v 0.858451 1.429431 -0.346154
v 0.933099 1.484496 -0.346154
v 1.007746 1.542067 -0.346154
v 1.082394 1.648960 -0.346154
v 1.157042 1.685245 -0.346154
v 1.231690 1.743553 -0.346154
v 1.306338 1.796684 -0.346154
v 1.380986 1.821508 -0.346154
v 1.455634 1.778750 -0.346154
v 1.530282 1.814353 -0.346154
v 1.604930 1.838897 -0.346154
v 1.679577 1.834982 -0.346154
v 1.754225 1.843116 -0.346154
v 1.828873 1.884625 -0.346154
v 1.903521 1.891533 -0.346154
v 1.978169 1.873019 -0.346154
v 2.052817 1.846265 -0.346154
v 2.127465 1.815939 -0.346154
v 2.202113 1.790372 -0.346154
v 2.276761 1.781929 -0.346154
v 2.351408 1.750585 -0.346154
v 2.426056 1.728244 -0.346154
v 2.500704 1.630111 -0.346154
v 2.575352 1.548601 -0.346154
v 2.650000 1.612455 -0.346154
v -2.650000 1.350000 -0.269231
v -2.575352 1.350000 -0.269231
v -2.500704 1.350000 -0.269231
v -2.426056 1.350000 -0.269231
v -2.351408 1.350000 -0.269231
v -2.276761 1.350000 -0.269231
v -2.202113 1.350000 -0.269231
v -2.127465 1.350000 -0.269231
v -2.052817 1.350000 -0.269231
v -1.978169 1.350000 -0.269231
v -1.903521 1.350000 -0.269231
v -1.828873 1.350000 -0.269231
v -1.754225 1.350000 -0.269231
v -1.679577 1.350000 -0.269231
v -1.604930 1.350000 -0.269231
v -1.530282 1.350000 -0.269231
v -1.455634 1.724705 -0.269231
v -1.380986 1.746073 -0.269231
v -1.306338 1.748997 -0.269231
v -1.231690 1.764581 -0.269231
v -1.157042 1.778625 -0.269231
v -1.082394 1.775346 -0.269231
v -1.007746 1.772671 -0.269231
v -0.933099 1.775284 -0.269231
v -0.858451 1.778360 -0.269231
v -0.783803 1.777484 -0.269231
v -0.709155 1.775928 -0.269231
v -0.634507 1.766088 -0.269231
v -0.559859 1.740064 -0.269231
v -0.485211 1.756277 -0.269231
v -0.410563 1.764228 -0.269231
v -0.335915 1.694299 -0.269231
v -0.261268 1.601424 -0.269231
v -0.186620 1.668734 -0.269231
v -0.111972 1.611966 -0.269231
v -0.037324 1.550220 -0.269231
v 0.037324 1.391989 -0.269231
v 0.111972 1.368507 -0.269231
v 0.186620 1.394628 -0.269231
v 0.261268 1.388401 -0.269231
v 0.335915 1.313615 -0.269231
v 0.410563 1.311145 -0.269231
v 0.485211 1.466063 -0.269231
v 0.559859 1.471213 -0.269231
v 0.634507 1.391799 -0.269231
v 0.709155 1.460967 -0.269231
v 0.783803 1.517180 -0.269231
v 0.858451 1.553754 -0.269231
v 0.933099 1.656238 -0.269231
v 1.007746 1.643551 -0.269231
v 1.082394 1.685592 -0.269231
v 1.157042 1.745131 -0.269231
v 1.231690 1.773561 -0.269231
v 1.306338 1.789359 -0.269231
v 1.380986 1.814606 -0.269231
v 1.455634 1.811124 -0.269231
v 1.530282 1.822598 -0.269231
v 1.604930 1.837371 -0.269231
v 1.679577 1.850645 -0.269231
v 1.754225 1.856765 -0.269231
v 1.828873 1.873463 -0.269231
v 1.903521 1.885625 -0.269231
v 1.978169 1.875262 -0.269231
v 2.052817 1.859023 -0.269231
v 2.127465 1.788196 -0.269231
v 2.202113 1.640041 -0.269231
v 2.276761 1.665032 -0.269231
v 2.351408 1.756917 -0.269231
v 2.426056 1.775631 -0.269231
v 2.500704 1.742544 -0.269231
v 2.575352 1.616693 -0.269231
v 2.650000 1.618020 -0.269231
v -2.650000 1.350000 -0.192308
v -2.575352 1.350000 -0.192308
v -2.500704 1.350000 -0.192308
v -2.426056 1.350000 -0.192308
v -2.351408 1.350000 -0.192308
v -2.276761 1.350000 -0.192308
v -2.202113 1.350000 -0.192308
v -2.127465 1.350000 -0.192308
v -2.052817 1.350000 -0.192308
v -1.978169 1.350000 -0.192308
v -1.903521 1.350000 -0.192308
v -1.828873 1.350000 -0.192308
v -1.754225 1.350000 -0.192308
v -1.679577 1.350000 -0.192308
v -1.604930 1.350000 -0.192308
v -1.530282 1.350000 -0.192308
v -1.455634 1.350000 -0.192308
v -1.380986 1.756131 -0.192308
v -1.306338 1.775145 -0.192308
v -1.231690 1.779330 -0.192308
v -1.157042 1.776066 -0.192308
v -1.082394 1.765575 -0.192308
v -1.007746 1.742905 -0.192308
v -0.933099 1.729448 -0.192308
v -0.858451 1.735611 -0.192308
v -0.783803 1.736326 -0.192308
v -0.709155 1.770804 -0.192308
v -0.634507 1.761244 -0.192308
v -0.559859 1.753772 -0.192308
v -0.485211 1.758657 -0.192308
v -0.410563 1.757754 -0.192308
v -0.335915 1.661193 -0.192308
v -0.261268 1.693291 -0.192308
v -0.186620 1.585368 -0.192308
v -0.111972 1.483127 -0.192308
v -0.037324 1.323620 -0.192308
v 0.037324 1.428441 -0.192308
v 0.111972 1.567096 -0.192308
v 0.186620 1.525237 -0.192308
v 0.261268 1.404092 -0.192308
v 0.335915 1.433083 -0.192308
v 0.410563 1.401109 -0.192308
v 0.485211 1.666360 -0.192308
v 0.559859 1.517410 -0.192308
v 0.634507 1.609095 -0.192308
v 0.709155 1.705725 -0.192308
v 0.783803 1.753301 -0.192308
v 0.858451 1.626947 -0.192308
v 0.933099 1.661911 -0.192308
v 1.007746 1.671739 -0.192308
v 1.082394 1.722115 -0.192308
v 1.157042 1.764083 -0.192308
v 1.231690 1.784848 -0.192308
v 1.306338 1.811596 -0.192308
v 1.380986 1.837441 -0.192308
v 1.455634 1.833475 -0.192308
v 1.530282 1.814195 -0.192308
v 1.604930 1.838647 -0.192308
v 1.679577 1.861452 -0.192308
v 1.754225 1.864063 -0.192308
v 1.828873 1.875439 -0.192308
v 1.903521 1.885428 -0.192308
v 1.978169 1.871923 -0.192308
v 2.052817 1.833646 -0.192308
v 2.127465 1.781689 -0.192308
v 2.202113 1.725450 -0.192308
v 2.276761 1.663384 -0.192308
v 2.351408 1.787873 -0.192308
v 2.426056 1.780751 -0.192308
v 2.500704 1.753415 -0.192308
v 2.575352 1.723345 -0.192308
v 2.650000 1.656836 -0.192308
v -2.650000 1.350000 -0.115385
v -2.575352 1.350000 -0.115385
v -2.500704 1.350000 -0.115385
v -2.426056 1.350000 -0.115385
v -2.351408 1.350000 -0.115385
v -2.276761 1.350000 -0.115385
v -2.202113 1.350000 -0.115385
v -2.127465 1.350000 -0.115385
v -2.052817 1.350000 -0.115385
v -1.978169 1.350000 -0.115385
v -1.903521 1.350000 -0.115385
v -1.828873 1.350000 -0.115385
v -1.754225 1.350000 -0.115385
v -1.679577 1.350000 -0.115385
v -1.604930 1.350000 -0.115385
v -1.530282 1.350000 -0.115385
v -1.455634 1.350000 -0.115385
v -1.380986 1.743963 -0.115385
v -1.306338 1.770082 -0.115385
v -1.231690 1.793153 -0.115385
v -1.157042 1.791736 -0.115385
v -1.082394 1.754351 -0.115385
v -1.007746 1.736293 -0.115385
v -0.933099 1.703280 -0.115385
v -0.858451 1.673042 -0.115385
v -0.783803 1.647736 -0.115385
v -0.709155 1.747212 -0.115385
v -0.634507 1.669874 -0.115385
v -0.559859 1.756312 -0.115385
v -0.485211 1.775766 -0.115385
v -0.410563 1.777193 -0.115385
v -0.335915 1.751883 -0.115385
v -0.261268 1.661745 -0.115385
v -0.186620 1.451218 -0.115385
v -0.111972 1.364387 -0.115385
v -0.037324 1.427795 -0.115385
v 0.037324 1.707492 -0.115385
v 0.111972 1.829121 -0.115385
v 0.186620 1.800894 -0.115385
v 0.261268 1.760011 -0.115385
v 0.335915 1.716815 -0.115385
v 0.410563 1.734296 -0.115385
v 0.485211 1.732399 -0.115385
v 0.559859 1.812935 -0.115385
v 0.634507 1.865422 -0.115385
v 0.709155 1.875454 -0.115385
v 0.783803 1.885204 -0.115385
v 0.858451 1.789148 -0.115385
v 0.933099 1.704912 -0.115385
v 1.007746 1.701864 -0.115385
v 1.082394 1.760557 -0.115385
v 1.157042 1.791676 -0.115385
v 1.231690 1.810880 -0.115385
v 1.306338 1.836898 -0.115385
v 1.380986 1.847547 -0.115385
v 1.455634 1.841454 -0.115385
v 1.530282 1.849626 -0.115385
v 1.604930 1.850461 -0.115385
v 1.679577 1.867708 -0.115385
v 1.754225 1.873506 -0.115385
v 1.828873 1.883826 -0.115385
v 1.903521 1.882657 -0.115385
v 1.978169 1.873693 -0.115385
v 2.052817 1.849779 -0.115385
v 2.127465 1.788368 -0.115385
v 2.202113 1.783082 -0.115385
v 2.276761 1.736881 -0.115385
v 2.351408 1.641114 -0.115385
v 2.426056 1.705621 -0.115385
v 2.500704 1.642445 -0.115385
v 2.575352 1.676754 -0.115385
v 2.650000 1.685156 -0.115385
v -2.650000 1.350000 -0.038462
v -2.575352 1.350000 -0.038462
v -2.500704 1.350000 -0.038462
v -2.426056 1.350000 -0.038462
v -2.351408 1.350000 -0.038462
v -2.276761 1.350000 -0.038462
v -2.202113 1.350000 -0.038462
v -2.127465 1.350000 -0.038462
v -2.052817 1.350000 -0.038462
v -1.978169 1.350000 -0.038462
v -1.903521 1.350000 -0.038462
v -1.828873 1.350000 -0.038462
v -1.754225 1.350000 -0.038462
v -1.679577 1.350000 -0.038462
v -1.604930 1.350000 -0.038462
v -1.530282 1.350000 -0.038462
v -1.455634 1.350000 -0.038462
v -1.380986 1.746407 -0.038462
v -1.306338 1.772707 -0.038462
v -1.231690 1.790567 -0.038462
v -1.157042 1.794465 -0.038462
v -1.082394 1.785824 -0.038462
v -1.007746 1.779244 -0.038462
v -0.933099 1.748506 -0.038462
v -0.858451 1.704130 -0.038462
v -0.783803 1.621014 -0.038462
v -0.709155 1.692572 -0.038462
v -0.634507 1.678124 -0.038462
v -0.559859 1.688814 -0.038462
v -0.485211 1.774496 -0.038462
v -0.410563 1.778967 -0.038462
v -0.335915 1.708836 -0.038462
v -0.261268 1.538907 -0.038462
v -0.186620 1.420412 -0.038462
v -0.111972 1.523210 -0.038462
v -0.037324 1.804664 -0.038462
v 0.037324 1.841606 -0.038462
v 0.111972 1.858041 -0.038462
v 0.186620 1.884624 -0.038462
v 0.261268 1.886511 -0.038462
v 0.335915 1.903170 -0.038462
v 0.410563 1.915255 -0.038462
v 0.485211 1.925373 -0.038462
v 0.559859 1.890486 -0.038462
v 0.634507 1.870084 -0.038462
v 0.709155 1.350000 -0.038462
v 0.783803 1.350000 -0.038462
v 0.858451 1.843484 -0.038462
v 0.933099 1.780876 -0.038462
v 1.007746 1.714243 -0.038462
v 1.082394 1.753146 -0.038462
v 1.157042 1.809476 -0.038462
v 1.231690 1.811839 -0.038462
v 1.306338 1.836530 -0.038462
v 1.380986 1.837997 -0.038462
v 1.455634 1.836340 -0.038462
v 1.530282 1.852855 -0.038462
v 1.604930 1.865250 -0.038462
v 1.679577 1.861724 -0.038462
v 1.754225 1.859294 -0.038462
v 1.828873 1.876125 -0.038462
v 1.903521 1.876409 -0.038462
v 1.978169 1.876614 -0.038462
v 2.052817 1.801223 -0.038462
v 2.127465 1.723667 -0.038462
v 2.202113 1.604873 -0.038462
v 2.276761 1.736993 -0.038462
v 2.351408 1.647317 -0.038462
v 2.426056 1.718757 -0.038462
v 2.500704 1.680412 -0.038462
v 2.575352 1.637544 -0.038462
v 2.650000 1.658284 -0.038462
v -2.650000 1.350000 0.038462
v -2.575352 1.350000 0.038462
v -2.500704 1.350000 0.038462
v -2.426056 1.350000 0.038462
v -2.351408 1.350000 0.038462
v -2.276761 1.350000 0.038462
v -2.202113 1.350000 0.038462
v -2.127465 1.350000 0.038462
v -2.052817 1.350000 0.038462
v -1.978169 1.350000 0.038462
v -1.903521 1.350000 0.038462
v -1.828873 1.350000 0.038462
v -1.754225 1.350000 0.038462
v -1.679577 1.350000 0.038462
v -1.604930 1.350000 0.038462
v -1.530282 1.350000 0.038462
v -1.455634 1.350000 0.038462
v -1.380986 1.765122 0.038462
v -1.306338 1.783257 0.038462
v -1.231690 1.802111 0.038462
v -1.157042 1.814883 0.038462
v -1.082394 1.815795 0.038462
v -1.007746 1.805893 0.038462
v -0.933099 1.803524 0.038462
v -0.858451 1.752986 0.038462
v -0.783803 1.692375 0.038462
v -0.709155 1.642598 0.038462
v -0.634507 1.630779 0.038462
v -0.559859 1.695215 0.038462
v -0.485211 1.829424 0.038462
v -0.410563 1.761006 0.038462
v -0.335915 1.674962 0.038462
v -0.261268 1.527341 0.038462
v -0.186620 1.477869 0.038462
v -0.111972 1.659639 0.038462
v -0.037324 1.839245 0.038462
v 0.037324 1.841000 0.038462
v 0.111972 1.856311 0.038462
v 0.186620 1.790440 0.038462
v 0.261268 1.831651 0.038462
v 0.335915 1.902018 0.038462
v 0.410563 1.949106 0.038462
v 0.485211 1.958438 0.038462
v 0.559859 1.930981 0.038462
v 0.634507 1.900255 0.038462
v 0.709155 1.350000 0.038462
v 0.783803 1.350000 0.038462
v 0.858451 1.879469 0.038462
v 0.933099 1.350000 0.038462
v 1.007746 1.350000 0.038462
v 1.082394 1.712559 0.038462
v 1.157042 1.733939 0.038462
v 1.231690 1.756034 0.038462
v 1.306338 1.803201 0.038462
v 1.380986 1.819105 0.038462
v 1.455634 1.843250 0.038462
v 1.530282 1.842585 0.038462
v 1.604930 1.843469 0.038462
v 1.679577 1.863432 0.038462
v 1.754225 1.870566 0.038462
v 1.828873 1.877007 0.038462
v 1.903521 1.865986 0.038462
v 1.978169 1.870784 0.038462
v 2.052817 1.803687 0.038462
v 2.127465 1.778438 0.038462
v 2.202113 1.874291 0.038462
v 2.276761 1.906016 0.038462
v 2.351408 1.875898 0.038462
v 2.426056 1.866646 0.038462
v 2.500704 1.854055 0.038462
v 2.575352 1.846172 0.038462
v 2.650000 1.852465 0.038462
v -2.650000 1.350000 0.115385
v -2.575352 1.350000 0.115385
v -2.500704 1.350000 0.115385
v -2.426056 1.350000 0.115385
v -2.351408 1.350000 0.115385
v -2.276761 1.350000 0.115385
v -2.202113 1.350000 0.115385
v -2.127465 1.350000 0.115385
v -2.052817 1.350000 0.115385
v -1.978169 1.350000 0.115385
v -1.903521 1.350000 0.115385
v -1.828873 1.350000 0.115385
v -1.754225 1.350000 0.115385
v -1.679577 1.350000 0.115385
v -1.604930 1.350000 0.115385
v -1.530282 1.350000 0.115385
v -1.455634 1.350000 0.115385
v -1.380986 1.761677 0.115385
v -1.306338 1.784807 0.115385
v -1.231690 1.789629 0.115385
v -1.157042 1.806532 0.115385
v -1.082394 1.827354 0.115385
v -1.007746 1.833192 0.115385
v -0.933099 1.824997 0.115385
v -0.858451 1.801902 0.115385
v -0.783803 1.750046 0.115385
v -0.709155 1.714056 0.115385
v -0.634507 1.692688 0.115385
v -0.559859 1.852583 0.115385
v -0.485211 1.913689 0.115385
v -0.410563 1.838550 0.115385
v -0.335915 1.790986 0.115385
v -0.261268 1.724638 0.115385
v -0.186620 1.538060 0.115385
v -0.111972 1.577930 0.115385
v -0.037324 1.692991 0.115385
v 0.037324 1.763902 0.115385
v 0.111972 1.350000 0.115385
v 0.186620 1.790245 0.115385
v 0.261268 1.783730 0.115385
v 0.335915 1.731499 0.115385
v 0.410563 1.758725 0.115385
v 0.485211 1.858836 0.115385
v 0.559859 1.901723 0.115385
v 0.634507 1.925056 0.115385
v 0.709155 1.350000 0.115385
v 0.783803 1.350000 0.115385
v 0.858451 1.350000 0.115385
v 0.933099 1.350000 0.115385
v 1.007746 1.350000 0.115385
v 1.082394 1.857151 0.115385
v 1.157042 1.809024 0.115385
v 1.231690 1.738854 0.115385
v 1.306338 1.677396 0.115385
v 1.380986 1.725036 0.115385
v 1.455634 1.744471 0.115385
v 1.530282 1.770813 0.115385
v 1.604930 1.750039 0.115385
v 1.679577 1.772499 0.115385
v 1.754225 1.778787 0.115385
v 1.828873 1.820845 0.115385
v 1.903521 1.843027 0.115385
v 1.978169 1.862702 0.115385
v 2.052817 1.761073 0.115385
v 2.127465 1.833048 0.115385
v 2.202113 1.918005 0.115385
v 2.276761 1.925823 0.115385
v 2.351408 1.922672 0.115385
v 2.426056 1.926792 0.115385
v 2.500704 1.932927 0.115385
v 2.575352 1.928896 0.115385
v 2.650000 1.915372 0.115385
v -2.650000 1.350000 0.192308
v -2.575352 1.350000 0.192308
v -2.500704 1.350000 0.192308
v -2.426056 1.628102 0.192308
v -2.351408 1.632983 0.192308
v -2.276761 1.658165 0.192308
v -2.202113 1.350000 0.192308
v -2.127465 1.350000 0.192308
v -2.052817 1.350000 0.192308
v -1.978169 1.350000 0.192308
v -1.903521 1.350000 0.192308
v -1.828873 1.350000 0.192308
v -1.754225 1.350000 0.192308
v -1.679577 1.350000 0.192308
v -1.604930 1.350000 0.192308
v -1.530282 1.350000 0.192308
v -1.455634 1.350000 0.192308
v -1.380986 1.748292 0.192308
v -1.306338 1.768402 0.192308
v -1.231690 1.775352 0.192308
v -1.157042 1.804431 0.192308
v -1.082394 1.828046 0.192308
v -1.007746 1.830374 0.192308
v -0.933099 1.848076 0.192308
v -0.858451 1.827673 0.192308
v -0.783803 1.734655 0.192308
v -0.709155 1.776419 0.192308
v -0.634507 1.837202 0.192308
v -0.559859 1.902296 0.192308
v -0.485211 1.924585 0.192308
v -0.410563 1.907516 0.192308
v -0.335915 1.872979 0.192308
v -0.261268 1.793822 0.192308
v -0.186620 1.739663 0.192308
v -0.111972 1.747273 0.192308
v -0.037324 1.747229 0.192308
v 0.037324 1.350000 0.192308
v 0.111972 1.350000 0.192308
v 0.186620 1.350000 0.192308
v 0.261268 1.350000 0.192308
v 0.335915 1.869805 0.192308
v 0.410563 1.899786 0.192308
v 0.485211 1.914202 0.192308
v 0.559859 1.805144 0.192308
v 0.634507 1.829457 0.192308
v 0.709155 1.885272 0.192308
v 0.783803 1.912203 0.192308
v 0.858451 1.350000 0.192308
v 0.933099 1.350000 0.192308
v 1.007746 1.350000 0.192308
v 1.082394 1.350000 0.192308
v 1.157042 1.927252 0.192308
v 1.231690 1.873227 0.192308
v 1.306338 1.782860 0.192308
v 1.380986 1.714686 0.192308
v 1.455634 1.714831 0.192308
v 1.530282 1.726217 0.192308
v 1.604930 1.707122 0.192308
v 1.679577 1.704662 0.192308
v 1.754225 1.712363 0.192308
v 1.828873 1.755318 0.192308
v 1.903521 1.796975 0.192308
v 1.978169 1.856953 0.192308
v 2.052817 1.794343 0.192308
v 2.127465 1.818622 0.192308
v 2.202113 1.864135 0.192308
v 2.276761 1.923564 0.192308
v 2.351408 1.927223 0.192308
v 2.426056 1.939479 0.192308
v 2.500704 1.962696 0.192308
v 2.575352 1.971986 0.192308
v 2.650000 1.957337 0.192308
v -2.650000 1.350000 0.269231
v -2.575352 1.628598 0.269231
v -2.500704 1.632979 0.269231
v -2.426056 1.660451 0.269231
v -2.351408 1.683147 0.269231
v -2.276761 1.692417 0.269231
v -2.202113 1.683807 0.269231
v -2.127465 1.653061 0.269231
v -2.052817 1.660370 0.269231
v -1.978169 1.640047 0.269231
v -1.903521 1.621456 0.269231
v -1.828873 1.657692 0.269231
v -1.754225 1.676514 0.269231
v -1.679577 1.702681 0.269231
v -1.604930 1.692707 0.269231
v -1.530282 1.680886 0.269231
v -1.455634 1.692868 0.269231
v -1.380986 1.735091 0.269231
v -1.306338 1.756068 0.269231
v -1.231690 1.756911 0.269231
v -1.157042 1.774834 0.269231
v -1.082394 1.795026 0.269231
v -1.007746 1.797894 0.269231
v -0.933099 1.816853 0.269231
v -0.858451 1.798960 0.269231
v -0.783803 1.824250 0.269231
v -0.709155 1.879484 0.269231
v -0.634507 1.350000 0.269231
v -0.559859 1.350000 0.269231
v -0.485211 1.871138 0.269231
v -0.410563 1.888989 0.269231
v -0.335915 1.840653 0.269231
v -0.261268 1.839374 0.269231
v -0.186620 1.838323 0.269231
v -0.111972 1.350000 0.269231
v -0.037324 1.350000 0.269231
v 0.037324 1.350000 0.269231
v 0.111972 1.350000 0.269231
v 0.186620 1.350000 0.269231
v 0.261268 1.350000 0.269231
v 0.335915 1.350000 0.269231
v 0.410563 1.861922 0.269231
v 0.485211 1.862764 0.269231
v 0.559859 1.887074 0.269231
v 0.634507 1.876721 0.269231
v 0.709155 1.842648 0.269231
v 0.783803 1.867446 0.269231
v 0.858451 1.906422 0.269231
v 0.933099 1.350000 0.269231
v 1.007746 1.350000 0.269231
v 1.082394 1.350000 0.269231
v 1.157042 1.350000 0.269231
v 1.231690 1.350000 0.269231
v 1.306338 1.898217 0.269231
v 1.380986 1.886388 0.269231
v 1.455634 1.932637 0.269231
v 1.530282 1.744247 0.269231
v 1.604930 1.677983 0.269231
v 1.679577 1.658663 0.269231
v 1.754225 1.686057 0.269231
v 1.828873 1.671362 0.269231
v 1.903521 1.722912 0.269231
v 1.978169 1.781875 0.269231
v 2.052817 1.857127 0.269231
v 2.127465 1.787567 0.269231
v 2.202113 1.726968 0.269231
v 2.276761 1.793183 0.269231
v 2.351408 1.861203 0.269231
v 2.426056 1.892513 0.269231
v 2.500704 1.897828 0.269231
v 2.575352 1.945726 0.269231
v 2.650000 1.944267 0.269231
v -2.650000 1.350000 0.346154
v -2.575352 1.631904 0.346154
v -2.500704 1.657115 0.346154
v -2.426056 1.714192 0.346154
v -2.351408 1.760848 0.346154
v -2.276761 1.742110 0.346154
v -2.202113 1.744685 0.346154
v -2.127465 1.712589 0.346154
v -2.052817 1.763406 0.346154
v -1.978169 1.755265 0.346154
v -1.903521 1.737026 0.346154
v -1.828873 1.769097 0.346154
v -1.754225 1.779336 0.346154
v -1.679577 1.773488 0.346154
v -1.604930 1.756847 0.346154
v -1.530282 1.756033 0.346154
v -1.455634 1.808432 0.346154
v -1.380986 1.792749 0.346154
v -1.306338 1.747537 0.346154
v -1.231690 1.675881 0.346154
v -1.157042 1.650132 0.346154
v -1.082394 1.643593 0.346154
v -1.007746 1.643836 0.346154
v -0.933099 1.633780 0.346154
v -0.858451 1.691764 0.346154
v -0.783803 1.825510 0.346154
v -0.709155 1.350000 0.346154
v -0.634507 1.350000 0.346154
v -0.559859 1.350000 0.346154
v -0.485211 1.350000 0.346154
v -0.410563 1.350000 0.346154
v -0.335915 1.350000 0.346154
v -0.261268 1.350000 0.346154
v -0.186620 1.350000 0.346154
v -0.111972 1.350000 0.346154
v -0.037324 1.350000 0.346154
v 0.037324 1.350000 0.346154
v 0.111972 1.350000 0.346154
v 0.186620 1.815793 0.346154
v 0.261268 1.350000 0.346154
v 0.335915 1.350000 0.346154
v 0.410563 1.883787 0.346154
v 0.485211 1.897099 0.346154
v 0.559859 1.832602 0.346154
v 0.634507 1.892290 0.346154
v 0.709155 1.827741 0.346154
v 0.783803 1.689196 0.346154
v 0.858451 1.852351 0.346154
v 0.933099 1.350000 0.346154
v 1.007746 1.350000 0.346154
v 1.082394 1.350000 0.346154
v 1.157042 1.350000 0.346154
v 1.231690 1.350000 0.346154
v 1.306338 1.350000 0.346154
v 1.380986 1.350000 0.346154
v 1.455634 1.933012 0.346154
v 1.530282 1.843832 0.346154
v 1.604930 1.761152 0.346154
v 1.679577 1.730299 0.346154
v 1.754225 1.661307 0.346154
v 1.828873 1.681118 0.346154
v 1.903521 1.821484 0.346154
v 1.978169 1.801847 0.346154
v 2.052817 1.805112 0.346154
v 2.127465 1.727509 0.346154
v 2.202113 1.764869 0.346154
v 2.276761 1.789263 0.346154
v 2.351408 1.778634 0.346154
v 2.426056 1.738508 0.346154
v 2.500704 1.781706 0.346154
v 2.575352 1.817493 0.346154
v 2.650000 1.836400 0.346154
v -2.650000 1.350000 0.423077
v -2.575352 1.350000 0.423077
v -2.500704 1.694305 0.423077
v -2.426056 1.744806 0.423077
v -2.351408 1.792130 0.423077
v -2.276761 1.753026 0.423077
v -2.202113 1.736138 0.423077
v -2.127465 1.805889 0.423077
v -2.052817 1.855544 0.423077
v -1.978169 1.884093 0.423077
v -1.903521 1.880803 0.423077
v -1.828873 1.888672 0.423077
v -1.754225 1.874866 0.423077
v -1.679577 1.779835 0.423077
v -1.604930 1.766036 0.423077
v -1.530282 1.832716 0.423077
v -1.455634 1.909289 0.423077
v -1.380986 1.903924 0.423077
v -1.306338 1.913808 0.423077
v -1.231690 1.914091 0.423077
v -1.157042 1.911431 0.423077
v -1.082394 1.827624 0.423077
v -1.007746 1.752051 0.423077
v -0.933099 1.688248 0.423077
v -0.858451 1.680449 0.423077
v -0.783803 1.803342 0.423077
v -0.709155 1.824834 0.423077
v -0.634507 1.350000 0.423077
v -0.559859 1.350000 0.423077
v -0.485211 1.350000 0.423077
v -0.410563 1.350000 0.423077
v -0.335915 1.350000 0.423077
v -0.261268 1.350000 0.423077
v -0.186620 1.350000 0.423077
v -0.111972 1.350000 0.423077
v -0.037324 1.350000 0.423077
v 0.037324 1.350000 0.423077
v 0.111972 1.700671 0.423077
v 0.186620 1.736152 0.423077
v 0.261268 1.350000 0.423077
v 0.335915 1.350000 0.423077
v 0.410563 1.350000 0.423077
v 0.485211 1.350000 0.423077
v 0.559859 1.923169 0.423077
v 0.634507 1.907804 0.423077
v 0.709155 1.874790 0.423077
v 0.783803 1.713255 0.423077
v 0.858451 1.765305 0.423077
v 0.933099 1.829262 0.423077
v 1.007746 1.889401 0.423077
v 1.082394 1.350000 0.423077
v 1.157042 1.350000 0.423077
v 1.231690 1.350000 0.423077
v 1.306338 1.350000 0.423077
v 1.380986 1.350000 0.423077
v 1.455634 1.350000 0.423077
v 1.530282 1.350000 0.423077
v 1.604930 1.829450 0.423077
v 1.679577 1.943142 0.423077
v 1.754225 1.784245 0.423077
v 1.828873 1.842257 0.423077
v 1.903521 1.791021 0.423077
v 1.978169 1.827333 0.423077
v 2.052817 1.885879 0.423077
v 2.127465 1.753379 0.423077
v 2.202113 1.800869 0.423077
v 2.276761 1.727273 0.423077
v 2.351408 1.695223 0.423077
v 2.426056 1.881128 0.423077
v 2.500704 1.929761 0.423077
v 2.575352 1.929347 0.423077
v 2.650000 1.960115 0.423077
v -2.650000 1.350000 0.500000
v -2.575352 1.350000 0.500000
v -2.500704 1.710304 0.500000
v -2.426056 1.739443 0.500000
v -2.351408 1.741077 0.500000
v -2.276761 1.803080 0.500000
v -2.202113 1.837690 0.500000
v -2.127465 1.861478 0.500000
v -2.052817 1.896169 0.500000
v -1.978169 1.904872 0.500000
v -1.903521 1.930601 0.500000
v -1.828873 1.918978 0.500000
v -1.754225 1.909677 0.500000
v -1.679577 1.868695 0.500000
v -1.604930 1.821769 0.500000
v -1.530282 1.855771 0.500000
v -1.455634 1.895680 0.500000
v -1.380986 1.969102 0.500000
v -1.306338 1.998788 0.500000
v -1.231690 2.015657 0.500000
v -1.157042 2.009643 0.500000
v -1.082394 1.955902 0.500000
v -1.007746 1.895321 0.500000
v -0.933099 1.850495 0.500000
v -0.858451 1.817859 0.500000
v -0.783803 1.840582 0.500000
v -0.709155 1.842776 0.500000
v -0.634507 1.350000 0.500000
v -0.559859 1.350000 0.500000
v -0.485211 1.350000 0.500000
v -0.410563 1.350000 0.500000
v -0.335915 1.350000 0.500000
v -0.261268 1.350000 0.500000
v -0.186620 1.350000 0.500000
v -0.111972 1.350000 0.500000
v -0.037324 1.350000 0.500000
v 0.037324 1.350000 0.500000
v 0.111972 1.824720 0.500000
v 0.186620 1.726445 0.500000
v 0.261268 1.350000 0.500000
v 0.335915 1.350000 0.500000
v 0.410563 1.350000 0.500000
v 0.485211 1.350000 0.500000
v 0.559859 1.350000 0.500000
v 0.634507 1.925353 0.500000
v 0.709155 1.929850 0.500000
v 0.783803 1.820958 0.500000
v 0.858451 1.735714 0.500000
v 0.933099 1.751451 0.500000
v 1.007746 1.861741 0.500000
v 1.082394 1.946499 0.500000
v 1.157042 1.906906 0.500000
v 1.231690 1.350000 0.500000
v 1.306338 1.350000 0.500000
v 1.380986 1.350000 0.500000
v 1.455634 1.350000 0.500000
v 1.530282 1.350000 0.500000
v 1.604930 1.350000 0.500000
v 1.679577 1.996556 0.500000
v 1.754225 1.927633 0.500000
v 1.828873 1.790401 0.500000
v 1.903521 1.685107 0.500000
v 1.978169 1.785319 0.500000
v 2.052817 1.953521 0.500000
v 2.127465 1.956768 0.500000
v 2.202113 1.818602 0.500000
v 2.276761 1.780526 0.500000
v 2.351408 1.726779 0.500000
v 2.426056 1.688495 0.500000
v 2.500704 1.711191 0.500000
v 2.575352 1.867078 0.500000
v 2.650000 1.916585 0.500000
v -2.650000 1.350000 0.576923
v -2.575352 1.350000 0.576923
v -2.500704 1.719808 0.576923
v -2.426056 1.753631 0.576923
v -2.351408 1.758187 0.576923
v -2.276761 1.800626 0.576923
v -2.202113 1.845818 0.576923
v -2.127465 1.895168 0.576923
v -2.052817 1.910787 0.576923
v -1.978169 1.926399 0.576923
v -1.903521 1.930831 0.576923
v -1.828873 1.907067 0.576923
v -1.754225 1.861962 0.576923
v -1.679577 1.849285 0.576923
v -1.604930 1.906218 0.576923
v -1.530282 1.922268 0.576923
v -1.455634 1.946128 0.576923
v -1.380986 1.947205 0.576923
v -1.306338 1.992958 0.576923
v -1.231690 2.020079 0.576923
v -1.157042 1.995560 0.576923
v -1.082394 1.932255 0.576923
v -1.007746 1.859123 0.576923
v -0.933099 1.854639 0.576923
v -0.858451 1.863463 0.576923
v -0.783803 1.350000 0.576923
v -0.709155 1.350000 0.576923
v -0.634507 1.350000 0.576923
v -0.559859 1.350000 0.576923
v -0.485211 1.350000 0.576923
v -0.410563 1.350000 0.576923
v -0.335915 1.350000 0.576923
v -0.261268 1.350000 0.576923
v -0.186620 1.350000 0.576923
v -0.111972 1.350000 0.576923
v -0.037324 1.350000 0.576923
v 0.037324 1.350000 0.576923
v 0.111972 1.350000 0.576923
v 0.186620 1.859176 0.576923
v 0.261268 1.350000 0.576923
v 0.335915 1.350000 0.576923
v 0.410563 1.350000 0.576923
v 0.485211 1.350000 0.576923
v 0.559859 1.350000 0.576923
v 0.634507 1.350000 0.576923
v 0.709155 1.350000 0.576923
v 0.783803 1.919097 0.576923
v 0.858451 1.888328 0.576923
v 0.933099 1.860006 0.576923
v 1.007746 1.836410 0.576923
v 1.082394 1.866322 0.576923
v 1.157042 1.963748 0.576923
v 1.231690 1.918995 0.576923
v 1.306338 1.924270 0.576923
v 1.380986 1.350000 0.576923
v 1.455634 1.350000 0.576923
v 1.530282 1.350000 0.576923
v 1.604930 1.350000 0.576923
v 1.679577 1.350000 0.576923
v 1.754225 1.950836 0.576923
v 1.828873 1.790578 0.576923
v 1.903521 1.753170 0.576923
v 1.978169 1.839965 0.576923
v 2.052817 1.871110 0.576923
v 2.127465 1.901614 0.576923
v 2.202113 1.974022 0.576923
v 2.276761 1.932394 0.576923
v 2.351408 1.853061 0.576923
v 2.426056 1.851726 0.576923
v 2.500704 1.823474 0.576923
v 2.575352 1.881579 0.576923
v 2.650000 1.859361 0.576923
v -2.650000 1.350000 0.653846
v -2.575352 1.350000 0.653846
v -2.500704 1.709486 0.653846
v -2.426056 1.765464 0.653846
v -2.351408 1.811249 0.653846
v -2.276761 1.814416 0.653846
v -2.202113 1.851499 0.653846
v -2.127465 1.864909 0.653846
v -2.052817 1.904615 0.653846
v -1.978169 1.891089 0.653846
v -1.903521 1.868782 0.653846
v -1.828873 1.838389 0.653846
v -1.754225 1.897410 0.653846
v -1.679577 1.975594 0.653846
v -1.604930 1.948827 0.653846
v -1.530282 1.907645 0.653846
v -1.455634 1.902489 0.653846
v -1.380986 1.943277 0.653846
v -1.306338 1.910740 0.653846
v -1.231690 1.913189 0.653846
v -1.157042 1.907147 0.653846
v -1.082394 1.920869 0.653846
v -1.007746 1.350000 0.653846
v -0.933099 1.350000 0.653846
v -0.858451 1.350000 0.653846
v -0.783803 1.350000 0.653846
v -0.709155 1.350000 0.653846
v -0.634507 1.350000 0.653846
v -0.559859 1.350000 0.653846
v -0.485211 1.350000 0.653846
v -0.410563 1.350000 0.653846
v -0.335915 1.350000 0.653846
v -0.261268 1.350000 0.653846
v -0.186620 1.350000 0.653846
v -0.111972 1.350000 0.653846
v -0.037324 1.350000 0.653846
v 0.037324 1.900271 0.653846
v 0.111972 1.873987 0.653846
v 0.186620 1.824610 0.653846
v 0.261268 1.853872 0.653846
v 0.335915 1.350000 0.653846
v 0.410563 1.350000 0.653846
v 0.485211 1.350000 0.653846
v 0.559859 1.350000 0.653846
v 0.634507 1.350000 0.653846
v 0.709155 1.350000 0.653846
v 0.783803 1.350000 0.653846
v 0.858451 1.350000 0.653846
v 0.933099 1.932282 0.653846
v 1.007746 1.818053 0.653846
v 1.082394 1.792595 0.653846
v 1.157042 1.811220 0.653846
v 1.231690 1.900122 0.653846
v 1.306338 1.921478 0.653846
v 1.380986 1.907990 0.653846
v 1.455634 1.920029 0.653846
v 1.530282 1.350000 0.653846
v 1.604930 1.350000 0.653846
v 1.679577 1.976921 0.653846
v 1.754225 1.973304 0.653846
v 1.828873 1.817147 0.653846
v 1.903521 1.773469 0.653846
v 1.978169 1.788275 0.653846
v 2.052817 1.851697 0.653846
v 2.127465 1.982525 0.653846
v 2.202113 2.028324 0.653846
v 2.276761 1.941697 0.653846
v 2.351408 1.943534 0.653846
v 2.426056 1.878980 0.653846
v 2.500704 1.924676 0.653846
v 2.575352 1.350000 0.653846
v 2.650000 1.897661 0.653846
v -2.650000 1.350000 0.730769
v -2.575352 1.350000 0.730769
v -2.500704 1.773109 0.730769
v -2.426056 1.835593 0.730769
v -2.351408 1.821119 0.730769
v -2.276761 1.863966 0.730769
v -2.202113 1.860674 0.730769
v -2.127465 1.908081 0.730769
v -2.052817 1.848275 0.730769
v -1.978169 1.855884 0.730769
v -1.903521 1.910650 0.730769
v -1.828873 2.008059 0.730769
v -1.754225 2.039078 0.730769
v -1.679577 2.043203 0.730769
v -1.604930 2.012545 0.730769
v -1.530282 1.956639 0.730769
v -1.455634 1.875513 0.730769
v -1.380986 1.928967 0.730769
v -1.306338 1.887904 0.730769
v -1.231690 1.883906 0.730769
v -1.157042 1.914171 0.730769
v -1.082394 1.350000 0.730769
v -1.007746 1.350000 0.730769
v -0.933099 1.350000 0.730769
v -0.858451 1.350000 0.730769
v -0.783803 1.350000 0.730769
v -0.709155 1.350000 0.730769
v -0.634507 1.350000 0.730769
v -0.559859 1.350000 0.730769
v -0.485211 1.350000 0.730769
v -0.410563 1.350000 0.730769
v -0.335915 1.350000 0.730769
v -0.261268 1.350000 0.730769
v -0.186620 1.350000 0.730769
v -0.111972 1.350000 0.730769
v -0.037324 1.350000 0.730769
v 0.037324 1.350000 0.730769
v 0.111972 1.874090 0.730769
v 0.186620 1.828482 0.730769
v 0.261268 1.855724 0.730769
v 0.335915 1.350000 0.730769
v 0.410563 1.350000 0.730769
v 0.485211 1.350000 0.730769
v 0.559859 1.350000 0.730769
v 0.634507 1.350000 0.730769
v 0.709155 1.350000 0.730769
v 0.783803 1.350000 0.730769
v 0.858451 1.350000 0.730769
v 0.933099 1.350000 0.730769
v 1.007746 1.350000 0.730769
v 1.082394 1.816831 0.730769
v 1.157042 1.753409 0.730769
v 1.231690 1.845126 0.730769
v 1.306338 1.950043 0.730769
v 1.380986 1.945956 0.730769
v 1.455634 1.937797 0.730769
v 1.530282 1.937209 0.730769
v 1.604930 1.350000 0.730769
v 1.679577 1.350000 0.730769
v 1.754225 1.864445 0.730769
v 1.828873 1.842667 0.730769
v 1.903521 1.753587 0.730769
v 1.978169 1.843418 0.730769
v 2.052817 1.890095 0.730769
v 2.127465 1.846771 0.730769
v 2.202113 1.350000 0.730769
v 2.276761 1.939333 0.730769
v 2.351408 1.889127 0.730769
v 2.426056 1.350000 0.730769
v 2.500704 1.350000 0.730769
v 2.575352 1.350000 0.730769
v 2.650000 1.350000 0.730769
v -2.650000 1.350000 0.807692
v -2.575352 1.350000 0.807692
v -2.500704 1.780967 0.807692
v -2.426056 1.866064 0.807692
v -2.351408 1.926760 0.807692
v -2.276761 1.987560 0.807692
v -2.202113 2.019163 0.807692
v -2.127465 2.029844 0.807692
v -2.052817 2.021555 0.807692
v -1.978169 2.007427 0.807692
v -1.903521 1.996426 0.807692
v -1.828873 2.035959 0.807692
v -1.754225 2.070013 0.807692
v -1.679577 2.077505 0.807692
v -1.604930 2.054831 0.807692
v -1.530282 2.009200 0.807692
v -1.455634 1.971342 0.807692
v -1.380986 1.952239 0.807692
v -1.306338 1.928472 0.807692
v -1.231690 1.904499 0.807692
v -1.157042 1.350000 0.807692
v -1.082394 1.350000 0.807692
v -1.007746 1.350000 0.807692
v -0.933099 1.350000 0.807692
v -0.858451 1.350000 0.807692
v -0.783803 1.887260 0.807692
v -0.709155 1.928536 0.807692
v -0.634507 1.350000 0.807692
v -0.559859 1.350000 0.807692
v -0.485211 1.350000 0.807692
v -0.410563 1.350000 0.807692
v -0.335915 1.350000 0.807692
v -0.261268 1.350000 0.807692
v -0.186620 1.350000 0.807692
v -0.111972 1.350000 0.807692
v -0.037324 1.350000 0.807692
v 0.037324 1.350000 0.807692
v 0.111972 1.935874 0.807692
v 0.186620 1.864442 0.807692
v 0.261268 1.905824 0.807692
v 0.335915 1.350000 0.807692
v 0.410563 1.350000 0.807692
v 0.485211 1.350000 0.807692
v 0.559859 1.350000 0.807692
v 0.634507 1.350000 0.807692
v 0.709155 1.350000 0.807692
v 0.783803 1.350000 0.807692
v 0.858451 1.350000 0.807692
v 0.933099 1.350000 0.807692
v 1.007746 1.350000 0.807692
v 1.082394 1.350000 0.807692
v 1.157042 1.781287 0.807692
v 1.231690 1.830891 0.807692
v 1.306338 1.350000 0.807692
v 1.380986 1.350000 0.807692
v 1.455634 1.350000 0.807692
v 1.530282 1.925350 0.807692
v 1.604930 1.350000 0.807692
v 1.679577 1.350000 0.807692
v 1.754225 1.939181 0.807692
v 1.828873 1.936232 0.807692
v 1.903521 1.863352 0.807692
v 1.978169 1.761449 0.807692
v 2.052817 1.952410 0.807692
v 2.127465 2.008532 0.807692
v 2.202113 1.944967 0.807692
v 2.276761 1.350000 0.807692
v 2.351408 1.350000 0.807692
v 2.426056 1.350000 0.807692
v 2.500704 1.350000 0.807692
v 2.575352 1.911759 0.807692
v 2.650000 1.350000 0.807692
v -2.650000 1.350000 0.884615
v -2.575352 1.712875 0.884615
v -2.500704 1.818702 0.884615
v -2.426056 1.902122 0.884615
v -2.351408 1.953794 0.884615
v -2.276761 1.982249 0.884615
v -2.202113 2.050743 0.884615
v -2.127465 2.063332 0.884615
v -2.052817 2.031005 0.884615
v -1.978169 2.022771 0.884615
v -1.903521 2.015418 0.884615
v -1.828873 2.018028 0.884615
v -1.754225 2.058659 0.884615
v -1.679577 2.105983 0.884615
v -1.604930 2.107528 0.884615
v -1.530282 2.077542 0.884615
v -1.455634 2.037723 0.884615
v -1.380986 1.988265 0.884615
v -1.306338 1.943784 0.884615
v -1.231690 1.922198 0.884615
v -1.157042 1.350000 0.884615
v -1.082394 1.350000 0.884615
v -1.007746 1.350000 0.884615
v -0.933099 1.350000 0.884615
v -0.858451 1.350000 0.884615
v -0.783803 1.941044 0.884615
v -0.709155 1.947943 0.884615
v -0.634507 1.350000 0.884615
v -0.559859 1.350000 0.884615
v -0.485211 1.350000 0.884615
v -0.410563 1.350000 0.884615
v -0.335915 1.350000 0.884615
v -0.261268 1.350000 0.884615
v -0.186620 1.350000 0.884615
v -0.111972 1.350000 0.884615
v -0.037324 1.350000 0.884615
v 0.037324 1.350000 0.884615
v 0.111972 1.923920 0.884615
v 0.186620 1.912842 0.884615
v 0.261268 1.350000 0.884615
v 0.335915 1.350000 0.884615
v 0.410563 1.350000 0.884615
v 0.485211 1.350000 0.884615
v 0.559859 1.350000 0.884615
v 0.634507 1.350000 0.884615
v 0.709155 1.350000 0.884615
v 0.783803 1.350000 0.884615
v 0.858451 1.350000 0.884615
v 0.933099 1.350000 0.884615
v 1.007746 1.350000 0.884615
v 1.082394 1.350000 0.884615
v 1.157042 1.350000 0.884615
v 1.231690 1.757836 0.884615
v 1.306338 1.768144 0.884615
v 1.380986 1.350000 0.884615
v 1.455634 1.350000 0.884615
v 1.530282 1.350000 0.884615
v 1.604930 1.350000 0.884615
v 1.679577 1.350000 0.884615
v 1.754225 1.350000 0.884615
v 1.828873 1.956653 0.884615
v 1.903521 1.937700 0.884615
v 1.978169 1.880924 0.884615
v 2.052817 1.881617 0.884615
v 2.127465 2.012385 0.884615
v 2.202113 1.954454 0.884615
v 2.276761 1.350000 0.884615
v 2.351408 1.350000 0.884615
v 2.426056 1.350000 0.884615
v 2.500704 1.350000 0.884615
v 2.575352 1.350000 0.884615
v 2.650000 1.350000 0.884615
v -2.650000 1.350000 0.961538
v -2.575352 1.756784 0.961538
v -2.500704 1.852788 0.961538
v -2.426056 1.922242 0.961538
v -2.351408 1.957315 0.961538
v -2.276761 1.982649 0.961538
v -2.202113 2.066777 0.961538
v -2.127465 2.086021 0.961538
v -2.052817 2.068451 0.961538
v -1.978169 2.074716 0.961538
v -1.903521 2.064733 0.961538
v -1.828873 2.074321 0.961538
v -1.754225 2.101103 0.961538
v -1.679577 2.119384 0.961538
v -1.604930 2.109207 0.961538
v -1.530282 2.055080 0.961538
v -1.455634 2.046577 0.961538
v -1.380986 2.015746 0.961538
v -1.306338 1.977148 0.961538
v -1.231690 1.963129 0.961538
v -1.157042 1.969433 0.961538
v -1.082394 1.350000 0.961538
v -1.007746 1.350000 0.961538
v -0.933099 1.350000 0.961538
v -0.858451 1.350000 0.961538
v -0.783803 1.350000 0.961538
v -0.709155 1.350000 0.961538
v -0.634507 1.350000 0.961538
v -0.559859 1.350000 0.961538
v -0.485211 1.350000 0.961538
v -0.410563 1.350000 0.961538
v -0.335915 1.350000 0.961538
v -0.261268 1.350000 0.961538
v -0.186620 1.350000 0.961538
v -0.111972 1.350000 0.961538
v -0.037324 1.350000 0.961538
v 0.037324 1.350000 0.961538
v 0.111972 1.350000 0.961538
v 0.186620 1.350000 0.961538
v 0.261268 1.350000 0.961538
v 0.335915 1.350000 0.961538
v 0.410563 1.350000 0.961538
v 0.485211 1.350000 0.961538
v 0.559859 1.350000 0.961538
v 0.634507 1.350000 0.961538
v 0.709155 1.350000 0.961538
v 0.783803 1.350000 0.961538
v 0.858451 1.350000 0.961538
v 0.933099 1.350000 0.961538
v 1.007746 1.350000 0.961538
v 1.082394 1.350000 0.961538
v 1.157042 1.350000 0.961538
v 1.231690 1.804848 0.961538
v 1.306338 1.880125 0.961538
v 1.380986 1.350000 0.961538
v 1.455634 1.350000 0.961538
v 1.530282 1.350000 0.961538
v 1.604930 1.350000 0.961538
v 1.679577 1.350000 0.961538
v 1.754225 1.350000 0.961538
v 1.828873 1.350000 0.961538
v 1.903521 1.350000 0.961538
v 1.978169 1.980761 0.961538
v 2.052817 1.845400 0.961538
v 2.127465 1.866781 0.961538
v 2.202113 1.929366 0.961538
v 2.276761 1.951178 0.961538
v 2.351408 1.868177 0.961538
v 2.426056 1.880272 0.961538
v 2.500704 1.350000 0.961538
v 2.575352 1.350000 0.961538
v 2.650000 1.350000 0.961538
v -2.650000 1.350000 1.038462
v -2.575352 1.350000 1.038462
v -2.500704 1.846429 1.038462
v -2.426056 1.935703 1.038462
v -2.351408 1.987089 1.038462
v -2.276761 1.995676 1.038462
v -2.202113 2.018357 1.038462
v -2.127465 2.063221 1.038462
v -2.052817 2.071668 1.038462
v -1.978169 2.065861 1.038462
v -1.903521 2.085309 1.038462
v -1.828873 2.083697 1.038462
v -1.754225 2.108864 1.038462
v -1.679577 2.117071 1.038462
v -1.604930 2.038903 1.038462
v -1.530282 2.021323 1.038462
v -1.455634 2.048604 1.038462
v -1.380986 2.015841 1.038462
v -1.306338 1.971392 1.038462
v -1.231690 1.350000 1.038462
v -1.157042 1.350000 1.038462
v -1.082394 1.350000 1.038462
v -1.007746 1.350000 1.038462
v -0.933099 1.350000 1.038462
v -0.858451 1.350000 1.038462
v -0.783803 1.350000 1.038462
v -0.709155 1.350000 1.038462
v -0.634507 1.350000 1.038462
v -0.559859 1.350000 1.038462
v -0.485211 1.350000 1.038462
v -0.410563 1.350000 1.038462
v -0.335915 1.350000 1.038462
v -0.261268 1.350000 1.038462
v -0.186620 1.350000 1.038462
v -0.111972 1.350000 1.038462
v -0.037324 1.350000 1.038462
v 0.037324 1.350000 1.038462
v 0.111972 1.350000 1.038462
v 0.186620 1.350000 1.038462
v 0.261268 1.350000 1.038462
v 0.335915 1.350000 1.038462
v 0.410563 1.350000 1.038462
v 0.485211 1.350000 1.038462
v 0.559859 1.350000 1.038462
v 0.634507 1.350000 1.038462
v 0.709155 1.350000 1.038462
v 0.783803 1.852941 1.038462
v 0.858451 1.350000 1.038462
v 0.933099 1.350000 1.038462
v 1.007746 1.820397 1.038462
v 1.082394 1.867426 1.038462
v 1.157042 1.762881 1.038462
v 1.231690 1.829463 1.038462
v 1.306338 1.350000 1.038462
v 1.380986 1.350000 1.038462
v 1.455634 1.350000 1.038462
v 1.530282 1.350000 1.038462
v 1.604930 1.350000 1.038462
v 1.679577 1.350000 1.038462
v 1.754225 1.350000 1.038462
v 1.828873 1.350000 1.038462
v 1.903521 1.350000 1.038462
v 1.978169 1.995332 1.038462
v 2.052817 1.929773 1.038462
v 2.127465 1.891190 1.038462
v 2.202113 1.937630 1.038462
v 2.276761 1.959989 1.038462
v 2.351408 1.955355 1.038462
v 2.426056 1.859823 1.038462
v 2.500704 1.350000 1.038462
v 2.575352 1.350000 1.038462
v 2.650000 1.350000 1.038462
v -2.650000 1.350000 1.115385
v -2.575352 1.350000 1.115385
v -2.500704 1.824571 1.115385
v -2.426056 1.919284 1.115385
v -2.351408 1.997010 1.115385
v -2.276761 2.000602 1.115385
v -2.202113 2.002390 1.115385
v -2.127465 2.050292 1.115385
v -2.052817 2.065240 1.115385
v -1.978169 2.075689 1.115385
v -1.903521 2.114537 1.115385
v -1.828873 2.127608 1.115385
v -1.754225 2.089045 1.115385
v -1.679577 2.084841 1.115385
v -1.604930 2.032071 1.115385
v -1.530282 2.033974 1.115385
v -1.455634 2.032102 1.115385
v -1.380986 2.022163 1.115385
v -1.306338 2.009720 1.115385
v -1.231690 1.350000 1.115385
v -1.157042 1.350000 1.115385
v -1.082394 1.350000 1.115385
v -1.007746 1.350000 1.115385
v -0.933099 1.350000 1.115385
v -0.858451 1.350000 1.115385
v -0.783803 1.350000 1.115385
v -0.709155 1.350000 1.115385
v -0.634507 1.350000 1.115385
v -0.559859 1.350000 1.115385
v -0.485211 1.350000 1.115385
v -0.410563 1.350000 1.115385
v -0.335915 1.350000 1.115385
v -0.261268 1.350000 1.115385
v -0.186620 1.350000 1.115385
v -0.111972 1.350000 1.115385
v -0.037324 1.350000 1.115385
v 0.037324 1.350000 1.115385
v 0.111972 1.350000 1.115385
v 0.186620 1.350000 1.115385
v 0.261268 1.350000 1.115385
v 0.335915 1.350000 1.115385
v 0.410563 1.350000 1.115385
v 0.485211 1.350000 1.115385
v 0.559859 1.350000 1.115385
v 0.634507 1.350000 1.115385
v 0.709155 1.930137 1.115385
v 0.783803 1.886877 1.115385
v 0.858451 1.880040 1.115385
v 0.933099 1.845237 1.115385
v 1.007746 1.838551 1.115385
v 1.082394 1.843241 1.115385
v 1.157042 1.350000 1.115385
v 1.231690 1.350000 1.115385
v 1.306338 1.350000 1.115385
v 1.380986 1.350000 1.115385
v 1.455634 1.350000 1.115385
v 1.530282 1.350000 1.115385
v 1.604930 1.350000 1.115385
v 1.679577 1.350000 1.115385
v 1.754225 1.350000 1.115385
v 1.828873 1.350000 1.115385
v 1.903521 1.350000 1.115385
v 1.978169 1.968964 1.115385
v 2.052817 1.908457 1.115385
v 2.127465 1.844356 1.115385
v 2.202113 1.962251 1.115385
v 2.276761 1.956896 1.115385
v 2.351408 1.995895 1.115385
v 2.426056 1.350000 1.115385
v 2.500704 1.350000 1.115385
v 2.575352 1.350000 1.115385
v 2.650000 1.350000 1.115385
v -2.650000 1.350000 1.192308
v -2.575352 1.350000 1.192308
v -2.500704 1.773339 1.192308
v -2.426056 1.877902 1.192308
v -2.351408 1.940704 1.192308
v -2.276761 1.982131 1.192308
v -2.202113 2.007800 1.192308
v -2.127465 2.027721 1.192308
v -2.052817 2.048479 1.192308
v -1.978169 2.046344 1.192308
v -1.903521 2.061760 1.192308
v -1.828873 2.045691 1.192308
v -1.754225 2.056069 1.192308
v -1.679577 1.969455 1.192308
v -1.604930 1.984737 1.192308
v -1.530282 2.016449 1.192308
v -1.455634 2.028651 1.192308
v -1.380986 1.350000 1.192308
v -1.306338 1.350000 1.192308
v -1.231690 1.350000 1.192308
v -1.157042 1.350000 1.192308
v -1.082394 1.350000 1.192308
v -1.007746 1.350000 1.192308
v -0.933099 1.350000 1.192308
v -0.858451 1.350000 1.192308
v -0.783803 1.350000 1.192308
v -0.709155 1.350000 1.192308
v -0.634507 1.350000 1.192308
v -0.559859 1.350000 1.192308
v -0.485211 1.350000 1.192308
v -0.410563 1.350000 1.192308
v -0.335915 1.350000 1.192308
v -0.261268 1.350000 1.192308
v -0.186620 1.350000 1.192308
v -0.111972 1.350000 1.192308
v -0.037324 1.350000 1.192308
v 0.037324 1.350000 1.192308
v 0.111972 1.350000 1.192308
v 0.186620 1.981282 1.192308
v 0.261268 2.005687 1.192308
v 0.335915 2.034984 1.192308
v 0.410563 1.350000 1.192308
v 0.485211 1.350000 1.192308
v 0.559859 1.350000 1.192308
v 0.634507 1.350000 1.192308
v 0.709155 1.350000 1.192308
v 0.783803 1.919564 1.192308
v 0.858451 1.910955 1.192308
v 0.933099 1.898078 1.192308
v 1.007746 1.919264 1.192308
v 1.082394 1.933851 1.192308
v 1.157042 1.350000 1.192308
v 1.231690 1.350000 1.192308
v 1.306338 1.350000 1.192308
v 1.380986 1.350000 1.192308
v 1.455634 1.350000 1.192308
v 1.530282 1.350000 1.192308
v 1.604930 1.350000 1.192308
v 1.679577 1.350000 1.192308
v 1.754225 1.350000 1.192308
v 1.828873 1.350000 1.192308
v 1.903521 1.350000 1.192308
v 1.978169 1.350000 1.192308
v 2.052817 1.906431 1.192308
v 2.127465 1.885392 1.192308
v 2.202113 1.861593 1.192308
v 2.276761 1.981682 1.192308
v 2.351408 1.350000 1.192308
v 2.426056 1.350000 1.192308
v 2.500704 1.350000 1.192308
v 2.575352 1.350000 1.192308
v 2.650000 1.350000 1.192308
v -2.650000 1.350000 1.269231
v -2.575352 1.350000 1.269231
v -2.500704 1.350000 1.269231
v -2.426056 1.350000 1.269231
v -2.351408 1.350000 1.269231
v -2.276761 1.350000 1.269231
v -2.202113 1.350000 1.269231
v -2.127465 1.964745 1.269231
v -2.052817 1.955413 1.269231
v -1.978169 1.914926 1.269231
v -1.903521 1.946848 1.269231
v -1.828873 1.983772 1.269231
v -1.754225 1.972081 1.269231
v -1.679577 1.967542 1.269231
v -1.604930 1.968010 1.269231
v -1.530282 1.994962 1.269231
v -1.455634 1.350000 1.269231
v -1.380986 1.350000 1.269231
v -1.306338 1.350000 1.269231
v -1.231690 1.350000 1.269231
v -1.157042 1.350000 1.269231
v -1.082394 1.350000 1.269231
v -1.007746 1.350000 1.269231
v -0.933099 1.350000 1.269231
v -0.858451 1.350000 1.269231
v -0.783803 2.002405 1.269231
v -0.709155 1.965525 1.269231
v -0.634507 1.997020 1.269231
v -0.559859 1.985954 1.269231
v -0.485211 1.945635 1.269231
v -0.410563 1.912690 1.269231
v -0.335915 1.906505 1.269231
v -0.261268 1.916154 1.269231
v -0.186620 1.952659 1.269231
v -0.111972 1.973021 1.269231
v -0.037324 1.994559 1.269231
v 0.037324 1.997623 1.269231
v 0.111972 2.014833 1.269231
v 0.186620 2.045999 1.269231
v 0.261268 2.062194 1.269231
v 0.335915 2.051138 1.269231
v 0.410563 1.989499 1.269231
v 0.485211 1.350000 1.269231
v 0.559859 1.350000 1.269231
v 0.634507 1.350000 1.269231
v 0.709155 1.350000 1.269231
v 0.783803 1.350000 1.269231
v 0.858451 1.350000 1.269231
v 0.933099 1.350000 1.269231
v 1.007746 1.909023 1.269231
v 1.082394 1.924827 1.269231
v 1.157042 1.350000 1.269231
v 1.231690 1.350000 1.269231
v 1.306338 1.350000 1.269231
v 1.380986 1.350000 1.269231
v 1.455634 1.350000 1.269231
v 1.530282 1.350000 1.269231
v 1.604930 1.350000 1.269231
v 1.679577 1.350000 1.269231
v 1.754225 1.350000 1.269231
v 1.828873 1.350000 1.269231
v 1.903521 1.350000 1.269231
v 1.978169 1.350000 1.269231
v 2.052817 1.912231 1.269231
v 2.127465 1.852747 1.269231
v 2.202113 1.933392 1.269231
v 2.276761 1.350000 1.269231
v 2.351408 1.350000 1.269231
v 2.426056 1.350000 1.269231
v 2.500704 1.350000 1.269231
v 2.575352 1.350000 1.269231
v 2.650000 1.350000 1.269231
v -2.650000 1.350000 1.346154
v -2.575352 1.350000 1.346154
v -2.500704 1.350000 1.346154
v -2.426056 1.350000 1.346154
v -2.351408 1.350000 1.346154
v -2.276761 1.350000 1.346154
v -2.202113 1.350000 1.346154
v -2.127465 1.896687 1.346154
v -2.052817 1.876854 1.346154
v -1.978169 1.875536 1.346154
v -1.903521 1.350000 1.346154
v -1.828873 1.350000 1.346154
v -1.754225 1.350000 1.346154
v -1.679577 1.350000 1.346154
v -1.604930 1.350000 1.346154
v -1.530282 1.350000 1.346154
v -1.455634 1.350000 1.346154
v -1.380986 1.350000 1.346154
v -1.306338 1.350000 1.346154
v -1.231690 1.350000 1.346154
v -1.157042 2.018632 1.346154
v -1.082394 2.064287 1.346154
v -1.007746 2.106991 1.346154
v -0.933099 2.089618 1.346154
v -0.858451 2.047771 1.346154
v -0.783803 1.978393 1.346154
v -0.709155 1.975677 1.346154
v -0.634507 2.020019 1.346154
v -0.559859 2.049254 1.346154
v -0.485211 2.046025 1.346154
v -0.410563 2.023836 1.346154
v -0.335915 1.977910 1.346154
v -0.261268 2.000257 1.346154
v -0.186620 2.016513 1.346154
v -0.111972 2.016026 1.346154
v -0.037324 1.992693 1.346154
v 0.037324 2.024486 1.346154
v 0.111972 2.096955 1.346154
v 0.186620 2.125616 1.346154
v 0.261268 2.096106 1.346154
v 0.335915 2.072080 1.346154
v 0.410563 1.350000 1.346154
v 0.485211 1.350000 1.346154
v 0.559859 1.350000 1.346154
v 0.634507 1.350000 1.346154
v 0.709155 1.350000 1.346154
v 0.783803 1.350000 1.346154
v 0.858451 1.350000 1.346154
v 0.933099 1.350000 1.346154
v 1.007746 1.350000 1.346154
v 1.082394 1.350000 1.346154
v 1.157042 1.350000 1.346154
v 1.231690 1.350000 1.346154
v 1.306338 1.350000 1.346154
v 1.380986 1.350000 1.346154
v 1.455634 1.350000 1.346154
v 1.530282 1.350000 1.346154
v 1.604930 1.350000 1.346154
v 1.679577 1.350000 1.346154
v 1.754225 1.350000 1.346154
v 1.828873 1.350000 1.346154
v 1.903521 1.350000 1.346154
v 1.978169 1.350000 1.346154
v 2.052817 1.350000 1.346154
v 2.127465 1.350000 1.346154
v 2.202113 1.350000 1.346154
v 2.276761 1.350000 1.346154
v 2.351408 1.350000 1.346154
v 2.426056 1.350000 1.346154
v 2.500704 1.350000 1.346154
v 2.575352 1.350000 1.346154
v 2.650000 1.350000 1.346154
v -2.650000 1.350000 1.423077
v -2.575352 1.350000 1.423077
v -2.500704 1.350000 1.423077
v -2.426056 1.350000 1.423077
v -2.351408 1.350000 1.423077
v -2.276761 1.350000 1.423077
v -2.202113 1.350000 1.423077
v -2.127465 1.350000 1.423077
v -2.052817 1.892013 1.423077
v -1.978169 1.893514 1.423077
v -1.903521 1.350000 1.423077
v -1.828873 1.350000 1.423077
v -1.754225 1.350000 1.423077
v -1.679577 1.350000 1.423077
v -1.604930 1.350000 1.423077
v -1.530282 1.350000 1.423077
v -1.455634 1.350000 1.423077
v -1.380986 1.350000 1.423077
v -1.306338 1.978768 1.423077
v -1.231690 2.001741 1.423077
v -1.157042 2.036520 1.423077
v -1.082394 2.089996 1.423077
v -1.007746 2.090026 1.423077
v -0.933099 2.067180 1.423077
v -0.858451 2.041335 1.423077
v -0.783803 2.022917 1.423077
v -0.709155 2.013182 1.423077
v -0.634507 2.114357 1.423077
v -0.559859 2.177840 1.423077
v -0.485211 2.139538 1.423077
v -0.410563 2.030591 1.423077
v -0.335915 1.938146 1.423077
v -0.261268 1.996787 1.423077
v -0.186620 2.091241 1.423077
v -0.111972 2.101874 1.423077
v -0.037324 2.060830 1.423077
v 0.037324 2.070326 1.423077
v 0.111972 2.080038 1.423077
v 0.186620 2.101488 1.423077
v 0.261268 2.147481 1.423077
v 0.335915 2.115889 1.423077
v 0.410563 2.024359 1.423077
v 0.485211 1.350000 1.423077
v 0.559859 1.350000 1.423077
v 0.634507 1.350000 1.423077
v 0.709155 1.350000 1.423077
v 0.783803 1.350000 1.423077
v 0.858451 1.350000 1.423077
v 0.933099 1.350000 1.423077
v 1.007746 1.350000 1.423077
v 1.082394 1.350000 1.423077
v 1.157042 1.350000 1.423077
v 1.231690 1.350000 1.423077
v 1.306338 1.350000 1.423077
v 1.380986 1.350000 1.423077
v 1.455634 1.350000 1.423077
v 1.530282 1.350000 1.423077
v 1.604930 1.350000 1.423077
v 1.679577 1.350000 1.423077
v 1.754225 1.350000 1.423077
v 1.828873 1.350000 1.423077
v 1.903521 1.350000 1.423077
v 1.978169 1.350000 1.423077
v 2.052817 1.350000 1.423077
v 2.127465 1.350000 1.423077
v 2.202113 1.350000 1.423077
v 2.276761 1.350000 1.423077
v 2.351408 1.350000 1.423077
v 2.426056 1.350000 1.423077
v 2.500704 1.350000 1.423077
v 2.575352 1.350000 1.423077
v 2.650000 1.350000 1.423077
v -2.650000 1.350000 1.500000
v -2.575352 1.350000 1.500000
v -2.500704 1.350000 1.500000
v -2.426056 1.350000 1.500000
v -2.351408 1.350000 1.500000
v -2.276761 1.350000 1.500000
v -2.202113 1.350000 1.500000
v -2.127465 1.852298 1.500000
v -2.052817 1.939135 1.500000
v -1.978169 1.928875 1.500000
v -1.903521 1.931153 1.500000
v -1.828873 1.923356 1.500000
v -1.754225 1.905724 1.500000
v -1.679577 1.920966 1.500000
v -1.604930 1.350000 1.500000
v -1.530282 1.350000 1.500000
v -1.455634 2.074568 1.500000
v -1.380986 2.063872 1.500000
v -1.306338 2.025282 1.500000
v -1.231690 2.034090 1.500000
v -1.157042 2.078507 1.500000
v -1.082394 2.092951 1.500000
v -1.007746 2.077165 1.500000
v -0.933099 2.073086 1.500000
v -0.858451 2.102958 1.500000
v -0.783803 2.049197 1.500000
v -0.709155 2.045382 1.500000
v -0.634507 2.097933 1.500000
v -0.559859 2.180087 1.500000
v -0.485211 2.209687 1.500000
v -0.410563 2.177120 1.500000
v -0.335915 1.970199 1.500000
v -0.261268 1.917744 1.500000
v -0.186620 1.958246 1.500000
v -0.111972 2.027115 1.500000
v -0.037324 2.036939 1.500000
v 0.037324 2.031138 1.500000
v 0.111972 2.071657 1.500000
v 0.186620 2.167396 1.500000
v 0.261268 2.165591 1.500000
v 0.335915 2.102381 1.500000
v 0.410563 2.039930 1.500000
v 0.485211 1.350000 1.500000
v 0.559859 1.350000 1.500000
v 0.634507 1.350000 1.500000
v 0.709155 1.350000 1.500000
v 0.783803 1.350000 1.500000
v 0.858451 1.350000 1.500000
v 0.933099 1.350000 1.500000
v 1.007746 1.350000 1.500000
v 1.082394 1.350000 1.500000
v 1.157042 1.350000 1.500000
v 1.231690 1.350000 1.500000
v 1.306338 1.350000 1.500000
v 1.380986 1.350000 1.500000
v 1.455634 1.350000 1.500000
v 1.530282 1.350000 1.500000
v 1.604930 1.350000 1.500000
v 1.679577 1.350000 1.500000
v 1.754225 1.350000 1.500000
v 1.828873 1.350000 1.500000
v 1.903521 1.350000 1.500000
v 1.978169 1.350000 1.500000
v 2.052817 1.350000 1.500000
v 2.127465 1.350000 1.500000
v 2.202113 1.350000 1.500000
v 2.276761 1.350000 1.500000
v 2.351408 1.845107 1.500000
v 2.426056 1.828996 1.500000
v 2.500704 1.819865 1.500000
v 2.575352 1.863720 1.500000
v 2.650000 1.839108 1.500000
f 2884 2956 2885
f 2885 2956 2957
f 2885 2957 2886
f 2886 2957 2958
f 2886 2958 2887
f 2887 2958 2959
f 2887 2959 2888
f 2888 2959 2960
f 2888 2960 2889
f 2889 2960 2961
f 2894 2966 2895
f 2895 2966 2967
f 2895 2967 2896
f 2896 2967 2968
f 2896 2968 2897
f 2897 2968 2969
f 2897 2969 2898
f 2898 2969 2970
f 2918 2990 2919
f 2919 2990 2991
f 2919 2991 2920
f 2920 2991 2992
f 2924 2996 2925
f 2925 2996 2997
f 2935 3007 2936
f 2936 3007 3008
f 2936 3008 2937
f 2937 3008 3009
f 2941 3013 2942
f 2942 3013 3014
f 2942 3014 2943
f 2943 3014 3015
f 2943 3015 2944
f 2944 3015 3016
f 2944 3016 2945
f 2945 3016 3017
f 2945 3017 2946
f 2946 3017 3018
f 2946 3018 2947
f 2947 3018 3019
f 2947 3019 2948
f 2948 3019 3020
f 2948 3020 2949
f 2949 3020 3021
f 2949 3021 2950
f 2950 3021 3022
f 2950 3022 2951
f 2951 3022 3023
f 2951 3023 2952
f 2952 3023 3024
f 2953 3025 2954
f 2954 3025 3026
f 2954 3026 2955
f 2955 3026 3027
f 2955 3027 2956
f 2956 3027 3028
f 2956 3028 2957
f 2957 3028 3029
f 2957 3029 2958
f 2958 3029 3030
f 2958 3030 2959
f 2959 3030 3031
f 2959 3031 2960
f 2960 3031 3032
f 2967 3039 2968
f 2968 3039 3040
f 2968 3040 2969
f 2969 3040 3041
f 2969 3041 2970
f 2970 3041 3042
f 2970 3042 2971
f 2971 3042 3043
f 2971 3043 2972
f 2972 3043 3044
f 2990 3062 2991
f 2991 3062 3063
f 2991 3063 2992
f 2992 3063 3064
f 2992 3064 2993
f 2993 3064 3065
f 2993 3065 2994
f 2994 3065 3066
f 2996 3068 2997
f 2997 3068 3069
f 2997 3069 2998
f 2998 3069 3070
f 2998 3070 2999
f 2999 3070 3071
f 2999 3071 3000
f 3000 3071 3072
f 3003 3075 3004
f 3004 3075 3076
f 3004 3076 3005
f 3005 3076 3077
f 3005 3077 3006
f 3006 3077 3078
f 3006 3078 3007
f 3007 3078 3079
f 3007 3079 3008
f 3008 3079 3080
f 3008 3080 3009
f 3009 3080 3081
f 3009 3081 3010
f 3010 3081 3082
f 3010 3082 3011
f 3011 3082 3083
f 3011 3083 3012
f 3012 3083 3084
f 3012 3084 3013
f 3013 3084 3085
f 3013 3085 3014
f 3014 3085 3086
f 3014 3086 3015
f 3015 3086 3087
f 3015 3087 3016
f 3016 3087 3088
f 3016 3088 3017
f 3017 3088 3089
f 3017 3089 3018
f 3018 3089 3090
f 3018 3090 3019
f 3019 3090 3091
f 3019 3091 3020
f 3020 3091 3092
f 3020 3092 3021
f 3021 3092 3093
f 3021 3093 3022
f 3022 3093 3094
f 3022 3094 3023
f 3023 3094 3095
f 3023 3095 3024
f 3024 3095 3096
f 3025 3097 3026
f 3026 3097 3098
f 3026 3098 3027
f 3027 3098 3099
f 3027 3099 3028
f 3028 3099 3100
f 3028 3100 3029
f 3029 3100 3101
f 3029 3101 3030
f 3030 3101 3102
f 3030 3102 3031
f 3031 3102 3103
f 3031 3103 3032
f 3032 3103 3104
f 3039 3111 3040
f 3040 3111 3112
f 3040 3112 3041
f 3041 3112 3113
f 3041 3113 3042
f 3042 3113 3114
f 3042 3114 3043
f 3043 3114 3115
f 3043 3115 3044
f 3044 3115 3116
f 3059 3131 3060
f 3060 3131 3132
f 3062 3134 3063
f 3063 3134 3135
f 3063 3135 3064
f 3064 3135 3136
f 3064 3136 3065
f 3065 3136 3137
f 3065 3137 3066
f 3066 3137 3138
f 3066 3138 3067
f 3067 3138 3139
f 3067 3139 3068
f 3068 3139 3140
f 3068 3140 3069
f 3069 3140 3141
f 3069 3141 3070
f 3070 3141 3142
f 3070 3142 3071
f 3071 3142 3143
f 3071 3143 3072
f 3072 3143 3144
f 3072 3144 3073
f 3073 3144 3145
f 3073 3145 3074
f 3074 3145 3146
f 3074 3146 3075
f 3075 3146 3147
f 3075 3147 3076
f 3076 3147 3148
f 3076 3148 3077
f 3077 3148 3149
f 3077 3149 3078
f 3078 3149 3150
f 3078 3150 3079
f 3079 3150 3151
f 3079 3151 3080
f 3080 3151 3152
f 3080 3152 3081
f 3081 3152 3153
f 3081 3153 3082
f 3082 3153 3154
f 3082 3154 3083
f 3083 3154 3155
f 3083 3155 3084
f 3084 3155 3156
f 3084 3156 3085
f 3085 3156 3157
f 3085 3157 3086
f 3086 3157 3158
f 3086 3158 3087
f 3087 3158 3159
f 3087 3159 3088
f 3088 3159 3160
f 3088 3160 3089
f 3089 3160 3161
f 3089 3161 3090
f 3090 3161 3162
f 3090 3162 3091
f 3091 3162 3163
f 3091 3163 3092
f 3092 3163 3164
f 3092 3164 3093
f 3093 3164 3165
f 3093 3165 3094
f 3094 3165 3166
f 3094 3166 3095
f 3095 3166 3167
f 3095 3167 3096
f 3096 3167 3168
f 3098 3170 3099
f 3099 3170 3171
f 3099 3171 3100
f 3100 3171 3172
f 3100 3172 3101
f 3101 3172 3173
f 3101 3173 3102
f 3102 3173 3174
f 3102 3174 3103
f 3103 3174 3175
f 3103 3175 3104
f 3104 3175 3176
f 3108 3180 3109
f 3109 3180 3181
f 3109 3181 3110
f 3110 3181 3182
f 3110 3182 3111
f 3111 3182 3183
f 3111 3183 3112
f 3112 3183 3184
f 3112 3184 3113
f 3113 3184 3185
f 3113 3185 3114
f 3114 3185 3186
f 3114 3186 3115
f 3115 3186 3187
f 3115 3187 3116
f 3116 3187 3188
f 3116 3188 3117
f 3117 3188 3189
f 3128 3200 3129
f 3129 3200 3201
f 3129 3201 3130
f 3130 3201 3202
f 3130 3202 3131
f 3131 3202 3203
f 3131 3203 3132
f 3132 3203 3204
f 3132 3204 3133
f 3133 3204 3205
f 3133 3205 3134
f 3134 3205 3206
f 3134 3206 3135
f 3135 3206 3207
f 3135 3207 3136
f 3136 3207 3208
f 3136 3208 3137
f 3137 3208 3209
f 3137 3209 3138
f 3138 3209 3210
f 3138 3210 3139
f 3139 3210 3211
f 3139 3211 3140
f 3140 3211 3212
f 3140 3212 3141
f 3141 3212 3213
f 3141 3213 3142
f 3142 3213 3214
f 3142 3214 3143
f 3143 3214 3215
f 3143 3215 3144
f 3144 3215 3216
f 3144 3216 3145
f 3145 3216 3217
f 3145 3217 3146
f 3146 3217 3218
f 3146 3218 3147
f 3147 3218 3219
f 3147 3219 3148
f 3148 3219 3220
f 3148 3220 3149
f 3149 3220 3221
f 3149 3221 3150
f 3150 3221 3222
f 3150 3222 3151
f 3151 3222 3223
f 3151 3223 3152
f 3152 3223 3224
f 3152 3224 3153
f 3153 3224 3225
f 3153 3225 3154
f 3154 3225 3226
f 3154 3226 3155
f 3155 3226 3227
f 3155 3227 3156
f 3156 3227 3228
f 3156 3228 3157
f 3157 3228 3229
f 3157 3229 3158
f 3158 3229 3230
f 3158 3230 3159
f 3159 3230 3231
f 3159 3231 3160
f 3160 3231 3232
f 3160 3232 3161
f 3161 3232 3233
f 3161 3233 3162
f 3162 3233 3234
f 3162 3234 3163
f 3163 3234 3235
f 3163 3235 3164
f 3164 3235 3236
f 3164 3236 3165
f 3165 3236 3237
f 3165 3237 3166
f 3166 3237 3238
f 3166 3238 3167
f 3167 3238 3239
f 3167 3239 3168
f 3168 3239 3240
f 3170 3242 3171
f 3171 3242 3243
f 3171 3243 3172
f 3172 3243 3244
f 3172 3244 3173
f 3173 3244 3245
f 3173 3245 3174
f 3174 3245 3246
f 3174 3246 3175
f 3175 3246 3247
f 3175 3247 3176
f 3176 3247 3248
f 3180 3252 3181
f 3181 3252 3253
f 3181 3253 3182
f 3182 3253 3254
f 3182 3254 3183
f 3183 3254 3255
f 3183 3255 3184
f 3184 3255 3256
f 3184 3256 3185
f 3185 3256 3257
f 3185 3257 3186
f 3186 3257 3258
f 3186 3258 3187
f 3187 3258 3259
f 3187 3259 3188
f 3188 3259 3260
f 3188 3260 3189
f 3189 3260 3261
f 3189 3261 3190
f 3190 3261 3262
f 3190 3262 3191
f 3191 3262 3263
f 3191 3263 3192
f 3192 3263 3264
f 3198 3270 3199
f 3199 3270 3271
f 3199 3271 3200
f 3200 3271 3272
f 3200 3272 3201
f 3201 3272 3273
f 3201 3273 3202
f 3202 3273 3274
f 3202 3274 3203
f 3203 3274 3275
f 3203 3275 3204
f 3204 3275 3276
f 3204 3276 3205
f 3205 3276 3277
f 3205 3277 3206
f 3206 3277 3278
f 3206 3278 3207
f 3207 3278 3279
f 3207 3279 3208
f 3208 3279 3280
f 3208 3280 3209
f 3209 3280 3281
f 3209 3281 3210
f 3210 3281 3282
f 3210 3282 3211
f 3211 3282 3283
f 3211 3283 3212
f 3212 3283 3284
f 3212 3284 3213
f 3213 3284 3285
f 3213 3285 3214
f 3214 3285 3286
f 3214 3286 3215
f 3215 3286 3287
f 3215 3287 3216
f 3216 3287 3288
f 3216 3288 3217
f 3217 3288 3289
f 3217 3289 3218
f 3218 3289 3290
f 3218 3290 3219
f 3219 3290 3291
f 3219 3291 3220
f 3220 3291 3292
f 3220 3292 3221
f 3221 3292 3293
f 3221 3293 3222
f 3222 3293 3294
f 3222 3294 3223
f 3223 3294 3295
f 3223 3295 3224
f 3224 3295 3296
f 3224 3296 3225
f 3225 3296 3297
f 3225 3297 3226
f 3226 3297 3298
f 3226 3298 3227
f 3227 3298 3299
f 3227 3299 3228
f 3228 3299 3300
f 3228 3300 3229
f 3229 3300 3301
f 3229 3301 3230
f 3230 3301 3302
f 3230 3302 3231
f 3231 3302 3303
f 3231 3303 3232
f 3232 3303 3304
f 3232 3304 3233
f 3233 3304 3305
f 3233 3305 3234
f 3234 3305 3306
f 3234 3306 3235
f 3235 3306 3307
f 3235 3307 3236
f 3236 3307 3308
f 3236 3308 3237
f 3237 3308 3309
f 3237 3309 3238
f 3238 3309 3310
f 3238 3310 3239
f 3239 3310 3311
f 3239 3311 3240
f 3240 3311 3312
f 3241 3313 3242
f 3242 3313 3314
f 3242 3314 3243
f 3243 3314 3315
f 3243 3315 3244
f 3244 3315 3316
f 3251 3323 3252
f 3252 3323 3324
f 3252 3324 3253
f 3253 3324 3325
f 3253 3325 3254
f 3254 3325 3326
f 3254 3326 3255
f 3255 3326 3327
f 3255 3327 3256
f 3256 3327 3328
f 3256 3328 3257
f 3257 3328 3329
f 3257 3329 3258
f 3258 3329 3330
f 3258 3330 3259
f 3259 3330 3331
f 3259 3331 3260
f 3260 3331 3332
f 3260 3332 3261
f 3261 3332 3333
f 3261 3333 3262
f 3262 3333 3334
f 3262 3334 3263
f 3263 3334 3335
f 3269 3341 3270
f 3270 3341 3342
f 3270 3342 3271
f 3271 3342 3343
f 3271 3343 3272
f 3272 3343 3344
f 3272 3344 3273
f 3273 3344 3345
f 3273 3345 3274
f 3274 3345 3346
f 3274 3346 3275
f 3275 3346 3347
f 3275 3347 3276
f 3276 3347 3348
f 3276 3348 3277
f 3277 3348 3349
f 3277 3349 3278
f 3278 3349 3350
f 3278 3350 3279
f 3279 3350 3351
f 3279 3351 3280
f 3280 3351 3352
f 3280 3352 3281
f 3281 3352 3353
f 3281 3353 3282
f 3282 3353 3354
f 3282 3354 3283
f 3283 3354 3355
f 3283 3355 3284
f 3284 3355 3356
f 3284 3356 3285
f 3285 3356 3357
f 3285 3357 3286
f 3286 3357 3358
f 3286 3358 3287
f 3287 3358 3359
f 3287 3359 3288
f 3288 3359 3360
f 3288 3360 3289
f 3289 3360 3361
f 3289 3361 3290
f 3290 3361 3362
f 3290 3362 3291
f 3291 3362 3363
f 3291 3363 3292
f 3292 3363 3364
f 3292 3364 3293
f 3293 3364 3365
f 3293 3365 3294
f 3294 3365 3366
f 3294 3366 3295
f 3295 3366 3367
f 3295 3367 3296
f 3296 3367 3368
f 3296 3368 3297
f 3297 3368 3369
f 3297 3369 3298
f 3298 3369 3370
f 3298 3370 3299
f 3299 3370 3371
f 3299 3371 3300
f 3300 3371 3372
f 3300 3372 3301
f 3301 3372 3373
f 3301 3373 3302
f 3302 3373 3374
f 3302 3374 3303
f 3303 3374 3375
f 3303 3375 3304
f 3304 3375 3376
f 3304 3376 3305
f 3305 3376 3377
f 3305 3377 3306
f 3306 3377 3378
f 3306 3378 3307
f 3307 3378 3379
f 3307 3379 3308
f 3308 3379 3380
f 3308 3380 3309
f 3309 3380 3381
f 3309 3381 3310
f 3310 3381 3382
f 3310 3382 3311
f 3311 3382 3383
f 3311 3383 3312
f 3312 3383 3384
f 3324 3396 3325
f 3325 3396 3397
f 3325 3397 3326
f 3326 3397 3398
f 3326 3398 3327
f 3327 3398 3399
f 3327 3399 3328
f 3328 3399 3400
f 3328 3400 3329
f 3329 3400 3401
f 3329 3401 3330
f 3330 3401 3402
f 3330 3402 3331
f 3331 3402 3403
f 3331 3403 3332
f 3332 3403 3404
f 3332 3404 3333
f 3333 3404 3405
f 3333 3405 3334
f 3334 3405 3406
f 3334 3406 3335
f 3335 3406 3407
f 3340 3412 3341
f 3341 3412 3413
f 3341 3413 3342
f 3342 3413 3414
f 3342 3414 3343
f 3343 3414 3415
f 3343 3415 3344
f 3344 3415 3416
f 3344 3416 3345
f 3345 3416 3417
f 3345 3417 3346
f 3346 3417 3418
f 3346 3418 3347
f 3347 3418 3419
f 3347 3419 3348
f 3348 3419 3420
f 3348 3420 3349
f 3349 3420 3421
f 3349 3421 3350
f 3350 3421 3422
f 3350 3422 3351
f 3351 3422 3423
f 3351 3423 3352
f 3352 3423 3424
f 3352 3424 3353
f 3353 3424 3425
f 3353 3425 3354
f 3354 3425 3426
f 3354 3426 3355
f 3355 3426 3427
f 3355 3427 3356
f 3356 3427 3428
f 3356 3428 3357
f 3357 3428 3429
f 3357 3429 3358
f 3358 3429 3430
f 3358 3430 3359
f 3359 3430 3431
f 3359 3431 3360
f 3360 3431 3432
f 3360 3432 3361
f 3361 3432 3433
f 3361 3433 3362
f 3362 3433 3434
f 3362 3434 3363
f 3363 3434 3435
f 3363 3435 3364
f 3364 3435 3436
f 3364 3436 3365
f 3365 3436 3437
f 3365 3437 3366
f 3366 3437 3438
f 3366 3438 3367
f 3367 3438 3439
f 3367 3439 3368
f 3368 3439 3440
f 3368 3440 3369
f 3369 3440 3441
f 3369 3441 3370
f 3370 3441 3442
f 3370 3442 3371
f 3371 3442 3443
f 3371 3443 3372
f 3372 3443 3444
f 3372 3444 3373
f 3373 3444 3445
f 3373 3445 3374
f 3374 3445 3446
f 3374 3446 3375
f 3375 3446 3447
f 3375 3447 3376
f 3376 3447 3448
f 3376 3448 3377
f 3377 3448 3449
f 3377 3449 3378
f 3378 3449 3450
f 3378 3450 3379
f 3379 3450 3451
f 3379 3451 3380
f 3380 3451 3452
f 3380 3452 3381
f 3381 3452 3453
f 3381 3453 3382
f 3382 3453 3454
f 3382 3454 3383
f 3383 3454 3455
f 3383 3455 3384
f 3384 3455 3456
f 3396 3468 3397
f 3397 3468 3469
f 3397 3469 3398
f 3398 3469 3470
f 3398 3470 3399
f 3399 3470 3471
f 3399 3471 3400
f 3400 3471 3472
f 3400 3472 3401
f 3401 3472 3473
f 3401 3473 3402
f 3402 3473 3474
f 3402 3474 3403
f 3403 3474 3475
f 3403 3475 3404
f 3404 3475 3476
f 3404 3476 3405
f 3405 3476 3477
f 3405 3477 3406
f 3406 3477 3478
f 3410 3482 3411
f 3411 3482 3483
f 3411 3483 3412
f 3412 3483 3484
f 3412 3484 3413
f 3413 3484 3485
f 3413 3485 3414
f 3414 3485 3486
f 3414 3486 3415
f 3415 3486 3487
f 3415 3487 3416
f 3416 3487 3488
f 3416 3488 3417
f 3417 3488 3489
f 3417 3489 3418
f 3418 3489 3490
f 3418 3490 3419
f 3419 3490 3491
f 3419 3491 3420
f 3420 3491 3492
f 3420 3492 3421
f 3421 3492 3493
f 3421 3493 3422
f 3422 3493 3494
f 3422 3494 3423
f 3423 3494 3495
f 3423 3495 3424
f 3424 3495 3496
f 3424 3496 3425
f 3425 3496 3497
f 3425 3497 3426
f 3426 3497 3498
f 3426 3498 3427
f 3427 3498 3499
f 3427 3499 3428
f 3428 3499 3500
f 3428 3500 3429
f 3429 3500 3501
f 3429 3501 3430
f 3430 3501 3502
f 3430 3502 3431
f 3431 3502 3503
f 3431 3503 3432
f 3432 3503 3504
f 3432 3504 3433
f 3433 3504 3505
f 3433 3505 3434
f 3434 3505 3506
f 3434 3506 3435
f 3435 3506 3507
f 3435 3507 3436
f 3436 3507 3508
f 3436 3508 3437
f 3437 3508 3509
f 3437 3509 3438
f 3438 3509 3510
f 3438 3510 3439
f 3439 3510 3511
f 3439 3511 3440
f 3440 3511 3512
f 3440 3512 3441
f 3441 3512 3513
f 3441 3513 3442
f 3442 3513 3514
f 3442 3514 3443
f 3443 3514 3515
f 3443 3515 3444
f 3444 3515 3516
f 3444 3516 3445
f 3445 3516 3517
f 3445 3517 3446
f 3446 3517 3518
f 3446 3518 3447
f 3447 3518 3519
f 3447 3519 3448
f 3448 3519 3520
f 3448 3520 3449
f 3449 3520 3521
f 3449 3521 3450
f 3450 3521 3522
f 3450 3522 3451
f 3451 3522 3523
f 3451 3523 3452
f 3452 3523 3524
f 3452 3524 3453
f 3453 3524 3525
f 3453 3525 3454
f 3454 3525 3526
f 3454 3526 3455
f 3455 3526 3527
f 3455 3527 3456
f 3456 3527 3528
f 3467 3539 3468
f 3468 3539 3540
f 3468 3540 3469
f 3469 3540 3541
f 3480 3552 3481
f 3481 3552 3553
f 3481 3553 3482
f 3482 3553 3554
f 3482 3554 3483
f 3483 3554 3555
f 3483 3555 3484
f 3484 3555 3556
f 3484 3556 3485
f 3485 3556 3557
f 3485 3557 3486
f 3486 3557 3558
f 3486 3558 3487
f 3487 3558 3559
f 3487 3559 3488
f 3488 3559 3560
f 3488 3560 3489
f 3489 3560 3561
f 3489 3561 3490
f 3490 3561 3562
f 3490 3562 3491
f 3491 3562 3563
f 3491 3563 3492
f 3492 3563 3564
f 3492 3564 3493
f 3493 3564 3565
f 3493 3565 3494
f 3494 3565 3566
f 3494 3566 3495
f 3495 3566 3567
f 3495 3567 3496
f 3496 3567 3568
f 3496 3568 3497
f 3497 3568 3569
f 3497 3569 3498
f 3498 3569 3570
f 3498 3570 3499
f 3499 3570 3571
f 3499 3571 3500
f 3500 3571 3572
f 3500 3572 3501
f 3501 3572 3573
f 3501 3573 3502
f 3502 3573 3574
f 3502 3574 3503
f 3503 3574 3575
f 3503 3575 3504
f 3504 3575 3576
f 3504 3576 3505
f 3505 3576 3577
f 3505 3577 3506
f 3506 3577 3578
f 3506 3578 3507
f 3507 3578 3579
f 3507 3579 3508
f 3508 3579 3580
f 3508 3580 3509
f 3509 3580 3581
f 3509 3581 3510
f 3510 3581 3582
f 3510 3582 3511
f 3511 3582 3583
f 3511 3583 3512
f 3512 3583 3584
f 3512 3584 3513
f 3513 3584 3585
f 3513 3585 3514
f 3514 3585 3586
f 3514 3586 3515
f 3515 3586 3587
f 3515 3587 3516
f 3516 3587 3588
f 3516 3588 3517
f 3517 3588 3589
f 3517 3589 3518
f 3518 3589 3590
f 3518 3590 3519
f 3519 3590 3591
f 3519 3591 3520
f 3520 3591 3592
f 3520 3592 3521
f 3521 3592 3593
f 3521 3593 3522
f 3522 3593 3594
f 3522 3594 3523
f 3523 3594 3595
f 3523 3595 3524
f 3524 3595 3596
f 3524 3596 3525
f 3525 3596 3597
f 3525 3597 3526
f 3526 3597 3598
f 3526 3598 3527
f 3527 3598 3599
f 3527 3599 3528
f 3528 3599 3600
f 3552 3624 3553
f 3553 3624 3625
f 3553 3625 3554
f 3554 3625 3626
f 3554 3626 3555
f 3555 3626 3627
f 3555 3627 3556
f 3556 3627 3628
f 3556 3628 3557
f 3557 3628 3629
f 3557 3629 3558
f 3558 3629 3630
f 3558 3630 3559
f 3559 3630 3631
f 3559 3631 3560
f 3560 3631 3632
f 3560 3632 3561
f 3561 3632 3633
f 3561 3633 3562
f 3562 3633 3634
f 3562 3634 3563
f 3563 3634 3635
f 3563 3635 3564
f 3564 3635 3636
f 3564 3636 3565
f 3565 3636 3637
f 3565 3637 3566
f 3566 3637 3638
f 3566 3638 3567
f 3567 3638 3639
f 3567 3639 3568
f 3568 3639 3640
f 3568 3640 3569
f 3569 3640 3641
f 3569 3641 3570
f 3570 3641 3642
f 3570 3642 3571
f 3571 3642 3643
f 3571 3643 3572
f 3572 3643 3644
f 3572 3644 3573
f 3573 3644 3645
f 3573 3645 3574
f 3574 3645 3646
f 3574 3646 3575
f 3575 3646 3647
f 3575 3647 3576
f 3576 3647 3648
f 3576 3648 3577
f 3577 3648 3649
f 3577 3649 3578
f 3578 3649 3650
f 3578 3650 3579
f 3579 3650 3651
f 3579 3651 3580
f 3580 3651 3652
f 3580 3652 3581
f 3581 3652 3653
f 3581 3653 3582
f 3582 3653 3654
f 3582 3654 3583
f 3583 3654 3655
f 3583 3655 3584
f 3584 3655 3656
f 3584 3656 3585
f 3585 3656 3657
f 3585 3657 3586
f 3586 3657 3658
f 3586 3658 3587
f 3587 3658 3659
f 3587 3659 3588
f 3588 3659 3660
f 3588 3660 3589
f 3589 3660 3661
f 3589 3661 3590
f 3590 3661 3662
f 3590 3662 3591
f 3591 3662 3663
f 3591 3663 3592
f 3592 3663 3664
f 3592 3664 3593
f 3593 3664 3665
f 3593 3665 3594
f 3594 3665 3666
f 3594 3666 3595
f 3595 3666 3667
f 3595 3667 3596
f 3596 3667 3668
f 3596 3668 3597
f 3597 3668 3669
f 3597 3669 3598
f 3598 3669 3670
f 3598 3670 3599
f 3599 3670 3671
f 3599 3671 3600
f 3600 3671 3672
f 3617 3689 3618
f 3618 3689 3690
f 3621 3693 3622
f 3622 3693 3694
f 3622 3694 3623
f 3623 3694 3695
f 3623 3695 3624
f 3624 3695 3696
f 3624 3696 3625
f 3625 3696 3697
f 3625 3697 3626
f 3626 3697 3698
f 3626 3698 3627
f 3627 3698 3699
f 3627 3699 3628
f 3628 3699 3700
f 3628 3700 3629
f 3629 3700 3701
f 3629 3701 3630
f 3630 3701 3702
f 3630 3702 3631
f 3631 3702 3703
f 3631 3703 3632
f 3632 3703 3704
f 3632 3704 3633
f 3633 3704 3705
f 3633 3705 3634
f 3634 3705 3706
f 3634 3706 3635
f 3635 3706 3707
f 3635 3707 3636
f 3636 3707 3708
f 3636 3708 3637
f 3637 3708 3709
f 3637 3709 3638
f 3638 3709 3710
f 3638 3710 3639
f 3639 3710 3711
f 3639 3711 3640
f 3640 3711 3712
f 3640 3712 3641
f 3641 3712 3713
f 3641 3713 3642
f 3642 3713 3714
f 3642 3714 3643
f 3643 3714 3715
f 3643 3715 3644
f 3644 3715 3716
f 3644 3716 3645
f 3645 3716 3717
f 3645 3717 3646
f 3646 3717 3718
f 3646 3718 3647
f 3647 3718 3719
f 3647 3719 3648
f 3648 3719 3720
f 3648 3720 3649
f 3649 3720 3721
f 3649 3721 3650
f 3650 3721 3722
f 3650 3722 3651
f 3651 3722 3723
f 3651 3723 3652
f 3652 3723 3724
f 3652 3724 3653
f 3653 3724 3725
f 3653 3725 3654
f 3654 3725 3726
f 3654 3726 3655
f 3655 3726 3727
f 3655 3727 3656
f 3656 3727 3728
f 3656 3728 3657
f 3657 3728 3729
f 3657 3729 3658
f 3658 3729 3730
f 3658 3730 3659
f 3659 3730 3731
f 3659 3731 3660
f 3660 3731 3732
f 3660 3732 3661
f 3661 3732 3733
f 3661 3733 3662
f 3662 3733 3734
f 3662 3734 3663
f 3663 3734 3735
f 3663 3735 3664
f 3664 3735 3736
f 3664 3736 3665
f 3665 3736 3737
f 3665 3737 3666
f 3666 3737 3738
f 3666 3738 3667
f 3667 3738 3739
f 3667 3739 3668
f 3668 3739 3740
f 3668 3740 3669
f 3669 3740 3741
f 3669 3741 3670
f 3670 3741 3742
f 3670 3742 3671
f 3671 3742 3743
f 3671 3743 3672
f 3672 3743 3744
f 3689 3761 3690
f 3690 3761 3762
f 3690 3762 3691
f 3691 3762 3763
f 3691 3763 3692
f 3692 3763 3764
f 3692 3764 3693
f 3693 3764 3765
f 3693 3765 3694
f 3694 3765 3766
f 3694 3766 3695
f 3695 3766 3767
f 3695 3767 3696
f 3696 3767 3768
f 3696 3768 3697
f 3697 3768 3769
f 3697 3769 3698
f 3698 3769 3770
f 3698 3770 3699
f 3699 3770 3771
f 3699 3771 3700
f 3700 3771 3772
f 3700 3772 3701
f 3701 3772 3773
f 3701 3773 3702
f 3702 3773 3774
f 3702 3774 3703
f 3703 3774 3775
f 3703 3775 3704
f 3704 3775 3776
f 3704 3776 3705
f 3705 3776 3777
f 3705 3777 3706
f 3706 3777 3778
f 3706 3778 3707
f 3707 3778 3779
f 3707 3779 3708
f 3708 3779 3780
f 3708 3780 3709
f 3709 3780 3781
f 3709 3781 3710
f 3710 3781 3782
f 3710 3782 3711
f 3711 3782 3783
f 3711 3783 3712
f 3712 3783 3784
f 3712 3784 3713
f 3713 3784 3785
f 3713 3785 3714
f 3714 3785 3786
f 3714 3786 3715
f 3715 3786 3787
f 3715 3787 3716
f 3716 3787 3788
f 3716 3788 3717
f 3717 3788 3789
f 3717 3789 3718
f 3718 3789 3790
f 3718 3790 3719
f 3719 3790 3791
f 3719 3791 3720
f 3720 3791 3792
f 3720 3792 3721
f 3721 3792 3793
f 3721 3793 3722
f 3722 3793 3794
f 3722 3794 3723
f 3723 3794 3795
f 3723 3795 3724
f 3724 3795 3796
f 3724 3796 3725
f 3725 3796 3797
f 3725 3797 3726
f 3726 3797 3798
f 3726 3798 3727
f 3727 3798 3799
f 3727 3799 3728
f 3728 3799 3800
f 3728 3800 3729
f 3729 3800 3801
f 3729 3801 3730
f 3730 3801 3802
f 3730 3802 3731
f 3731 3802 3803
f 3731 3803 3732
f 3732 3803 3804
f 3732 3804 3733
f 3733 3804 3805
f 3733 3805 3734
f 3734 3805 3806
f 3734 3806 3735
f 3735 3806 3807
f 3735 3807 3736
f 3736 3807 3808
f 3736 3808 3737
f 3737 3808 3809
f 3737 3809 3738
f 3738 3809 3810
f 3738 3810 3739
f 3739 3810 3811
f 3739 3811 3740
f 3740 3811 3812
f 3740 3812 3741
f 3741 3812 3813
f 3741 3813 3742
f 3742 3813 3814
f 3742 3814 3743
f 3743 3814 3815
f 3743 3815 3744
f 3744 3815 3816
f 3756 3828 3757
f 3757 3828 3829
f 3757 3829 3758
f 3758 3829 3830
f 3758 3830 3759
f 3759 3830 3831
f 3759 3831 3760
f 3760 3831 3832
f 3760 3832 3761
f 3761 3832 3833
f 3761 3833 3762
f 3762 3833 3834
f 3762 3834 3763
f 3763 3834 3835
f 3763 3835 3764
f 3764 3835 3836
f 3764 3836 3765
f 3765 3836 3837
f 3765 3837 3766
f 3766 3837 3838
f 3766 3838 3767
f 3767 3838 3839
f 3767 3839 3768
f 3768 3839 3840
f 3768 3840 3769
f 3769 3840 3841
f 3769 3841 3770
f 3770 3841 3842
f 3770 3842 3771
f 3771 3842 3843
f 3771 3843 3772
f 3772 3843 3844
f 3772 3844 3773
f 3773 3844 3845
f 3773 3845 3774
f 3774 3845 3846
f 3774 3846 3775
f 3775 3846 3847
f 3775 3847 3776
f 3776 3847 3848
f 3776 3848 3777
f 3777 3848 3849
f 3777 3849 3778
f 3778 3849 3850
f 3778 3850 3779
f 3779 3850 3851
f 3779 3851 3780
f 3780 3851 3852
f 3780 3852 3781
f 3781 3852 3853
f 3781 3853 3782
f 3782 3853 3854
f 3782 3854 3783
f 3783 3854 3855
f 3783 3855 3784
f 3784 3855 3856
f 3784 3856 3785
f 3785 3856 3857
f 3785 3857 3786
f 3786 3857 3858
f 3786 3858 3787
f 3787 3858 3859
f 3787 3859 3788
f 3788 3859 3860
f 3788 3860 3789
f 3789 3860 3861
f 3789 3861 3790
f 3790 3861 3862
f 3790 3862 3791
f 3791 3862 3863
f 3791 3863 3792
f 3792 3863 3864
f 3792 3864 3793
f 3793 3864 3865
f 3793 3865 3794
f 3794 3865 3866
f 3794 3866 3795
f 3795 3866 3867
f 3795 3867 3796
f 3796 3867 3868
f 3796 3868 3797
f 3797 3868 3869
f 3797 3869 3798
f 3798 3869 3870
f 3798 3870 3799
f 3799 3870 3871
f 3799 3871 3800
f 3800 3871 3872
f 3800 3872 3801
f 3801 3872 3873
f 3801 3873 3802
f 3802 3873 3874
f 3802 3874 3803
f 3803 3874 3875
f 3803 3875 3804
f 3804 3875 3876
f 3804 3876 3805
f 3805 3876 3877
f 3805 3877 3806
f 3806 3877 3878
f 3806 3878 3807
f 3807 3878 3879
f 3807 3879 3808
f 3808 3879 3880
f 3808 3880 3809
f 3809 3880 3881
f 3809 3881 3810
f 3810 3881 3882
f 3810 3882 3811
f 3811 3882 3883
f 3811 3883 3812
f 3812 3883 3884
f 3812 3884 3813
f 3813 3884 3885
f 3813 3885 3814
f 3814 3885 3886
f 3814 3886 3815
f 3815 3886 3887
f 3815 3887 3816
f 3816 3887 3888
f 3828 3900 3829
f 3829 3900 3901
f 3829 3901 3830
f 3830 3901 3902
f 3830 3902 3831
f 3831 3902 3903
f 3831 3903 3832
f 3832 3903 3904
f 3832 3904 3833
f 3833 3904 3905
f 3833 3905 3834
f 3834 3905 3906
f 3834 3906 3835
f 3835 3906 3907
f 3835 3907 3836
f 3836 3907 3908
f 3836 3908 3837
f 3837 3908 3909
f 3837 3909 3838
f 3838 3909 3910
f 3838 3910 3839
f 3839 3910 3911
f 3839 3911 3840
f 3840 3911 3912
f 3840 3912 3841
f 3841 3912 3913
f 3841 3913 3842
f 3842 3913 3914
f 3842 3914 3843
f 3843 3914 3915
f 3843 3915 3844
f 3844 3915 3916
f 3844 3916 3845
f 3845 3916 3917
f 3845 3917 3846
f 3846 3917 3918
f 3846 3918 3847
f 3847 3918 3919
f 3847 3919 3848
f 3848 3919 3920
f 3848 3920 3849
f 3849 3920 3921
f 3849 3921 3850
f 3850 3921 3922
f 3850 3922 3851
f 3851 3922 3923
f 3851 3923 3852
f 3852 3923 3924
f 3852 3924 3853
f 3853 3924 3925
f 3853 3925 3854
f 3854 3925 3926
f 3854 3926 3855
f 3855 3926 3927
f 3855 3927 3856
f 3856 3927 3928
f 3856 3928 3857
f 3857 3928 3929
f 3857 3929 3858
f 3858 3929 3930
f 3858 3930 3859
f 3859 3930 3931
f 3859 3931 3860
f 3860 3931 3932
f 3860 3932 3861
f 3861 3932 3933
f 3861 3933 3862
f 3862 3933 3934
f 3862 3934 3863
f 3863 3934 3935
f 3863 3935 3864
f 3864 3935 3936
f 3864 3936 3865
f 3865 3936 3937
f 3865 3937 3866
f 3866 3937 3938
f 3866 3938 3867
f 3867 3938 3939
f 3867 3939 3868
f 3868 3939 3940
f 3868 3940 3869
f 3869 3940 3941
f 3869 3941 3870
f 3870 3941 3942
f 3870 3942 3871
f 3871 3942 3943
f 3871 3943 3872
f 3872 3943 3944
f 3872 3944 3873
f 3873 3944 3945
f 3873 3945 3874
f 3874 3945 3946
f 3874 3946 3875
f 3875 3946 3947
f 3875 3947 3876
f 3876 3947 3948
f 3876 3948 3877
f 3877 3948 3949
f 3877 3949 3878
f 3878 3949 3950
f 3878 3950 3879
f 3879 3950 3951
f 3879 3951 3880
f 3880 3951 3952
f 3880 3952 3881
f 3881 3952 3953
f 3881 3953 3882
f 3882 3953 3954
f 3882 3954 3883
f 3883 3954 3955
f 3883 3955 3884
f 3884 3955 3956
f 3884 3956 3885
f 3885 3956 3957
f 3885 3957 3886
f 3886 3957 3958
f 3886 3958 3887
f 3887 3958 3959
f 3887 3959 3888
f 3888 3959 3960
f 3904 3976 3905
f 3905 3976 3977
f 3905 3977 3906
f 3906 3977 3978
f 3906 3978 3907
f 3907 3978 3979
f 3907 3979 3908
f 3908 3979 3980
f 3908 3980 3909
f 3909 3980 3981
f 3909 3981 3910
f 3910 3981 3982
f 3910 3982 3911
f 3911 3982 3983
f 3911 3983 3912
f 3912 3983 3984
f 3912 3984 3913
f 3913 3984 3985
f 3913 3985 3914
f 3914 3985 3986
f 3914 3986 3915
f 3915 3986 3987
f 3915 3987 3916
f 3916 3987 3988
f 3916 3988 3917
f 3917 3988 3989
f 3917 3989 3918
f 3918 3989 3990
f 3918 3990 3919
f 3919 3990 3991
f 3919 3991 3920
f 3920 3991 3992
f 3920 3992 3921
f 3921 3992 3993
f 3921 3993 3922
f 3922 3993 3994
f 3922 3994 3923
f 3923 3994 3995
f 3923 3995 3924
f 3924 3995 3996
f 3924 3996 3925
f 3925 3996 3997
f 3925 3997 3926
f 3926 3997 3998
f 3926 3998 3927
f 3927 3998 3999
f 3927 3999 3928
f 3928 3999 4000
f 3928 4000 3929
f 3929 4000 4001
f 3929 4001 3930
f 3930 4001 4002
f 3930 4002 3931
f 3931 4002 4003
f 3931 4003 3932
f 3932 4003 4004
f 3932 4004 3933
f 3933 4004 4005
f 3933 4005 3934
f 3934 4005 4006
f 3934 4006 3935
f 3935 4006 4007
f 3935 4007 3936
f 3936 4007 4008
f 3936 4008 3937
f 3937 4008 4009
f 3937 4009 3938
f 3938 4009 4010
f 3938 4010 3939
f 3939 4010 4011
f 3939 4011 3940
f 3940 4011 4012
f 3940 4012 3941
f 3941 4012 4013
f 3941 4013 3942
f 3942 4013 4014
f 3942 4014 3943
f 3943 4014 4015
f 3943 4015 3944
f 3944 4015 4016
f 3944 4016 3945
f 3945 4016 4017
f 3945 4017 3946
f 3946 4017 4018
f 3946 4018 3947
f 3947 4018 4019
f 3947 4019 3948
f 3948 4019 4020
f 3948 4020 3949
f 3949 4020 4021
f 3949 4021 3950
f 3950 4021 4022
f 3950 4022 3951
f 3951 4022 4023
f 3951 4023 3952
f 3952 4023 4024
f 3952 4024 3953
f 3953 4024 4025
f 3953 4025 3954
f 3954 4025 4026
f 3954 4026 3955
f 3955 4026 4027
f 3955 4027 3956
f 3956 4027 4028
f 3956 4028 3957
f 3957 4028 4029
f 3957 4029 3958
f 3958 4029 4030
f 3958 4030 3959
f 3959 4030 4031
f 3959 4031 3960
f 3960 4031 4032
f 3977 4049 3978
f 3978 4049 4050
f 3978 4050 3979
f 3979 4050 4051
f 3979 4051 3980
f 3980 4051 4052
f 3980 4052 3981
f 3981 4052 4053
f 3981 4053 3982
f 3982 4053 4054
f 3982 4054 3983
f 3983 4054 4055
f 3983 4055 3984
f 3984 4055 4056
f 3984 4056 3985
f 3985 4056 4057
f 3985 4057 3986
f 3986 4057 4058
f 3986 4058 3987
f 3987 4058 4059
f 3987 4059 3988
f 3988 4059 4060
f 3988 4060 3989
f 3989 4060 4061
f 3989 4061 3990
f 3990 4061 4062
f 3990 4062 3991
f 3991 4062 4063
f 3991 4063 3992
f 3992 4063 4064
f 3992 4064 3993
f 3993 4064 4065
f 3993 4065 3994
f 3994 4065 4066
f 3994 4066 3995
f 3995 4066 4067
f 3995 4067 3996
f 3996 4067 4068
f 3996 4068 3997
f 3997 4068 4069
f 3997 4069 3998
f 3998 4069 4070
f 3998 4070 3999
f 3999 4070 4071
f 3999 4071 4000
f 4000 4071 4072
f 4000 4072 4001
f 4001 4072 4073
f 4001 4073 4002
f 4002 4073 4074
f 4002 4074 4003
f 4003 4074 4075
f 4003 4075 4004
f 4004 4075 4076
f 4004 4076 4005
f 4005 4076 4077
f 4005 4077 4006
f 4006 4077 4078
f 4006 4078 4007
f 4007 4078 4079
f 4007 4079 4008
f 4008 4079 4080
f 4008 4080 4009
f 4009 4080 4081
f 4009 4081 4010
f 4010 4081 4082
f 4010 4082 4011
f 4011 4082 4083
f 4011 4083 4012
f 4012 4083 4084
f 4012 4084 4013
f 4013 4084 4085
f 4013 4085 4014
f 4014 4085 4086
f 4014 4086 4015
f 4015 4086 4087
f 4015 4087 4016
f 4016 4087 4088
f 4016 4088 4017
f 4017 4088 4089
f 4017 4089 4018
f 4018 4089 4090
f 4018 4090 4019
f 4019 4090 4091
f 4019 4091 4020
f 4020 4091 4092
f 4020 4092 4021
f 4021 4092 4093
f 4021 4093 4022
f 4022 4093 4094
f 4022 4094 4023
f 4023 4094 4095
f 4023 4095 4024
f 4024 4095 4096
f 4024 4096 4025
f 4025 4096 4097
f 4025 4097 4026
f 4026 4097 4098
f 4026 4098 4027
f 4027 4098 4099
f 4027 4099 4028
f 4028 4099 4100
f 4028 4100 4029
f 4029 4100 4101
f 4029 4101 4030
f 4030 4101 4102
f 4030 4102 4031
f 4031 4102 4103
f 4031 4103 4032
f 4032 4103 4104
f 4050 4122 4051
f 4051 4122 4123
f 4051 4123 4052
f 4052 4123 4124
f 4052 4124 4053
f 4053 4124 4125
f 4053 4125 4054
f 4054 4125 4126
f 4054 4126 4055
f 4055 4126 4127
f 4055 4127 4056
f 4056 4127 4128
f 4056 4128 4057
f 4057 4128 4129
f 4057 4129 4058
f 4058 4129 4130
f 4058 4130 4059
f 4059 4130 4131
f 4059 4131 4060
f 4060 4131 4132
f 4060 4132 4061
f 4061 4132 4133
f 4061 4133 4062
f 4062 4133 4134
f 4062 4134 4063
f 4063 4134 4135
f 4063 4135 4064
f 4064 4135 4136
f 4064 4136 4065
f 4065 4136 4137
f 4065 4137 4066
f 4066 4137 4138
f 4066 4138 4067
f 4067 4138 4139
f 4067 4139 4068
f 4068 4139 4140
f 4068 4140 4069
f 4069 4140 4141
f 4069 4141 4070
f 4070 4141 4142
f 4070 4142 4071
f 4071 4142 4143
f 4071 4143 4072
f 4072 4143 4144
f 4072 4144 4073
f 4073 4144 4145
f 4073 4145 4074
f 4074 4145 4146
f 4074 4146 4075
f 4075 4146 4147
f 4075 4147 4076
f 4076 4147 4148
f 4076 4148 4077
f 4077 4148 4149
f 4077 4149 4078
f 4078 4149 4150
f 4078 4150 4079
f 4079 4150 4151
f 4079 4151 4080
f 4080 4151 4152
f 4080 4152 4081
f 4081 4152 4153
f 4081 4153 4082
f 4082 4153 4154
f 4082 4154 4083
f 4083 4154 4155
f 4083 4155 4084
f 4084 4155 4156
f 4084 4156 4085
f 4085 4156 4157
f 4085 4157 4086
f 4086 4157 4158
f 4086 4158 4087
f 4087 4158 4159
f 4087 4159 4088
f 4088 4159 4160
f 4088 4160 4089
f 4089 4160 4161
f 4089 4161 4090
f 4090 4161 4162
f 4090 4162 4091
f 4091 4162 4163
f 4091 4163 4092
f 4092 4163 4164
f 4092 4164 4093
f 4093 4164 4165
f 4093 4165 4094
f 4094 4165 4166
f 4094 4166 4095
f 4095 4166 4167
f 4095 4167 4096
f 4096 4167 4168
f 4096 4168 4097
f 4097 4168 4169
f 4097 4169 4098
f 4098 4169 4170
f 4098 4170 4099
f 4099 4170 4171
f 4099 4171 4100
f 4100 4171 4172
f 4100 4172 4101
f 4101 4172 4173
f 4101 4173 4102
f 4102 4173 4174
f 4102 4174 4103
f 4103 4174 4175
f 4103 4175 4104
f 4104 4175 4176
f 4122 4194 4123
f 4123 4194 4195
f 4123 4195 4124
f 4124 4195 4196
f 4124 4196 4125
f 4125 4196 4197
f 4125 4197 4126
f 4126 4197 4198
f 4126 4198 4127
f 4127 4198 4199
f 4127 4199 4128
f 4128 4199 4200
f 4128 4200 4129
f 4129 4200 4201
f 4129 4201 4130
f 4130 4201 4202
f 4130 4202 4131
f 4131 4202 4203
f 4131 4203 4132
f 4132 4203 4204
f 4132 4204 4133
f 4133 4204 4205
f 4133 4205 4134
f 4134 4205 4206
f 4134 4206 4135
f 4135 4206 4207
f 4135 4207 4136
f 4136 4207 4208
f 4136 4208 4137
f 4137 4208 4209
f 4137 4209 4138
f 4138 4209 4210
f 4138 4210 4139
f 4139 4210 4211
f 4139 4211 4140
f 4140 4211 4212
f 4140 4212 4141
f 4141 4212 4213
f 4141 4213 4142
f 4142 4213 4214
f 4142 4214 4143
f 4143 4214 4215
f 4143 4215 4144
f 4144 4215 4216
f 4144 4216 4145
f 4145 4216 4217
f 4145 4217 4146
f 4146 4217 4218
f 4146 4218 4147
f 4147 4218 4219
f 4147 4219 4148
f 4148 4219 4220
f 4148 4220 4149
f 4149 4220 4221
f 4149 4221 4150
f 4150 4221 4222
f 4150 4222 4151
f 4151 4222 4223
f 4151 4223 4152
f 4152 4223 4224
f 4152 4224 4153
f 4153 4224 4225
f 4153 4225 4154
f 4154 4225 4226
f 4154 4226 4155
f 4155 4226 4227
f 4155 4227 4156
f 4156 4227 4228
f 4156 4228 4157
f 4157 4228 4229
f 4157 4229 4158
f 4158 4229 4230
f 4158 4230 4159
f 4159 4230 4231
f 4159 4231 4160
f 4160 4231 4232
f 4160 4232 4161
f 4161 4232 4233
f 4161 4233 4162
f 4162 4233 4234
f 4162 4234 4163
f 4163 4234 4235
f 4163 4235 4164
f 4164 4235 4236
f 4164 4236 4165
f 4165 4236 4237
f 4165 4237 4166
f 4166 4237 4238
f 4166 4238 4167
f 4167 4238 4239
f 4167 4239 4168
f 4168 4239 4240
f 4168 4240 4169
f 4169 4240 4241
f 4169 4241 4170
f 4170 4241 4242
f 4170 4242 4171
f 4171 4242 4243
f 4171 4243 4172
f 4172 4243 4244
f 4172 4244 4173
f 4173 4244 4245
f 4173 4245 4174
f 4174 4245 4246
f 4174 4246 4175
f 4175 4246 4247
f 4175 4247 4176
f 4176 4247 4248
f 4194 4266 4195
f 4195 4266 4267
f 4195 4267 4196
f 4196 4267 4268
f 4196 4268 4197
f 4197 4268 4269
f 4197 4269 4198
f 4198 4269 4270
f 4198 4270 4199
f 4199 4270 4271
f 4199 4271 4200
f 4200 4271 4272
f 4200 4272 4201
f 4201 4272 4273
f 4201 4273 4202
f 4202 4273 4274
f 4202 4274 4203
f 4203 4274 4275
f 4203 4275 4204
f 4204 4275 4276
f 4204 4276 4205
f 4205 4276 4277
f 4205 4277 4206
f 4206 4277 4278
f 4206 4278 4207
f 4207 4278 4279
f 4207 4279 4208
f 4208 4279 4280
f 4208 4280 4209
f 4209 4280 4281
f 4209 4281 4210
f 4210 4281 4282
f 4210 4282 4211
f 4211 4282 4283
f 4211 4283 4212
f 4212 4283 4284
f 4212 4284 4213
f 4213 4284 4285
f 4213 4285 4214
f 4214 4285 4286
f 4214 4286 4215
f 4215 4286 4287
f 4215 4287 4216
f 4216 4287 4288
f 4216 4288 4217
f 4217 4288 4289
f 4217 4289 4218
f 4218 4289 4290
f 4218 4290 4219
f 4219 4290 4291
f 4219 4291 4220
f 4220 4291 4292
f 4220 4292 4221
f 4221 4292 4293
f 4224 4296 4225
f 4225 4296 4297
f 4225 4297 4226
f 4226 4297 4298
f 4226 4298 4227
f 4227 4298 4299
f 4227 4299 4228
f 4228 4299 4300
f 4228 4300 4229
f 4229 4300 4301
f 4229 4301 4230
f 4230 4301 4302
f 4230 4302 4231
f 4231 4302 4303
f 4231 4303 4232
f 4232 4303 4304
f 4232 4304 4233
f 4233 4304 4305
f 4233 4305 4234
f 4234 4305 4306
f 4234 4306 4235
f 4235 4306 4307
f 4235 4307 4236
f 4236 4307 4308
f 4236 4308 4237
f 4237 4308 4309
f 4237 4309 4238
f 4238 4309 4310
f 4238 4310 4239
f 4239 4310 4311
f 4239 4311 4240
f 4240 4311 4312
f 4240 4312 4241
f 4241 4312 4313
f 4241 4313 4242
f 4242 4313 4314
f 4242 4314 4243
f 4243 4314 4315
f 4243 4315 4244
f 4244 4315 4316
f 4244 4316 4245
f 4245 4316 4317
f 4245 4317 4246
f 4246 4317 4318
f 4246 4318 4247
f 4247 4318 4319
f 4247 4319 4248
f 4248 4319 4320
f 4266 4338 4267
f 4267 4338 4339
f 4267 4339 4268
f 4268 4339 4340
f 4268 4340 4269
f 4269 4340 4341
f 4269 4341 4270
f 4270 4341 4342
f 4270 4342 4271
f 4271 4342 4343
f 4271 4343 4272
f 4272 4343 4344
f 4272 4344 4273
f 4273 4344 4345
f 4273 4345 4274
f 4274 4345 4346
f 4274 4346 4275
f 4275 4346 4347
f 4275 4347 4276
f 4276 4347 4348
f 4276 4348 4277
f 4277 4348 4349
f 4277 4349 4278
f 4278 4349 4350
f 4278 4350 4279
f 4279 4350 4351
f 4279 4351 4280
f 4280 4351 4352
f 4280 4352 4281
f 4281 4352 4353
f 4281 4353 4282
f 4282 4353 4354
f 4282 4354 4283
f 4283 4354 4355
f 4283 4355 4284
f 4284 4355 4356
f 4284 4356 4285
f 4285 4356 4357
f 4285 4357 4286
f 4286 4357 4358
f 4286 4358 4287
f 4287 4358 4359
f 4287 4359 4288
f 4288 4359 4360
f 4288 4360 4289
f 4289 4360 4361
f 4289 4361 4290
f 4290 4361 4362
f 4290 4362 4291
f 4291 4362 4363
f 4291 4363 4292
f 4292 4363 4364
f 4292 4364 4293
f 4293 4364 4365
f 4299 4371 4300
f 4300 4371 4372
f 4300 4372 4301
f 4301 4372 4373
f 4301 4373 4302
f 4302 4373 4374
f 4302 4374 4303
f 4303 4374 4375
f 4303 4375 4304
f 4304 4375 4376
f 4304 4376 4305
f 4305 4376 4377
f 4305 4377 4306
f 4306 4377 4378
f 4306 4378 4307
f 4307 4378 4379
f 4307 4379 4308
f 4308 4379 4380
f 4308 4380 4309
f 4309 4380 4381
f 4309 4381 4310
f 4310 4381 4382
f 4310 4382 4311
f 4311 4382 4383
f 4311 4383 4312
f 4312 4383 4384
f 4312 4384 4313
f 4313 4384 4385
f 4313 4385 4314
f 4314 4385 4386
f 4314 4386 4315
f 4315 4386 4387
f 4315 4387 4316
f 4316 4387 4388
f 4316 4388 4317
f 4317 4388 4389
f 4317 4389 4318
f 4318 4389 4390
f 4318 4390 4319
f 4319 4390 4391
f 4319 4391 4320
f 4320 4391 4392
f 4338 4410 4339
f 4339 4410 4411
f 4339 4411 4340
f 4340 4411 4412
f 4340 4412 4341
f 4341 4412 4413
f 4341 4413 4342
f 4342 4413 4414
f 4342 4414 4343
f 4343 4414 4415
f 4343 4415 4344
f 4344 4415 4416
f 4344 4416 4345
f 4345 4416 4417
f 4345 4417 4346
f 4346 4417 4418
f 4346 4418 4347
f 4347 4418 4419
f 4347 4419 4348
f 4348 4419 4420
f 4348 4420 4349
f 4349 4420 4421
f 4349 4421 4350
f 4350 4421 4422
f 4350 4422 4351
f 4351 4422 4423
f 4351 4423 4352
f 4352 4423 4424
f 4352 4424 4353
f 4353 4424 4425
f 4353 4425 4354
f 4354 4425 4426
f 4354 4426 4355
f 4355 4426 4427
f 4355 4427 4356
f 4356 4427 4428
f 4356 4428 4357
f 4357 4428 4429
f 4359 4431 4360
f 4360 4431 4432
f 4360 4432 4361
f 4361 4432 4433
f 4361 4433 4362
f 4362 4433 4434
f 4362 4434 4363
f 4363 4434 4435
f 4363 4435 4364
f 4364 4435 4436
f 4364 4436 4365
f 4365 4436 4437
f 4371 4443 4372
f 4372 4443 4444
f 4372 4444 4373
f 4373 4444 4445
f 4373 4445 4374
f 4374 4445 4446
f 4374 4446 4375
f 4375 4446 4447
f 4375 4447 4376
f 4376 4447 4448
f 4376 4448 4377
f 4377 4448 4449
f 4377 4449 4378
f 4378 4449 4450
f 4378 4450 4379
f 4379 4450 4451
f 4379 4451 4380
f 4380 4451 4452
f 4380 4452 4381
f 4381 4452 4453
f 4381 4453 4382
f 4382 4453 4454
f 4382 4454 4383
f 4383 4454 4455
f 4383 4455 4384
f 4384 4455 4456
f 4384 4456 4385
f 4385 4456 4457
f 4385 4457 4386
f 4386 4457 4458
f 4386 4458 4387
f 4387 4458 4459
f 4387 4459 4388
f 4388 4459 4460
f 4388 4460 4389
f 4389 4460 4461
f 4389 4461 4390
f 4390 4461 4462
f 4390 4462 4391
f 4391 4462 4463
f 4391 4463 4392
f 4392 4463 4464
f 4410 4482 4411
f 4411 4482 4483
f 4411 4483 4412
f 4412 4483 4484
f 4412 4484 4413
f 4413 4484 4485
f 4413 4485 4414
f 4414 4485 4486
f 4414 4486 4415
f 4415 4486 4487
f 4415 4487 4416
f 4416 4487 4488
f 4416 4488 4417
f 4417 4488 4489
f 4417 4489 4418
f 4418 4489 4490
f 4418 4490 4419
f 4419 4490 4491
f 4419 4491 4420
f 4420 4491 4492
f 4420 4492 4421
f 4421 4492 4493
f 4421 4493 4422
f 4422 4493 4494
f 4422 4494 4423
f 4423 4494 4495
f 4423 4495 4424
f 4424 4495 4496
f 4424 4496 4425
f 4425 4496 4497
f 4425 4497 4426
f 4426 4497 4498
f 4426 4498 4427
f 4427 4498 4499
f 4427 4499 4428
f 4428 4499 4500
f 4433 4505 4434
f 4434 4505 4506
f 4434 4506 4435
f 4435 4506 4507
f 4435 4507 4436
f 4436 4507 4508
f 4436 4508 4437
f 4437 4508 4509
f 4444 4516 4445
f 4445 4516 4517
f 4445 4517 4446
f 4446 4517 4518
f 4446 4518 4447
f 4447 4518 4519
f 4447 4519 4448
f 4448 4519 4520
f 4448 4520 4449
f 4449 4520 4521
f 4449 4521 4450
f 4450 4521 4522
f 4450 4522 4451
f 4451 4522 4523
f 4451 4523 4452
f 4452 4523 4524
f 4452 4524 4453
f 4453 4524 4525
f 4453 4525 4454
f 4454 4525 4526
f 4454 4526 4455
f 4455 4526 4527
f 4455 4527 4456
f 4456 4527 4528
f 4456 4528 4457
f 4457 4528 4529
f 4457 4529 4458
f 4458 4529 4530
f 4458 4530 4459
f 4459 4530 4531
f 4459 4531 4460
f 4460 4531 4532
f 4460 4532 4461
f 4461 4532 4533
f 4461 4533 4462
f 4462 4533 4534
f 4462 4534 4463
f 4463 4534 4535
f 4463 4535 4464
f 4464 4535 4536
f 4468 4540 4469
f 4469 4540 4541
f 4469 4541 4470
f 4470 4541 4542
f 4482 4554 4483
f 4483 4554 4555
f 4483 4555 4484
f 4484 4555 4556
f 4484 4556 4485
f 4485 4556 4557
f 4485 4557 4486
f 4486 4557 4558
f 4486 4558 4487
f 4487 4558 4559
f 4487 4559 4488
f 4488 4559 4560
f 4488 4560 4489
f 4489 4560 4561
f 4489 4561 4490
f 4490 4561 4562
f 4490 4562 4491
f 4491 4562 4563
f 4494 4566 4495
f 4495 4566 4567
f 4495 4567 4496
f 4496 4567 4568
f 4496 4568 4497
f 4497 4568 4569
f 4497 4569 4498
f 4498 4569 4570
f 4506 4578 4507
f 4507 4578 4579
f 4507 4579 4508
f 4508 4579 4580
f 4508 4580 4509
f 4509 4580 4581
f 4509 4581 4510
f 4510 4581 4582
f 4510 4582 4511
f 4511 4582 4583
f 4518 4590 4519
f 4519 4590 4591
f 4519 4591 4520
f 4520 4591 4592
f 4520 4592 4521
f 4521 4592 4593
f 4521 4593 4522
f 4522 4593 4594
f 4522 4594 4523
f 4523 4594 4595
f 4523 4595 4524
f 4524 4595 4596
f 4524 4596 4525
f 4525 4596 4597
f 4525 4597 4526
f 4526 4597 4598
f 4526 4598 4527
f 4527 4598 4599
f 4527 4599 4528
f 4528 4599 4600
f 4528 4600 4529
f 4529 4600 4601
f 4529 4601 4530
f 4530 4601 4602
f 4530 4602 4531
f 4531 4602 4603
f 4531 4603 4532
f 4532 4603 4604
f 4532 4604 4533
f 4533 4604 4605
f 4533 4605 4534
f 4534 4605 4606
f 4534 4606 4535
f 4535 4606 4607
f 4535 4607 4536
f 4536 4607 4608
f 4538 4610 4539
f 4539 4610 4611
f 4539 4611 4540
f 4540 4611 4612
f 4540 4612 4541
f 4541 4612 4613
f 4541 4613 4542
f 4542 4613 4614
f 4542 4614 4543
f 4543 4614 4615
f 4543 4615 4544
f 4544 4615 4616
f 4544 4616 4545
f 4545 4616 4617
f 4545 4617 4546
f 4546 4617 4618
f 4546 4618 4547
f 4547 4618 4619
f 4547 4619 4548
f 4548 4619 4620
f 4548 4620 4549
f 4549 4620 4621
f 4549 4621 4550
f 4550 4621 4622
f 4550 4622 4551
f 4551 4622 4623
f 4551 4623 4552
f 4552 4623 4624
f 4552 4624 4553
f 4553 4624 4625
f 4553 4625 4554
f 4554 4625 4626
f 4554 4626 4555
f 4555 4626 4627
f 4555 4627 4556
f 4556 4627 4628
f 4556 4628 4557
f 4557 4628 4629
f 4557 4629 4558
f 4558 4629 4630
f 4558 4630 4559
f 4559 4630 4631
f 4559 4631 4560
f 4560 4631 4632
f 4560 4632 4561
f 4561 4632 4633
f 4561 4633 4562
f 4562 4633 4634
f 4578 4650 4579
f 4579 4650 4651
f 4579 4651 4580
f 4580 4651 4652
f 4580 4652 4581
f 4581 4652 4653
f 4581 4653 4582
f 4582 4653 4654
f 4582 4654 4583
f 4583 4654 4655
f 4583 4655 4584
f 4584 4655 4656
f 4592 4664 4593
f 4593 4664 4665
f 4593 4665 4594
f 4594 4665 4666
f 4594 4666 4595
f 4595 4666 4667
f 4595 4667 4596
f 4596 4667 4668
f 4596 4668 4597
f 4597 4668 4669
f 4597 4669 4598
f 4598 4669 4670
f 4598 4670 4599
f 4599 4670 4671
f 4599 4671 4600
f 4600 4671 4672
f 4600 4672 4601
f 4601 4672 4673
f 4601 4673 4602
f 4602 4673 4674
f 4602 4674 4603
f 4603 4674 4675
f 4603 4675 4604
f 4604 4675 4676
f 4604 4676 4605
f 4605 4676 4677
f 4605 4677 4606
f 4606 4677 4678
f 4606 4678 4607
f 4607 4678 4679
f 4607 4679 4608
f 4608 4679 4680
f 4611 4683 4612
f 4612 4683 4684
f 4612 4684 4613
f 4613 4684 4685
f 4613 4685 4614
f 4614 4685 4686
f 4614 4686 4615
f 4615 4686 4687
f 4615 4687 4616
f 4616 4687 4688
f 4616 4688 4617
f 4617 4688 4689
f 4617 4689 4618
f 4618 4689 4690
f 4618 4690 4619
f 4619 4690 4691
f 4619 4691 4620
f 4620 4691 4692
f 4620 4692 4621
f 4621 4692 4693
f 4621 4693 4622
f 4622 4693 4694
f 4622 4694 4623
f 4623 4694 4695
f 4623 4695 4624
f 4624 4695 4696
f 4624 4696 4625
f 4625 4696 4697
f 4625 4697 4626
f 4626 4697 4698
f 4626 4698 4627
f 4627 4698 4699
f 4627 4699 4628
f 4628 4699 4700
f 4628 4700 4629
f 4629 4700 4701
f 4629 4701 4630
f 4630 4701 4702
f 4630 4702 4631
f 4631 4702 4703
f 4631 4703 4632
f 4632 4703 4704
f 4632 4704 4633
f 4633 4704 4705
f 4633 4705 4634
f 4634 4705 4706
f 4652 4724 4653
f 4653 4724 4725
f 4653 4725 4654
f 4654 4725 4726
f 4654 4726 4655
f 4655 4726 4727
f 4655 4727 4656
f 4656 4727 4728
f 4666 4738 4667
f 4667 4738 4739
f 4667 4739 4668
f 4668 4739 4740
f 4668 4740 4669
f 4669 4740 4741
f 4669 4741 4670
f 4670 4741 4742
f 4670 4742 4671
f 4671 4742 4743
f 4671 4743 4672
f 4672 4743 4744
f 4672 4744 4673
f 4673 4744 4745
f 4673 4745 4674
f 4674 4745 4746
f 4674 4746 4675
f 4675 4746 4747
f 4675 4747 4676
f 4676 4747 4748
f 4676 4748 4677
f 4677 4748 4749
f 4677 4749 4678
f 4678 4749 4750
f 4678 4750 4679
f 4679 4750 4751
f 4679 4751 4680
f 4680 4751 4752
f 4683 4755 4684
f 4684 4755 4756
f 4684 4756 4685
f 4685 4756 4757
f 4685 4757 4686
f 4686 4757 4758
f 4686 4758 4687
f 4687 4758 4759
f 4687 4759 4688
f 4688 4759 4760
f 4688 4760 4689
f 4689 4760 4761
f 4689 4761 4690
f 4690 4761 4762
f 4690 4762 4691
f 4691 4762 4763
f 4691 4763 4692
f 4692 4763 4764
f 4692 4764 4693
f 4693 4764 4765
f 4693 4765 4694
f 4694 4765 4766
f 4694 4766 4695
f 4695 4766 4767
f 4695 4767 4696
f 4696 4767 4768
f 4696 4768 4697
f 4697 4768 4769
f 4697 4769 4698
f 4698 4769 4770
f 4698 4770 4699
f 4699 4770 4771
f 4699 4771 4700
f 4700 4771 4772
f 4700 4772 4701
f 4701 4772 4773
f 4701 4773 4702
f 4702 4773 4774
f 4702 4774 4703
f 4703 4774 4775
f 4703 4775 4704
f 4704 4775 4776
f 4704 4776 4705
f 4705 4776 4777
f 4705 4777 4706
f 4706 4777 4778
f 4706 4778 4707
f 4707 4778 4779
f 4718 4790 4719
f 4719 4790 4791
f 4725 4797 4726
f 4726 4797 4798
f 4726 4798 4727
f 4727 4798 4799
f 4727 4799 4728
f 4728 4799 4800
f 4728 4800 4729
f 4729 4800 4801
f 4729 4801 4730
f 4730 4801 4802
f 4739 4811 4740
f 4740 4811 4812
f 4740 4812 4741
f 4741 4812 4813
f 4741 4813 4742
f 4742 4813 4814
f 4742 4814 4743
f 4743 4814 4815
f 4743 4815 4744
f 4744 4815 4816
f 4744 4816 4745
f 4745 4816 4817
f 4745 4817 4746
f 4746 4817 4818
f 4746 4818 4747
f 4747 4818 4819
f 4747 4819 4748
f 4748 4819 4820
f 4748 4820 4749
f 4749 4820 4821
f 4749 4821 4750
f 4750 4821 4822
f 4750 4822 4751
f 4751 4822 4823
f 4751 4823 4752
f 4752 4823 4824
f 4755 4827 4756
f 4756 4827 4828
f 4756 4828 4757
f 4757 4828 4829
f 4757 4829 4758
f 4758 4829 4830
f 4758 4830 4759
f 4759 4830 4831
f 4759 4831 4760
f 4760 4831 4832
f 4760 4832 4761
f 4761 4832 4833
f 4761 4833 4762
f 4762 4833 4834
f 4762 4834 4763
f 4763 4834 4835
f 4763 4835 4764
f 4764 4835 4836
f 4764 4836 4765
f 4765 4836 4837
f 4765 4837 4766
f 4766 4837 4838
f 4766 4838 4767
f 4767 4838 4839
f 4767 4839 4768
f 4768 4839 4840
f 4768 4840 4769
f 4769 4840 4841
f 4769 4841 4770
f 4770 4841 4842
f 4770 4842 4771
f 4771 4842 4843
f 4771 4843 4772
f 4772 4843 4844
f 4772 4844 4773
f 4773 4844 4845
f 4773 4845 4774
f 4774 4845 4846
f 4774 4846 4775
f 4775 4846 4847
f 4775 4847 4776
f 4776 4847 4848
f 4776 4848 4777
f 4777 4848 4849
f 4799 4871 4800
f 4800 4871 4872
f 4800 4872 4801
f 4801 4872 4873
f 4801 4873 4802
f 4802 4873 4874
f 4802 4874 4803
f 4803 4874 4875
f 4803 4875 4804
f 4804 4875 4876
f 4812 4884 4813
f 4813 4884 4885
f 4813 4885 4814
f 4814 4885 4886
f 4814 4886 4815
f 4815 4886 4887
f 4815 4887 4816
f 4816 4887 4888
f 4816 4888 4817
f 4817 4888 4889
f 4817 4889 4818
f 4818 4889 4890
f 4818 4890 4819
f 4819 4890 4891
f 4819 4891 4820
f 4820 4891 4892
f 4820 4892 4821
f 4821 4892 4893
f 4821 4893 4822
f 4822 4893 4894
f 4822 4894 4823
f 4823 4894 4895
f 4823 4895 4824
f 4824 4895 4896
f 4827 4899 4828
f 4828 4899 4900
f 4828 4900 4829
f 4829 4900 4901
f 4829 4901 4830
f 4830 4901 4902
f 4830 4902 4831
f 4831 4902 4903
f 4831 4903 4832
f 4832 4903 4904
f 4832 4904 4833
f 4833 4904 4905
f 4833 4905 4834
f 4834 4905 4906
f 4834 4906 4835
f 4835 4906 4907
f 4835 4907 4836
f 4836 4907 4908
f 4836 4908 4837
f 4837 4908 4909
f 4837 4909 4838
f 4838 4909 4910
f 4838 4910 4839
f 4839 4910 4911
f 4839 4911 4840
f 4840 4911 4912
f 4840 4912 4841
f 4841 4912 4913
f 4841 4913 4842
f 4842 4913 4914
f 4842 4914 4843
f 4843 4914 4915
f 4843 4915 4844
f 4844 4915 4916
f 4844 4916 4845
f 4845 4916 4917
f 4845 4917 4846
f 4846 4917 4918
f 4873 4945 4874
f 4874 4945 4946
f 4874 4946 4875
f 4875 4946 4947
f 4875 4947 4876
f 4876 4947 4948
f 4876 4948 4877
f 4877 4948 4949
f 4877 4949 4878
f 4878 4949 4950
f 4884 4956 4885
f 4885 4956 4957
f 4885 4957 4886
f 4886 4957 4958
f 4886 4958 4887
f 4887 4958 4959
f 4887 4959 4888
f 4888 4959 4960
f 4888 4960 4889
f 4889 4960 4961
f 4889 4961 4890
f 4890 4961 4962
f 4890 4962 4891
f 4891 4962 4963
f 4891 4963 4892
f 4892 4963 4964
f 4892 4964 4893
f 4893 4964 4965
f 4893 4965 4894
f 4894 4965 4966
f 4899 4971 4900
f 4900 4971 4972
f 4900 4972 4901
f 4901 4972 4973
f 4901 4973 4902
f 4902 4973 4974
f 4902 4974 4903
f 4903 4974 4975
f 4903 4975 4904
f 4904 4975 4976
f 4904 4976 4905
f 4905 4976 4977
f 4905 4977 4906
f 4906 4977 4978
f 4906 4978 4907
f 4907 4978 4979
f 4907 4979 4908
f 4908 4979 4980
f 4908 4980 4909
f 4909 4980 4981
f 4909 4981 4910
f 4910 4981 4982
f 4910 4982 4911
f 4911 4982 4983
f 4911 4983 4912
f 4912 4983 4984
f 4912 4984 4913
f 4913 4984 4985
f 4913 4985 4914
f 4914 4985 4986
f 4914 4986 4915
f 4915 4986 4987
f 4915 4987 4916
f 4916 4987 4988
f 4916 4988 4917
f 4917 4988 4989
f 4934 5006 4935
f 4935 5006 5007
f 4935 5007 4936
f 4936 5007 5008
f 4947 5019 4948
f 4948 5019 5020
f 4948 5020 4949
f 4949 5020 5021
f 4949 5021 4950
f 4950 5021 5022
f 4950 5022 4951
f 4951 5022 5023
f 4951 5023 4952
f 4952 5023 5024
f 4956 5028 4957
f 4957 5028 5029
f 4957 5029 4958
f 4958 5029 5030
f 4958 5030 4959
f 4959 5030 5031
f 4959 5031 4960
f 4960 5031 5032
f 4960 5032 4961
f 4961 5032 5033
f 4963 5035 4964
f 4964 5035 5036
f 4971 5043 4972
f 4972 5043 5044
f 4972 5044 4973
f 4973 5044 5045
f 4973 5045 4974
f 4974 5045 5046
f 4974 5046 4975
f 4975 5046 5047
f 4975 5047 4976
f 4976 5047 5048
f 4976 5048 4977
f 4977 5048 5049
f 4977 5049 4978
f 4978 5049 5050
f 4978 5050 4979
f 4979 5050 5051
f 4979 5051 4980
f 4980 5051 5052
f 4980 5052 4981
f 4981 5052 5053
f 4981 5053 4982
f 4982 5053 5054
f 4982 5054 4983
f 4983 5054 5055
f 4983 5055 4984
f 4984 5055 5056
f 4984 5056 4985
f 4985 5056 5057
f 4985 5057 4986
f 4986 5057 5058
f 4986 5058 4987
f 4987 5058 5059
f 4987 5059 4988
f 4988 5059 5060
f 5006 5078 5007
f 5007 5078 5079
f 5007 5079 5008
f 5008 5079 5080
f 5020 5092 5021
f 5021 5092 5093
f 5028 5100 5029
f 5029 5100 5101
f 5029 5101 5030
f 5030 5101 5102
f 5030 5102 5031
f 5031 5102 5103
f 5031 5103 5032
f 5032 5103 5104
f 5032 5104 5033
f 5033 5104 5105
f 5043 5115 5044
f 5044 5115 5116
f 5044 5116 5045
f 5045 5116 5117
f 5045 5117 5046
f 5046 5117 5118
f 5046 5118 5047
f 5047 5118 5119
f 5047 5119 5048
f 5048 5119 5120
f 5048 5120 5049
f 5049 5120 5121
f 5049 5121 5050
f 5050 5121 5122
f 5050 5122 5051
f 5051 5122 5123
f 5051 5123 5052
f 5052 5123 5124
f 5052 5124 5053
f 5053 5124 5125
f 5053 5125 5054
f 5054 5125 5126
f 5054 5126 5055
f 5055 5126 5127
f 5055 5127 5056
f 5056 5127 5128
f 5056 5128 5057
f 5057 5128 5129
f 5057 5129 5058
f 5058 5129 5130
f 5058 5130 5059
f 5059 5130 5131
f 5059 5131 5060
f 5060 5131 5132
f 5066 5138 5067
f 5067 5138 5139
f 5078 5150 5079
f 5079 5150 5151
f 5101 5173 5102
f 5102 5173 5174
f 5102 5174 5103
f 5103 5174 5175
f 5103 5175 5104
f 5104 5175 5176
f 5104 5176 5105
f 5105 5176 5177
f 5105 5177 5106
f 5106 5177 5178
f 5114 5186 5115
f 5115 5186 5187
f 5115 5187 5116
f 5116 5187 5188
f 5116 5188 5117
f 5117 5188 5189
f 5117 5189 5118
f 5118 5189 5190
f 5118 5190 5119
f 5119 5190 5191
f 5119 5191 5120
f 5120 5191 5192
f 5120 5192 5121
f 5121 5192 5193
f 5121 5193 5122
f 5122 5193 5194
f 5122 5194 5123
f 5123 5194 5195
f 5123 5195 5124
f 5124 5195 5196
f 5124 5196 5125
f 5125 5196 5197
f 5125 5197 5126
f 5126 5197 5198
f 5126 5198 5127
f 5127 5198 5199
f 5127 5199 5128
f 5128 5199 5200
f 5128 5200 5129
f 5129 5200 5201
f 5129 5201 5130
f 5130 5201 5202
f 5130 5202 5131
f 5131 5202 5203
f 5131 5203 5132
f 5132 5203 5204
f 5165 5237 5166
f 5166 5237 5238
f 5175 5247 5176
f 5176 5247 5248
f 5176 5248 5177
f 5177 5248 5249
f 5177 5249 5178
f 5178 5249 5250
f 5187 5259 5188
f 5188 5259 5260
f 5188 5260 5189
f 5189 5260 5261
f 5189 5261 5190
f 5190 5261 5262
f 5190 5262 5191
f 5191 5262 5263
f 5191 5263 5192
f 5192 5263 5264
f 5192 5264 5193
f 5193 5264 5265
f 5193 5265 5194
f 5194 5265 5266
f 5194 5266 5195
f 5195 5266 5267
f 5195 5267 5196
f 5196 5267 5268
f 5196 5268 5197
f 5197 5268 5269
f 5197 5269 5198
f 5198 5269 5270
f 5198 5270 5199
f 5199 5270 5271
f 5199 5271 5200
f 5200 5271 5272
f 5200 5272 5201
f 5201 5272 5273
f 5201 5273 5202
f 5202 5273 5274
f 5202 5274 5203
f 5203 5274 5275
f 5247 5319 5248
f 5248 5319 5320
f 5248 5320 5249
f 5249 5320 5321
f 5249 5321 5250
f 5250 5321 5322
f 5250 5322 5251
f 5251 5322 5323
f 5251 5323 5252
f 5252 5323 5324
f 5252 5324 5253
f 5253 5324 5325
f 5259 5331 5260
f 5260 5331 5332
f 5260 5332 5261
f 5261 5332 5333
f 5261 5333 5262
f 5262 5333 5334
f 5262 5334 5263
f 5263 5334 5335
f 5263 5335 5264
f 5264 5335 5336
f 5264 5336 5265
f 5265 5336 5337
f 5265 5337 5266
f 5266 5337 5338
f 5266 5338 5267
f 5267 5338 5339
f 5267 5339 5268
f 5268 5339 5340
f 5268 5340 5269
f 5269 5340 5341
f 5269 5341 5270
f 5270 5341 5342
f 5270 5342 5271
f 5271 5342 5343
f 5271 5343 5272
f 5272 5343 5344
f 5272 5344 5273
f 5273 5344 5345
f 5273 5345 5274
f 5274 5345 5346
f 5274 5346 5275
f 5275 5346 5347
f 5306 5378 5307
f 5307 5378 5379
f 5319 5391 5320
f 5320 5391 5392
f 5320 5392 5321
f 5321 5392 5393
f 5321 5393 5322
f 5322 5393 5394
f 5322 5394 5323
f 5323 5394 5395
f 5323 5395 5324
f 5324 5395 5396
f 5331 5403 5332
f 5332 5403 5404
f 5332 5404 5333
f 5333 5404 5405
f 5333 5405 5334
f 5334 5405 5406
f 5334 5406 5335
f 5335 5406 5407
f 5335 5407 5336
f 5336 5407 5408
f 5336 5408 5337
f 5337 5408 5409
f 5337 5409 5338
f 5338 5409 5410
f 5338 5410 5339
f 5339 5410 5411
f 5339 5411 5340
f 5340 5411 5412
f 5340 5412 5341
f 5341 5412 5413
f 5341 5413 5342
f 5342 5413 5414
f 5342 5414 5343
f 5343 5414 5415
f 5343 5415 5344
f 5344 5415 5416
f 5344 5416 5345
f 5345 5416 5417
f 5375 5447 5376
f 5376 5447 5448
f 5376 5448 5377
f 5377 5448 5449
f 5377 5449 5378
f 5378 5449 5450
f 5378 5450 5379
f 5379 5450 5451
f 5392 5464 5393
f 5393 5464 5465
f 5393 5465 5394
f 5394 5465 5466
f 5394 5466 5395
f 5395 5466 5467
f 5408 5480 5409
f 5409 5480 5481
f 5409 5481 5410
f 5410 5481 5482
f 5410 5482 5411
f 5411 5482 5483
f 5411 5483 5412
f 5412 5483 5484
f 5412 5484 5413
f 5413 5484 5485
f 5413 5485 5414
f 5414 5485 5486
f 5414 5486 5415
f 5415 5486 5487
f 5415 5487 5416
f 5416 5487 5488
f 5439 5511 5440
f 5440 5511 5512
f 5440 5512 5441
f 5441 5512 5513
f 5450 5522 5451
f 5451 5522 5523
f 5464 5536 5465
f 5465 5536 5537
f 5465 5537 5466
f 5466 5537 5538
f 5480 5552 5481
f 5481 5552 5553
f 5481 5553 5482
f 5482 5553 5554
f 5498 5570 5499
f 5499 5570 5571
f 5499 5571 5500
f 5500 5571 5572
f 5500 5572 5501
f 5501 5572 5573
f 5501 5573 5502
f 5502 5573 5574
f 5502 5574 5503
f 5503 5574 5575
f 5503 5575 5504
f 5504 5575 5576
f 5504 5576 5505
f 5505 5576 5577
f 5505 5577 5506
f 5506 5577 5578
f 5506 5578 5507
f 5507 5578 5579
f 5507 5579 5508
f 5508 5579 5580
f 5508 5580 5509
f 5509 5580 5581
f 5509 5581 5510
f 5510 5581 5582
f 5510 5582 5511
f 5511 5582 5583
f 5511 5583 5512
f 5512 5583 5584
f 5512 5584 5513
f 5513 5584 5585
f 5553 5625 5554
f 5554 5625 5626
f 5565 5637 5566
f 5566 5637 5638
f 5566 5638 5567
f 5567 5638 5639
f 5567 5639 5568
f 5568 5639 5640
f 5568 5640 5569
f 5569 5640 5641
f 5569 5641 5570
f 5570 5641 5642
f 5570 5642 5571
f 5571 5642 5643
f 5571 5643 5572
f 5572 5643 5644
f 5572 5644 5573
f 5573 5644 5645
f 5573 5645 5574
f 5574 5645 5646
f 5574 5646 5575
f 5575 5646 5647
f 5575 5647 5576
f 5576 5647 5648
f 5576 5648 5577
f 5577 5648 5649
f 5577 5649 5578
f 5578 5649 5650
f 5578 5650 5579
f 5579 5650 5651
f 5579 5651 5580
f 5580 5651 5652
f 5580 5652 5581
f 5581 5652 5653
f 5581 5653 5582
f 5582 5653 5654
f 5582 5654 5583
f 5583 5654 5655
f 5583 5655 5584
f 5584 5655 5656
f 5584 5656 5585
f 5585 5656 5657
f 5625 5697 5626
f 5626 5697 5698
f 5635 5707 5636
f 5636 5707 5708
f 5636 5708 5637
f 5637 5708 5709
f 5637 5709 5638
f 5638 5709 5710
f 5638 5710 5639
f 5639 5710 5711
f 5639 5711 5640
f 5640 5711 5712
f 5640 5712 5641
f 5641 5712 5713
f 5641 5713 5642
f 5642 5713 5714
f 5642 5714 5643
f 5643 5714 5715
f 5643 5715 5644
f 5644 5715 5716
f 5644 5716 5645
f 5645 5716 5717
f 5645 5717 5646
f 5646 5717 5718
f 5646 5718 5647
f 5647 5718 5719
f 5647 5719 5648
f 5648 5719 5720
f 5648 5720 5649
f 5649 5720 5721
f 5649 5721 5650
f 5650 5721 5722
f 5650 5722 5651
f 5651 5722 5723
f 5651 5723 5652
f 5652 5723 5724
f 5652 5724 5653
f 5653 5724 5725
f 5653 5725 5654
f 5654 5725 5726
f 5654 5726 5655
f 5655 5726 5727
f 5655 5727 5656
f 5656 5727 5728
f 5656 5728 5657
f 5657 5728 5729
f 5657 5729 5658
f 5658 5729 5730
o place
v -2.650000 0.000000 -1.500000
v -2.575352 0.000000 -1.500000
v -2.500704 0.000000 -1.500000
v -2.426056 0.000000 -1.500000
v -2.351408 0.000000 -1.500000
v -2.276761 0.000000 -1.500000
v -2.202113 0.000000 -1.500000
v -2.127465 0.000000 -1.500000
v -2.052817 0.000000 -1.500000
v -1.978169 0.000000 -1.500000
v -1.903521 0.000000 -1.500000
v -1.828873 0.000000 -1.500000
v -1.754225 0.000000 -1.500000
v -1.679577 0.000000 -1.500000
v -1.604930 0.000000 -1.500000
v -1.530282 0.000000 -1.500000
v -1.455634 0.000000 -1.500000
v -1.380986 0.000000 -1.500000
v -1.306338 0.000000 -1.500000
v -1.231690 0.000000 -1.500000
v -1.157042 0.000000 -1.500000
v -1.082394 0.000000 -1.500000
v -1.007746 0.000000 -1.500000
v -0.933099 0.000000 -1.500000
v -0.858451 0.000000 -1.500000
v -0.783803 0.000000 -1.500000
v -0.709155 0.000000 -1.500000
v -0.634507 0.000000 -1.500000
v -0.559859 0.000000 -1.500000
v -0.485211 0.000000 -1.500000
v -0.410563 0.000000 -1.500000
v -0.335915 0.000000 -1.500000
v -0.261268 0.000000 -1.500000
v -0.186620 0.000000 -1.500000
v -0.111972 0.000000 -1.500000
v -0.037324 0.000000 -1.500000
v 0.037324 0.000000 -1.500000
v 0.111972 0.000000 -1.500000
v 0.186620 0.000000 -1.500000
v 0.261268 0.000000 -1.500000
v 0.335915 0.000000 -1.500000
v 0.410563 0.000000 -1.500000
v 0.485211 0.000000 -1.500000
v 0.559859 0.000000 -1.500000
v 0.634507 0.000000 -1.500000
v 0.709155 0.000000 -1.500000
v 0.783803 0.000000 -1.500000
v 0.858451 0.000000 -1.500000
v 0.933099 0.000000 -1.500000
v 1.007746 0.000000 -1.500000
v 1.082394 0.000000 -1.500000
v 1.157042 0.000000 -1.500000
v 1.231690 0.000000 -1.500000
v 1.306338 0.000000 -1.500000
v 1.380986 0.000000 -1.500000
v 1.455634 0.000000 -1.500000
v 1.530282 0.000000 -1.500000
v 1.604930 0.000000 -1.500000
v 1.679577 0.000000 -1.500000
v 1.754225 0.000000 -1.500000
v 1.828873 0.000000 -1.500000
v 1.903521 0.000000 -1.500000
v 1.978169 0.000000 -1.500000
v 2.052817 0.000000 -1.500000
v 2.127465 0.000000 -1.500000
v 2.202113 0.000000 -1.500000
v 2.276761 0.000000 -1.500000
v 2.351408 0.000000 -1.500000
v 2.426056 0.000000 -1.500000
v 2.500704 0.000000 -1.500000
v 2.575352 0.000000 -1.500000
v 2.650000 0.000000 -1.500000
v -2.650000 0.000000 -1.423077
v -2.575352 0.000000 -1.423077
v -2.500704 0.000000 -1.423077
v -2.426056 0.000000 -1.423077
v -2.351408 0.000000 -1.423077
v -2.276761 0.000000 -1.423077
v -2.202113 0.000000 -1.423077
v -2.127465 0.000000 -1.423077
v -2.052817 0.000000 -1.423077
v -1.978169 0.000000 -1.423077
v -1.903521 0.000000 -1.423077
v -1.828873 0.000000 -1.423077
v -1.754225 0.000000 -1.423077
v -1.679577 0.000000 -1.423077
v -1.604930 0.000000 -1.423077
v -1.530282 0.000000 -1.423077
v -1.455634 0.000000 -1.423077
v -1.380986 0.000000 -1.423077
v -1.306338 0.000000 -1.423077
v -1.231690 0.000000 -1.423077
v -1.157042 0.000000 -1.423077
v -1.082394 0.000000 -1.423077
v -1.007746 0.000000 -1.423077
v -0.933099 0.000000 -1.423077
v -0.858451 0.000000 -1.423077
v -0.783803 0.000000 -1.423077
v -0.709155 0.000000 -1.423077
v -0.634507 0.000000 -1.423077
v -0.559859 0.000000 -1.423077
v -0.485211 0.000000 -1.423077
v -0.410563 0.000000 -1.423077
v -0.335915 0.000000 -1.423077
v -0.261268 0.000000 -1.423077
v -0.186620 0.000000 -1.423077
v -0.111972 0.000000 -1.423077
v -0.037324 0.000000 -1.423077
v 0.037324 0.000000 -1.423077
v 0.111972 0.000000 -1.423077
v 0.186620 0.000000 -1.423077
v 0.261268 0.000000 -1.423077
v 0.335915 0.000000 -1.423077
v 0.410563 0.000000 -1.423077
v 0.485211 0.000000 -1.423077
v 0.559859 0.000000 -1.423077
v 0.634507 0.000000 -1.423077
v 0.709155 0.000000 -1.423077
v 0.783803 0.000000 -1.423077
v 0.858451 0.000000 -1.423077
v 0.933099 0.000000 -1.423077
v 1.007746 0.000000 -1.423077
v 1.082394 0.000000 -1.423077
v 1.157042 0.000000 -1.423077
v 1.231690 0.000000 -1.423077
v 1.306338 0.000000 -1.423077
v 1.380986 0.000000 -1.423077
v 1.455634 0.000000 -1.423077
v 1.530282 0.000000 -1.423077
v 1.604930 0.000000 -1.423077
v 1.679577 0.000000 -1.423077
v 1.754225 0.000000 -1.423077
v 1.828873 0.000000 -1.423077
v 1.903521 0.000000 -1.423077
v 1.978169 0.000000 -1.423077
v 2.052817 0.000000 -1.423077
v 2.127465 0.000000 -1.423077
v 2.202113 0.000000 -1.423077
v 2.276761 0.000000 -1.423077
v 2.351408 0.000000 -1.423077
v 2.426056 0.000000 -1.423077
v 2.500704 0.000000 -1.423077
v 2.575352 0.000000 -1.423077
v 2.650000 0.000000 -1.423077
v -2.650000 0.000000 -1.346154
v -2.575352 0.000000 -1.346154
v -2.500704 0.000000 -1.346154
v -2.426056 0.000000 -1.346154
v -2.351408 0.000000 -1.346154
v -2.276761 0.000000 -1.346154
v -2.202113 0.000000 -1.346154
v -2.127465 0.000000 -1.346154
v -2.052817 0.000000 -1.346154
v -1.978169 0.000000 -1.346154
v -1.903521 0.000000 -1.346154
v -1.828873 0.000000 -1.346154
v -1.754225 0.000000 -1.346154
v -1.679577 0.000000 -1.346154
v -1.604930 0.000000 -1.346154
v -1.530282 0.000000 -1.346154
v -1.455634 0.000000 -1.346154
v -1.380986 0.000000 -1.346154
v -1.306338 0.000000 -1.346154
v -1.231690 0.000000 -1.346154
v -1.157042 0.000000 -1.346154
v -1.082394 0.000000 -1.346154
v -1.007746 0.000000 -1.346154
v -0.933099 0.000000 -1.346154
v -0.858451 0.000000 -1.346154
v -0.783803 0.000000 -1.346154
v -0.709155 0.000000 -1.346154
v -0.634507 0.000000 -1.346154
v -0.559859 0.000000 -1.346154
v -0.485211 0.000000 -1.346154
v -0.410563 0.000000 -1.346154
v -0.335915 0.000000 -1.346154
v -0.261268 0.000000 -1.346154
v -0.186620 0.000000 -1.346154
v -0.111972 0.000000 -1.346154
v -0.037324 0.000000 -1.346154
v 0.037324 0.000000 -1.346154
v 0.111972 0.000000 -1.346154
v 0.186620 0.000000 -1.346154
v 0.261268 0.000000 -1.346154
v 0.335915 0.000000 -1.346154
v 0.410563 0.000000 -1.346154
v 0.485211 0.000000 -1.346154
v 0.559859 0.000000 -1.346154
v 0.634507 0.000000 -1.346154
v 0.709155 0.000000 -1.346154
v 0.783803 0.000000 -1.346154
v 0.858451 0.000000 -1.346154
v 0.933099 0.000000 -1.346154
v 1.007746 0.000000 -1.346154
v 1.082394 0.000000 -1.346154
v 1.157042 0.000000 -1.346154
v 1.231690 0.000000 -1.346154
v 1.306338 0.000000 -1.346154
v 1.380986 0.000000 -1.346154
v 1.455634 0.000000 -1.346154
v 1.530282 0.000000 -1.346154
v 1.604930 0.000000 -1.346154
v 1.679577 0.000000 -1.346154
v 1.754225 0.000000 -1.346154
v 1.828873 0.000000 -1.346154
v 1.903521 0.000000 -1.346154
v 1.978169 0.000000 -1.346154
v 2.052817 0.000000 -1.346154
v 2.127465 0.000000 -1.346154
v 2.202113 0.000000 -1.346154
v 2.276761 0.000000 -1.346154
v 2.351408 0.000000 -1.346154
v 2.426056 0.000000 -1.346154
v 2.500704 0.000000 -1.346154
v 2.575352 0.000000 -1.346154
v 2.650000 0.000000 -1.346154
v -2.650000 0.000000 -1.269231
v -2.575352 0.000000 -1.269231
v -2.500704 0.000000 -1.269231
v -2.426056 0.000000 -1.269231
v -2.351408 0.000000 -1.269231
v -2.276761 0.000000 -1.269231
v -2.202113 0.000000 -1.269231
v -2.127465 0.000000 -1.269231
v -2.052817 0.000000 -1.269231
v -1.978169 0.000000 -1.269231
v -1.903521 0.000000 -1.269231
v -1.828873 0.000000 -1.269231
v -1.754225 0.000000 -1.269231
v -1.679577 0.000000 -1.269231
v -1.604930 0.000000 -1.269231
v -1.530282 0.000000 -1.269231
v -1.455634 0.000000 -1.269231
v -1.380986 0.000000 -1.269231
v -1.306338 0.000000 -1.269231
v -1.231690 0.000000 -1.269231
v -1.157042 0.000000 -1.269231
v -1.082394 0.000000 -1.269231
v -1.007746 0.000000 -1.269231
v -0.933099 0.000000 -1.269231
v -0.858451 0.000000 -1.269231
v -0.783803 0.000000 -1.269231
v -0.709155 0.000000 -1.269231
v -0.634507 0.000000 -1.269231
v -0.559859 0.000000 -1.269231
v -0.485211 0.000000 -1.269231
v -0.410563 0.000000 -1.269231
v -0.335915 0.000000 -1.269231
v -0.261268 0.000000 -1.269231
v -0.186620 0.000000 -1.269231
v -0.111972 0.000000 -1.269231
v -0.037324 0.000000 -1.269231
v 0.037324 0.000000 -1.269231
v 0.111972 0.000000 -1.269231
v 0.186620 0.000000 -1.269231
v 0.261268 0.000000 -1.269231
v 0.335915 0.000000 -1.269231
v 0.410563 0.000000 -1.269231
v 0.485211 0.000000 -1.269231
v 0.559859 0.000000 -1.269231
v 0.634507 0.000000 -1.269231
v 0.709155 0.000000 -1.269231
v 0.783803 0.000000 -1.269231
v 0.858451 0.000000 -1.269231
v 0.933099 0.000000 -1.269231
v 1.007746 0.000000 -1.269231
v 1.082394 0.000000 -1.269231
v 1.157042 0.000000 -1.269231
v 1.231690 0.000000 -1.269231
v 1.306338 0.000000 -1.269231
v 1.380986 0.000000 -1.269231
v 1.455634 0.000000 -1.269231
v 1.530282 0.000000 -1.269231
v 1.604930 0.000000 -1.269231
v 1.679577 0.000000 -1.269231
v 1.754225 0.000000 -1.269231
v 1.828873 0.000000 -1.269231
v 1.903521 0.000000 -1.269231
v 1.978169 0.000000 -1.269231
v 2.052817 0.000000 -1.269231
v 2.127465 0.000000 -1.269231
v 2.202113 0.000000 -1.269231
v 2.276761 0.000000 -1.269231
v 2.351408 0.000000 -1.269231
v 2.426056 0.000000 -1.269231
v 2.500704 0.000000 -1.269231
v 2.575352 0.000000 -1.269231
v 2.650000 0.000000 -1.269231
v -2.650000 0.000000 -1.192308
v -2.575352 0.000000 -1.192308
v -2.500704 0.000000 -1.192308
v -2.426056 0.000000 -1.192308
v -2.351408 0.000000 -1.192308
v -2.276761 0.000000 -1.192308
v -2.202113 0.000000 -1.192308
v -2.127465 0.000000 -1.192308
v -2.052817 0.000000 -1.192308
v -1.978169 0.000000 -1.192308
v -1.903521 0.000000 -1.192308
v -1.828873 0.000000 -1.192308
v -1.754225 0.000000 -1.192308
v -1.679577 0.000000 -1.192308
v -1.604930 0.000000 -1.192308
v -1.530282 0.000000 -1.192308
v -1.455634 0.000000 -1.192308
v -1.380986 0.000000 -1.192308
v -1.306338 0.000000 -1.192308
v -1.231690 0.000000 -1.192308
v -1.157042 0.000000 -1.192308
v -1.082394 0.000000 -1.192308
v -1.007746 0.000000 -1.192308
v -0.933099 0.000000 -1.192308
v -0.858451 0.000000 -1.192308
v -0.783803 0.000000 -1.192308
v -0.709155 0.000000 -1.192308
v -0.634507 0.000000 -1.192308
v -0.559859 0.000000 -1.192308
v -0.485211 0.000000 -1.192308
v -0.410563 0.000000 -1.192308
v -0.335915 0.000000 -1.192308
v -0.261268 0.000000 -1.192308
v -0.186620 0.000000 -1.192308
v -0.111972 0.000000 -1.192308
v -0.037324 0.000000 -1.192308
v 0.037324 0.000000 -1.192308
v 0.111972 0.000000 -1.192308
v 0.186620 0.000000 -1.192308
v 0.261268 0.000000 -1.192308
v 0.335915 0.000000 -1.192308
v 0.410563 0.000000 -1.192308
v 0.485211 0.000000 -1.192308
v 0.559859 0.000000 -1.192308
v 0.634507 0.000000 -1.192308
v 0.709155 0.000000 -1.192308
v 0.783803 0.000000 -1.192308
v 0.858451 0.000000 -1.192308
v 0.933099 0.000000 -1.192308
v 1.007746 0.000000 -1.192308
v 1.082394 0.000000 -1.192308
v 1.157042 0.000000 -1.192308
v 1.231690 0.000000 -1.192308
v 1.306338 0.000000 -1.192308
v 1.380986 0.000000 -1.192308
v 1.455634 0.000000 -1.192308
v 1.530282 0.000000 -1.192308
v 1.604930 0.000000 -1.192308
v 1.679577 0.000000 -1.192308
v 1.754225 0.000000 -1.192308
v 1.828873 0.000000 -1.192308
v 1.903521 0.000000 -1.192308
v 1.978169 0.000000 -1.192308
v 2.052817 0.000000 -1.192308
v 2.127465 0.000000 -1.192308
v 2.202113 0.000000 -1.192308
v 2.276761 0.000000 -1.192308
v 2.351408 0.000000 -1.192308
v 2.426056 0.000000 -1.192308
v 2.500704 0.000000 -1.192308
v 2.575352 0.000000 -1.192308
v 2.650000 0.000000 -1.192308
v -2.650000 0.000000 -1.115385
v -2.575352 0.000000 -1.115385
v -2.500704 0.000000 -1.115385
v -2.426056 0.000000 -1.115385
v -2.351408 0.000000 -1.115385
v -2.276761 0.000000 -1.115385
v -2.202113 0.000000 -1.115385
v -2.127465 0.000000 -1.115385
v -2.052817 0.000000 -1.115385
v -1.978169 0.000000 -1.115385
v -1.903521 0.000000 -1.115385
v -1.828873 0.000000 -1.115385
v -1.754225 0.000000 -1.115385
v -1.679577 0.000000 -1.115385
v -1.604930 0.000000 -1.115385
v -1.530282 0.000000 -1.115385
v -1.455634 0.000000 -1.115385
v -1.380986 0.000000 -1.115385
v -1.306338 0.000000 -1.115385
v -1.231690 0.000000 -1.115385
v -1.157042 0.000000 -1.115385
v -1.082394 0.000000 -1.115385
v -1.007746 0.000000 -1.115385
v -0.933099 0.000000 -1.115385
v -0.858451 0.000000 -1.115385
v -0.783803 0.000000 -1.115385
v -0.709155 0.000000 -1.115385
v -0.634507 0.000000 -1.115385
v -0.559859 0.000000 -1.115385
v -0.485211 0.000000 -1.115385
v -0.410563 0.000000 -1.115385
v -0.335915 0.000000 -1.115385
v -0.261268 0.000000 -1.115385
v -0.186620 0.000000 -1.115385
v -0.111972 0.000000 -1.115385
v -0.037324 0.000000 -1.115385
v 0.037324 0.000000 -1.115385
v 0.111972 0.000000 -1.115385
v 0.186620 0.000000 -1.115385
v 0.261268 0.000000 -1.115385
v 0.335915 0.000000 -1.115385
v 0.410563 0.000000 -1.115385
v 0.485211 0.000000 -1.115385
v 0.559859 0.000000 -1.115385
v 0.634507 0.000000 -1.115385
v 0.709155 0.000000 -1.115385
v 0.783803 0.000000 -1.115385
v 0.858451 0.000000 -1.115385
v 0.933099 0.000000 -1.115385
v 1.007746 0.000000 -1.115385
v 1.082394 0.000000 -1.115385
v 1.157042 0.000000 -1.115385
v 1.231690 0.000000 -1.115385
v 1.306338 0.000000 -1.115385
v 1.380986 0.000000 -1.115385
v 1.455634 0.000000 -1.115385
v 1.530282 0.000000 -1.115385
v 1.604930 0.000000 -1.115385
v 1.679577 0.000000 -1.115385
v 1.754225 0.000000 -1.115385
v 1.828873 0.000000 -1.115385
v 1.903521 0.000000 -1.115385
v 1.978169 0.000000 -1.115385
v 2.052817 0.000000 -1.115385
v 2.127465 0.000000 -1.115385
v 2.202113 0.000000 -1.115385
v 2.276761 0.000000 -1.115385
v 2.351408 0.000000 -1.115385
v 2.426056 0.000000 -1.115385
v 2.500704 0.000000 -1.115385
v 2.575352 0.000000 -1.115385
v 2.650000 0.000000 -1.115385
v -2.650000 0.000000 -1.038462
v -2.575352 0.000000 -1.038462
v -2.500704 0.000000 -1.038462
v -2.426056 0.000000 -1.038462
v -2.351408 0.000000 -1.038462
v -2.276761 0.000000 -1.038462
v -2.202113 0.000000 -1.038462
v -2.127465 0.000000 -1.038462
v -2.052817 0.000000 -1.038462
v -1.978169 0.000000 -1.038462
v -1.903521 0.000000 -1.038462
v -1.828873 0.000000 -1.038462
v -1.754225 0.000000 -1.038462
v -1.679577 0.000000 -1.038462
v -1.604930 0.000000 -1.038462
v -1.530282 0.000000 -1.038462
v -1.455634 0.000000 -1.038462
v -1.380986 0.000000 -1.038462
v -1.306338 0.000000 -1.038462
v -1.231690 0.000000 -1.038462
v -1.157042 0.000000 -1.038462
v -1.082394 0.000000 -1.038462
v -1.007746 0.000000 -1.038462
v -0.933099 0.000000 -1.038462
v -0.858451 0.000000 -1.038462
v -0.783803 0.000000 -1.038462
v -0.709155 0.000000 -1.038462
v -0.634507 0.000000 -1.038462
v -0.559859 0.000000 -1.038462
v -0.485211 0.000000 -1.038462
v -0.410563 0.000000 -1.038462
v -0.335915 0.000000 -1.038462
v -0.261268 0.000000 -1.038462
v -0.186620 0.000000 -1.038462
v -0.111972 0.000000 -1.038462
v -0.037324 0.000000 -1.038462
v 0.037324 0.000000 -1.038462
v 0.111972 0.000000 -1.038462
v 0.186620 0.000000 -1.038462
v 0.261268 0.000000 -1.038462
v 0.335915 0.000000 -1.038462
v 0.410563 0.000000 -1.038462
v 0.485211 0.000000 -1.038462
v 0.559859 0.000000 -1.038462
v 0.634507 0.000000 -1.038462
v 0.709155 0.000000 -1.038462
v 0.783803 0.000000 -1.038462
v 0.858451 0.000000 -1.038462
v 0.933099 0.000000 -1.038462
v 1.007746 0.000000 -1.038462
v 1.082394 0.000000 -1.038462
v 1.157042 0.000000 -1.038462
v 1.231690 0.000000 -1.038462
v 1.306338 0.000000 -1.038462
v 1.380986 0.000000 -1.038462
v 1.455634 0.000000 -1.038462
v 1.530282 0.000000 -1.038462
v 1.604930 0.000000 -1.038462
v 1.679577 0.000000 -1.038462
v 1.754225 0.000000 -1.038462
v 1.828873 0.000000 -1.038462
v 1.903521 0.000000 -1.038462
v 1.978169 0.000000 -1.038462
v 2.052817 0.000000 -1.038462
v 2.127465 0.000000 -1.038462
v 2.202113 0.000000 -1.038462
v 2.276761 0.000000 -1.038462
v 2.351408 0.000000 -1.038462
v 2.426056 0.000000 -1.038462
v 2.500704 0.000000 -1.038462
v 2.575352 0.000000 -1.038462
v 2.650000 0.000000 -1.038462
v -2.650000 0.000000 -0.961538
v -2.575352 0.000000 -0.961538
v -2.500704 0.000000 -0.961538
v -2.426056 0.000000 -0.961538
v -2.351408 0.000000 -0.961538
v -2.276761 0.000000 -0.961538
v -2.202113 0.000000 -0.961538
v -2.127465 0.000000 -0.961538
v -2.052817 0.000000 -0.961538
v -1.978169 0.000000 -0.961538
v -1.903521 0.000000 -0.961538
v -1.828873 0.000000 -0.961538
v -1.754225 0.000000 -0.961538
v -1.679577 0.000000 -0.961538
v -1.604930 0.000000 -0.961538
v -1.530282 0.000000 -0.961538
v -1.455634 0.000000 -0.961538
v -1.380986 0.000000 -0.961538
v -1.306338 0.000000 -0.961538
v -1.231690 0.000000 -0.961538
v -1.157042 0.000000 -0.961538
v -1.082394 0.000000 -0.961538
v -1.007746 0.000000 -0.961538
v -0.933099 0.000000 -0.961538
v -0.858451 0.000000 -0.961538
v -0.783803 0.000000 -0.961538
v -0.709155 0.000000 -0.961538
v -0.634507 0.000000 -0.961538
v -0.559859 0.000000 -0.961538
v -0.485211 0.000000 -0.961538
v -0.410563 0.000000 -0.961538
v -0.335915 0.000000 -0.961538
v -0.261268 0.000000 -0.961538
v -0.186620 0.000000 -0.961538
v -0.111972 0.000000 -0.961538
v -0.037324 0.000000 -0.961538
v 0.037324 0.000000 -0.961538
v 0.111972 0.000000 -0.961538
v 0.186620 0.000000 -0.961538
v 0.261268 0.000000 -0.961538
v 0.335915 0.000000 -0.961538
v 0.410563 0.000000 -0.961538
v 0.485211 0.000000 -0.961538
v 0.559859 0.000000 -0.961538
v 0.634507 0.000000 -0.961538
v 0.709155 0.000000 -0.961538
v 0.783803 0.000000 -0.961538
v 0.858451 0.000000 -0.961538
v 0.933099 0.000000 -0.961538
v 1.007746 0.000000 -0.961538
v 1.082394 0.000000 -0.961538
v 1.157042 0.000000 -0.961538
v 1.231690 0.000000 -0.961538
v 1.306338 0.000000 -0.961538
v 1.380986 0.000000 -0.961538
v 1.455634 0.000000 -0.961538
v 1.530282 0.000000 -0.961538
v 1.604930 0.000000 -0.961538
v 1.679577 0.000000 -0.961538
v 1.754225 0.000000 -0.961538
v 1.828873 0.000000 -0.961538
v 1.903521 0.000000 -0.961538
v 1.978169 0.000000 -0.961538
v 2.052817 0.000000 -0.961538
v 2.127465 0.000000 -0.961538
v 2.202113 0.000000 -0.961538
v 2.276761 0.000000 -0.961538
v 2.351408 0.000000 -0.961538
v 2.426056 0.000000 -0.961538
v 2.500704 0.000000 -0.961538
v 2.575352 0.000000 -0.961538
v 2.650000 0.000000 -0.961538
v -2.650000 0.000000 -0.884615
v -2.575352 0.000000 -0.884615
v -2.500704 0.000000 -0.884615
v -2.426056 0.000000 -0.884615
v -2.351408 0.000000 -0.884615
v -2.276761 0.000000 -0.884615
v -2.202113 0.000000 -0.884615
v -2.127465 0.000000 -0.884615
v -2.052817 0.000000 -0.884615
v -1.978169 0.000000 -0.884615
v -1.903521 0.000000 -0.884615
v -1.828873 0.000000 -0.884615
v -1.754225 0.000000 -0.884615
v -1.679577 0.000000 -0.884615
v -1.604930 0.000000 -0.884615
v -1.530282 0.000000 -0.884615
v -1.455634 0.000000 -0.884615
v -1.380986 0.000000 -0.884615
v -1.306338 0.000000 -0.884615
v -1.231690 0.000000 -0.884615
v -1.157042 0.000000 -0.884615
v -1.082394 0.000000 -0.884615
v -1.007746 0.000000 -0.884615
v -0.933099 0.000000 -0.884615
v -0.858451 0.000000 -0.884615
v -0.783803 0.000000 -0.884615
v -0.709155 0.000000 -0.884615
v -0.634507 0.000000 -0.884615
v -0.559859 0.000000 -0.884615
v -0.485211 0.000000 -0.884615
v -0.410563 0.000000 -0.884615
v -0.335915 0.000000 -0.884615
v -0.261268 0.000000 -0.884615
v -0.186620 0.000000 -0.884615
v -0.111972 0.000000 -0.884615
v -0.037324 0.000000 -0.884615
v 0.037324 0.000000 -0.884615
v 0.111972 0.000000 -0.884615
v 0.186620 0.000000 -0.884615
v 0.261268 0.000000 -0.884615
v 0.335915 0.000000 -0.884615
v 0.410563 0.000000 -0.884615
v 0.485211 0.000000 -0.884615
v 0.559859 0.000000 -0.884615
v 0.634507 0.000000 -0.884615
v 0.709155 0.000000 -0.884615
v 0.783803 0.000000 -0.884615
v 0.858451 0.000000 -0.884615
v 0.933099 0.000000 -0.884615
v 1.007746 0.000000 -0.884615
v 1.082394 0.000000 -0.884615
v 1.157042 0.000000 -0.884615
v 1.231690 0.000000 -0.884615
v 1.306338 0.000000 -0.884615
v 1.380986 0.000000 -0.884615
v 1.455634 0.000000 -0.884615
v 1.530282 0.000000 -0.884615
v 1.604930 0.000000 -0.884615
v 1.679577 0.000000 -0.884615
v 1.754225 0.000000 -0.884615
v 1.828873 0.000000 -0.884615
v 1.903521 0.000000 -0.884615
v 1.978169 0.000000 -0.884615
v 2.052817 0.000000 -0.884615
v 2.127465 0.000000 -0.884615
v 2.202113 0.000000 -0.884615
v 2.276761 0.000000 -0.884615
v 2.351408 0.000000 -0.884615
v 2.426056 0.000000 -0.884615
v 2.500704 0.000000 -0.884615
v 2.575352 0.000000 -0.884615
v 2.650000 0.000000 -0.884615
v -2.650000 0.000000 -0.807692
v -2.575352 0.000000 -0.807692
v -2.500704 0.000000 -0.807692
v -2.426056 0.000000 -0.807692
v -2.351408 0.000000 -0.807692
v -2.276761 0.000000 -0.807692
v -2.202113 0.000000 -0.807692
v -2.127465 0.000000 -0.807692
v -2.052817 0.000000 -0.807692
v -1.978169 0.000000 -0.807692
v -1.903521 0.000000 -0.807692
v -1.828873 0.000000 -0.807692
v -1.754225 0.000000 -0.807692
v -1.679577 0.000000 -0.807692
v -1.604930 0.000000 -0.807692
v -1.530282 0.000000 -0.807692
v -1.455634 0.000000 -0.807692
v -1.380986 0.000000 -0.807692
v -1.306338 0.000000 -0.807692
v -1.231690 0.000000 -0.807692
v -1.157042 0.000000 -0.807692
v -1.082394 0.000000 -0.807692
v -1.007746 0.000000 -0.807692
v -0.933099 0.000000 -0.807692
v -0.858451 0.000000 -0.807692
v -0.783803 0.000000 -0.807692
v -0.709155 0.000000 -0.807692
v -0.634507 0.000000 -0.807692
v -0.559859 0.000000 -0.807692
v -0.485211 0.000000 -0.807692
v -0.410563 0.000000 -0.807692
v -0.335915 0.000000 -0.807692
v -0.261268 0.000000 -0.807692
v -0.186620 0.000000 -0.807692
v -0.111972 0.000000 -0.807692
v -0.037324 0.000000 -0.807692
v 0.037324 0.000000 -0.807692
v 0.111972 0.000000 -0.807692
v 0.186620 0.000000 -0.807692
v 0.261268 0.000000 -0.807692
v 0.335915 0.000000 -0.807692
v 0.410563 0.000000 -0.807692
v 0.485211 0.000000 -0.807692
v 0.559859 0.000000 -0.807692
v 0.634507 0.000000 -0.807692
v 0.709155 0.000000 -0.807692
v 0.783803 0.000000 -0.807692
v 0.858451 0.000000 -0.807692
v 0.933099 0.000000 -0.807692
v 1.007746 0.000000 -0.807692
v 1.082394 0.000000 -0.807692
v 1.157042 0.000000 -0.807692
v 1.231690 0.000000 -0.807692
v 1.306338 0.000000 -0.807692
v 1.380986 0.000000 -0.807692
v 1.455634 0.000000 -0.807692
v 1.530282 0.000000 -0.807692
v 1.604930 0.000000 -0.807692
v 1.679577 0.000000 -0.807692
v 1.754225 0.000000 -0.807692
v 1.828873 0.000000 -0.807692
v 1.903521 0.000000 -0.807692
v 1.978169 0.000000 -0.807692
v 2.052817 0.000000 -0.807692
v 2.127465 0.000000 -0.807692
v 2.202113 0.000000 -0.807692
v 2.276761 0.000000 -0.807692
v 2.351408 0.000000 -0.807692
v 2.426056 0.000000 -0.807692
v 2.500704 0.000000 -0.807692
v 2.575352 0.000000 -0.807692
v 2.650000 0.000000 -0.807692
v -2.650000 0.000000 -0.730769
v -2.575352 0.000000 -0.730769
v -2.500704 0.000000 -0.730769
v -2.426056 0.000000 -0.730769
v -2.351408 0.000000 -0.730769
v -2.276761 0.000000 -0.730769
v -2.202113 0.000000 -0.730769
v -2.127465 0.000000 -0.730769
v -2.052817 0.000000 -0.730769
v -1.978169 0.000000 -0.730769
v -1.903521 0.000000 -0.730769
v -1.828873 0.000000 -0.730769
v -1.754225 0.000000 -0.730769
v -1.679577 0.000000 -0.730769
v -1.604930 0.000000 -0.730769
v -1.530282 0.000000 -0.730769
v -1.455634 0.000000 -0.730769
v -1.380986 0.000000 -0.730769
v -1.306338 0.000000 -0.730769
v -1.231690 0.000000 -0.730769
v -1.157042 0.000000 -0.730769
v -1.082394 0.000000 -0.730769
v -1.007746 0.000000 -0.730769
v -0.933099 0.000000 -0.730769
v -0.858451 0.000000 -0.730769
v -0.783803 0.000000 -0.730769
v -0.709155 0.000000 -0.730769
v -0.634507 0.000000 -0.730769
v -0.559859 0.000000 -0.730769
v -0.485211 0.000000 -0.730769
v -0.410563 0.000000 -0.730769
v -0.335915 0.000000 -0.730769
v -0.261268 0.000000 -0.730769
v -0.186620 0.000000 -0.730769
v -0.111972 0.000000 -0.730769
v -0.037324 0.000000 -0.730769
v 0.037324 0.000000 -0.730769
v 0.111972 0.000000 -0.730769
v 0.186620 0.000000 -0.730769
v 0.261268 0.000000 -0.730769
v 0.335915 0.000000 -0.730769
v 0.410563 0.000000 -0.730769
v 0.485211 0.000000 -0.730769
v 0.559859 0.000000 -0.730769
v 0.634507 0.000000 -0.730769
v 0.709155 0.000000 -0.730769
v 0.783803 0.000000 -0.730769
v 0.858451 0.000000 -0.730769
v 0.933099 0.000000 -0.730769
v 1.007746 0.000000 -0.730769
v 1.082394 0.000000 -0.730769
v 1.157042 0.000000 -0.730769
v 1.231690 0.000000 -0.730769
v 1.306338 0.000000 -0.730769
v 1.380986 0.000000 -0.730769
v 1.455634 0.000000 -0.730769
v 1.530282 0.000000 -0.730769
v 1.604930 0.000000 -0.730769
v 1.679577 0.000000 -0.730769
v 1.754225 0.000000 -0.730769
v 1.828873 0.000000 -0.730769
v 1.903521 0.000000 -0.730769
v 1.978169 0.000000 -0.730769
v 2.052817 0.000000 -0.730769
v 2.127465 0.000000 -0.730769
v 2.202113 0.000000 -0.730769
v 2.276761 0.000000 -0.730769
v 2.351408 0.000000 -0.730769
v 2.426056 0.000000 -0.730769
v 2.500704 0.000000 -0.730769
v 2.575352 0.000000 -0.730769
v 2.650000 0.000000 -0.730769
v -2.650000 0.000000 -0.653846
v -2.575352 0.000000 -0.653846
v -2.500704 0.000000 -0.653846
v -2.426056 0.000000 -0.653846
v -2.351408 0.000000 -0.653846
v -2.276761 0.000000 -0.653846
v -2.202113 0.000000 -0.653846
v -2.127465 0.000000 -0.653846
v -2.052817 0.000000 -0.653846
v -1.978169 0.000000 -0.653846
v -1.903521 0.000000 -0.653846
v -1.828873 0.000000 -0.653846
v -1.754225 0.000000 -0.653846
v -1.679577 0.000000 -0.653846
v -1.604930 0.000000 -0.653846
v -1.530282 0.000000 -0.653846
v -1.455634 0.000000 -0.653846
v -1.380986 0.000000 -0.653846
v -1.306338 0.000000 -0.653846
v -1.231690 0.000000 -0.653846
v -1.157042 0.000000 -0.653846
v -1.082394 0.000000 -0.653846
v -1.007746 0.000000 -0.653846
v -0.933099 0.000000 -0.653846
v -0.858451 0.000000 -0.653846
v -0.783803 0.000000 -0.653846
v -0.709155 0.000000 -0.653846
v -0.634507 0.000000 -0.653846
v -0.559859 0.000000 -0.653846
v -0.485211 0.000000 -0.653846
v -0.410563 0.000000 -0.653846
v -0.335915 0.000000 -0.653846
v -0.261268 0.000000 -0.653846
v -0.186620 0.000000 -0.653846
v -0.111972 0.000000 -0.653846
v -0.037324 0.000000 -0.653846
v 0.037324 0.000000 -0.653846
v 0.111972 0.000000 -0.653846
v 0.186620 0.000000 -0.653846
v 0.261268 0.000000 -0.653846
v 0.335915 0.000000 -0.653846
v 0.410563 0.000000 -0.653846
v 0.485211 0.000000 -0.653846
v 0.559859 0.000000 -0.653846
v 0.634507 0.000000 -0.653846
v 0.709155 0.000000 -0.653846
v 0.783803 0.000000 -0.653846
v 0.858451 0.000000 -0.653846
v 0.933099 0.000000 -0.653846
v 1.007746 0.000000 -0.653846
v 1.082394 0.000000 -0.653846
v 1.157042 0.000000 -0.653846
v 1.231690 0.000000 -0.653846
v 1.306338 0.000000 -0.653846
v 1.380986 0.000000 -0.653846
v 1.455634 0.000000 -0.653846
v 1.530282 0.000000 -0.653846
v 1.604930 0.000000 -0.653846
v 1.679577 0.000000 -0.653846
v 1.754225 0.000000 -0.653846
v 1.828873 0.000000 -0.653846
v 1.903521 0.000000 -0.653846
v 1.978169 0.000000 -0.653846
v 2.052817 0.000000 -0.653846
v 2.127465 0.000000 -0.653846
v 2.202113 0.000000 -0.653846
v 2.276761 0.000000 -0.653846
v 2.351408 0.000000 -0.653846
v 2.426056 0.000000 -0.653846
v 2.500704 0.000000 -0.653846
v 2.575352 0.000000 -0.653846
v 2.650000 0.000000 -0.653846
v -2.650000 0.000000 -0.576923
v -2.575352 0.000000 -0.576923
v -2.500704 0.000000 -0.576923
v -2.426056 0.000000 -0.576923
v -2.351408 0.000000 -0.576923
v -2.276761 0.000000 -0.576923
v -2.202113 0.000000 -0.576923
v -2.127465 0.000000 -0.576923
v -2.052817 0.000000 -0.576923
v -1.978169 0.000000 -0.576923
v -1.903521 0.000000 -0.576923
v -1.828873 0.000000 -0.576923
v -1.754225 0.000000 -0.576923
v -1.679577 0.000000 -0.576923
v -1.604930 0.000000 -0.576923
v -1.530282 0.000000 -0.576923
v -1.455634 0.000000 -0.576923
v -1.380986 0.000000 -0.576923
v -1.306338 0.000000 -0.576923
v -1.231690 0.000000 -0.576923
v -1.157042 0.000000 -0.576923
v -1.082394 0.000000 -0.576923
v -1.007746 0.000000 -0.576923
v -0.933099 0.000000 -0.576923
v -0.858451 0.000000 -0.576923
v -0.783803 0.000000 -0.576923
v -0.709155 0.000000 -0.576923
v -0.634507 0.000000 -0.576923
v -0.559859 0.000000 -0.576923
v -0.485211 0.000000 -0.576923
v -0.410563 0.000000 -0.576923
v -0.335915 0.000000 -0.576923
v -0.261268 0.000000 -0.576923
v -0.186620 0.000000 -0.576923
v -0.111972 0.000000 -0.576923
v -0.037324 0.000000 -0.576923
v 0.037324 0.000000 -0.576923
v 0.111972 0.000000 -0.576923
v 0.186620 0.000000 -0.576923
v 0.261268 0.000000 -0.576923
v 0.335915 0.000000 -0.576923
v 0.410563 0.000000 -0.576923
v 0.485211 0.000000 -0.576923
v 0.559859 0.000000 -0.576923
v 0.634507 0.000000 -0.576923
v 0.709155 0.000000 -0.576923
v 0.783803 0.000000 -0.576923
v 0.858451 0.000000 -0.576923
v 0.933099 0.000000 -0.576923
v 1.007746 0.000000 -0.576923
v 1.082394 0.000000 -0.576923
v 1.157042 0.000000 -0.576923
v 1.231690 0.000000 -0.576923
v 1.306338 0.000000 -0.576923
v 1.380986 0.000000 -0.576923
v 1.455634 0.000000 -0.576923
v 1.530282 0.000000 -0.576923
v 1.604930 0.000000 -0.576923
v 1.679577 0.000000 -0.576923
v 1.754225 0.000000 -0.576923
v 1.828873 0.000000 -0.576923
v 1.903521 0.000000 -0.576923
v 1.978169 0.000000 -0.576923
v 2.052817 0.000000 -0.576923
v 2.127465 0.000000 -0.576923
v 2.202113 0.000000 -0.576923
v 2.276761 0.000000 -0.576923
v 2.351408 0.000000 -0.576923
v 2.426056 0.000000 -0.576923
v 2.500704 0.000000 -0.576923
v 2.575352 0.000000 -0.576923
v 2.650000 0.000000 -0.576923
v -2.650000 0.000000 -0.500000
v -2.575352 0.000000 -0.500000
v -2.500704 0.000000 -0.500000
v -2.426056 0.000000 -0.500000
v -2.351408 0.000000 -0.500000
v -2.276761 0.000000 -0.500000
v -2.202113 0.000000 -0.500000
v -2.127465 0.000000 -0.500000
v -2.052817 0.000000 -0.500000
v -1.978169 0.000000 -0.500000
v -1.903521 0.000000 -0.500000
v -1.828873 0.000000 -0.500000
v -1.754225 0.000000 -0.500000
v -1.679577 0.000000 -0.500000
v -1.604930 0.000000 -0.500000
v -1.530282 0.000000 -0.500000
v -1.455634 0.000000 -0.500000
v -1.380986 0.000000 -0.500000
v -1.306338 0.000000 -0.500000
v -1.231690 0.000000 -0.500000
v -1.157042 0.000000 -0.500000
v -1.082394 0.000000 -0.500000
v -1.007746 0.000000 -0.500000
v -0.933099 0.000000 -0.500000
v -0.858451 0.000000 -0.500000
v -0.783803 0.000000 -0.500000
v -0.709155 0.000000 -0.500000
v -0.634507 0.000000 -0.500000
v -0.559859 0.000000 -0.500000
v -0.485211 0.000000 -0.500000
v -0.410563 0.000000 -0.500000
v -0.335915 0.000000 -0.500000
v -0.261268 0.000000 -0.500000
v -0.186620 0.000000 -0.500000
v -0.111972 0.000000 -0.500000
v -0.037324 0.000000 -0.500000
v 0.037324 0.000000 -0.500000
v 0.111972 0.000000 -0.500000
v 0.186620 0.000000 -0.500000
v 0.261268 0.000000 -0.500000
v 0.335915 0.000000 -0.500000
v 0.410563 0.000000 -0.500000
v 0.485211 0.000000 -0.500000
v 0.559859 0.000000 -0.500000
v 0.634507 0.000000 -0.500000
v 0.709155 0.000000 -0.500000
v 0.783803 0.000000 -0.500000
v 0.858451 0.000000 -0.500000
v 0.933099 0.000000 -0.500000
v 1.007746 0.000000 -0.500000
v 1.082394 0.000000 -0.500000
v 1.157042 0.000000 -0.500000
v 1.231690 0.000000 -0.500000
v 1.306338 0.000000 -0.500000
v 1.380986 0.000000 -0.500000
v 1.455634 0.000000 -0.500000
v 1.530282 0.000000 -0.500000
v 1.604930 0.000000 -0.500000
v 1.679577 0.000000 -0.500000
v 1.754225 0.000000 -0.500000
v 1.828873 0.000000 -0.500000
v 1.903521 0.000000 -0.500000
v 1.978169 0.000000 -0.500000
v 2.052817 0.000000 -0.500000
v 2.127465 0.000000 -0.500000
v 2.202113 0.000000 -0.500000
v 2.276761 0.000000 -0.500000
v 2.351408 0.000000 -0.500000
v 2.426056 0.000000 -0.500000
v 2.500704 0.000000 -0.500000
v 2.575352 0.000000 -0.500000
v 2.650000 0.000000 -0.500000
v -2.650000 0.000000 -0.423077
v -2.575352 0.000000 -0.423077
v -2.500704 0.000000 -0.423077
v -2.426056 0.000000 -0.423077
v -2.351408 0.000000 -0.423077
v -2.276761 0.000000 -0.423077
v -2.202113 0.000000 -0.423077
v -2.127465 0.000000 -0.423077
v -2.052817 0.000000 -0.423077
v -1.978169 0.000000 -0.423077
v -1.903521 0.000000 -0.423077
v -1.828873 0.000000 -0.423077
v -1.754225 0.000000 -0.423077
v -1.679577 0.000000 -0.423077
v -1.604930 0.000000 -0.423077
v -1.530282 0.000000 -0.423077
v -1.455634 0.000000 -0.423077
v -1.380986 0.000000 -0.423077
v -1.306338 0.000000 -0.423077
v -1.231690 0.000000 -0.423077
v -1.157042 0.000000 -0.423077
v -1.082394 0.000000 -0.423077
v -1.007746 0.000000 -0.423077
v -0.933099 0.000000 -0.423077
v -0.858451 0.000000 -0.423077
v -0.783803 0.000000 -0.423077
v -0.709155 0.000000 -0.423077
v -0.634507 0.000000 -0.423077
v -0.559859 0.000000 -0.423077
v -0.485211 0.000000 -0.423077
v -0.410563 0.000000 -0.423077
v -0.335915 0.000000 -0.423077
v -0.261268 0.000000 -0.423077
v -0.186620 0.000000 -0.423077
v -0.111972 0.000000 -0.423077
v -0.037324 0.000000 -0.423077
v 0.037324 0.000000 -0.423077
v 0.111972 0.000000 -0.423077
v 0.186620 0.000000 -0.423077
v 0.261268 0.000000 -0.423077
v 0.335915 0.000000 -0.423077
v 0.410563 0.000000 -0.423077
v 0.485211 0.000000 -0.423077
v 0.559859 0.000000 -0.423077
v 0.634507 0.000000 -0.423077
v 0.709155 0.000000 -0.423077
v 0.783803 0.000000 -0.423077
v 0.858451 0.000000 -0.423077
v 0.933099 0.000000 -0.423077
v 1.007746 0.000000 -0.423077
v 1.082394 0.000000 -0.423077
v 1.157042 0.000000 -0.423077
v 1.231690 0.000000 -0.423077
v 1.306338 0.000000 -0.423077
v 1.380986 0.000000 -0.423077
v 1.455634 0.000000 -0.423077
v 1.530282 0.000000 -0.423077
v 1.604930 0.000000 -0.423077
v 1.679577 0.000000 -0.423077
v 1.754225 0.000000 -0.423077
v 1.828873 0.000000 -0.423077
v 1.903521 0.000000 -0.423077
v 1.978169 0.000000 -0.423077
v 2.052817 0.000000 -0.423077
v 2.127465 0.000000 -0.423077
v 2.202113 0.000000 -0.423077
v 2.276761 0.000000 -0.423077
v 2.351408 0.000000 -0.423077
v 2.426056 0.000000 -0.423077
v 2.500704 0.000000 -0.423077
v 2.575352 0.000000 -0.423077
v 2.650000 0.000000 -0.423077
v -2.650000 0.000000 -0.346154
v -2.575352 0.000000 -0.346154
v -2.500704 0.000000 -0.346154
v -2.426056 0.000000 -0.346154
v -2.351408 0.000000 -0.346154
v -2.276761 0.000000 -0.346154
v -2.202113 0.000000 -0.346154
v -2.127465 0.000000 -0.346154
v -2.052817 0.000000 -0.346154
v -1.978169 0.000000 -0.346154
v -1.903521 0.000000 -0.346154
v -1.828873 0.000000 -0.346154
v -1.754225 0.000000 -0.346154
v -1.679577 0.000000 -0.346154
v -1.604930 0.000000 -0.346154
v -1.530282 0.000000 -0.346154
v -1.455634 0.000000 -0.346154
v -1.380986 0.000000 -0.346154
v -1.306338 0.000000 -0.346154
v -1.231690 0.000000 -0.346154
v -1.157042 0.000000 -0.346154
v -1.082394 0.000000 -0.346154
v -1.007746 0.000000 -0.346154
v -0.933099 0.000000 -0.346154
v -0.858451 0.000000 -0.346154
v -0.783803 0.000000 -0.346154
v -0.709155 0.000000 -0.346154
v -0.634507 0.000000 -0.346154
v -0.559859 0.000000 -0.346154
v -0.485211 0.000000 -0.346154
v -0.410563 0.000000 -0.346154
v -0.335915 0.000000 -0.346154
v -0.261268 0.000000 -0.346154
v -0.186620 0.000000 -0.346154
v -0.111972 0.000000 -0.346154
v -0.037324 0.000000 -0.346154
v 0.037324 0.000000 -0.346154
v 0.111972 0.000000 -0.346154
v 0.186620 0.000000 -0.346154
v 0.261268 0.000000 -0.346154
v 0.335915 0.000000 -0.346154
v 0.410563 0.000000 -0.346154
v 0.485211 0.000000 -0.346154
v 0.559859 0.000000 -0.346154
v 0.634507 0.000000 -0.346154
v 0.709155 0.000000 -0.346154
v 0.783803 0.000000 -0.346154
v 0.858451 0.000000 -0.346154
v 0.933099 0.000000 -0.346154
v 1.007746 0.000000 -0.346154
v 1.082394 0.000000 -0.346154
v 1.157042 0.000000 -0.346154
v 1.231690 0.000000 -0.346154
v 1.306338 0.000000 -0.346154
v 1.380986 0.000000 -0.346154
v 1.455634 0.000000 -0.346154
v 1.530282 0.000000 -0.346154
v 1.604930 0.000000 -0.346154
v 1.679577 0.000000 -0.346154
v 1.754225 0.000000 -0.346154
v 1.828873 0.000000 -0.346154
v 1.903521 0.000000 -0.346154
v 1.978169 0.000000 -0.346154
v 2.052817 0.000000 -0.346154
v 2.127465 0.000000 -0.346154
v 2.202113 0.000000 -0.346154
v 2.276761 0.000000 -0.346154
v 2.351408 0.000000 -0.346154
v 2.426056 0.000000 -0.346154
v 2.500704 0.000000 -0.346154
v 2.575352 0.000000 -0.346154
v 2.650000 0.000000 -0.346154
v -2.650000 0.000000 -0.269231
v -2.575352 0.000000 -0.269231
v -2.500704 0.000000 -0.269231
v -2.426056 0.000000 -0.269231
v -2.351408 0.000000 -0.269231
v -2.276761 0.000000 -0.269231
v -2.202113 0.000000 -0.269231
v -2.127465 0.000000 -0.269231
v -2.052817 0.000000 -0.269231
v -1.978169 0.000000 -0.269231
v -1.903521 0.000000 -0.269231
v -1.828873 0.000000 -0.269231
v -1.754225 0.000000 -0.269231
v -1.679577 0.000000 -0.269231
v -1.604930 0.000000 -0.269231
v -1.530282 0.000000 -0.269231
v -1.455634 0.000000 -0.269231
v -1.380986 0.000000 -0.269231
v -1.306338 0.000000 -0.269231
v -1.231690 0.000000 -0.269231
v -1.157042 0.000000 -0.269231
v -1.082394 0.000000 -0.269231
v -1.007746 0.000000 -0.269231
v -0.933099 0.000000 -0.269231
v -0.858451 0.000000 -0.269231
v -0.783803 0.000000 -0.269231
v -0.709155 0.000000 -0.269231
v -0.634507 0.000000 -0.269231
v -0.559859 0.000000 -0.269231
v -0.485211 0.000000 -0.269231
v -0.410563 0.000000 -0.269231
v -0.335915 0.000000 -0.269231
v -0.261268 0.000000 -0.269231
v -0.186620 0.000000 -0.269231
v -0.111972 0.000000 -0.269231
v -0.037324 0.000000 -0.269231
v 0.037324 0.000000 -0.269231
v 0.111972 0.000000 -0.269231
v 0.186620 0.000000 -0.269231
v 0.261268 0.000000 -0.269231
v 0.335915 0.000000 -0.269231
v 0.410563 0.000000 -0.269231
v 0.485211 0.000000 -0.269231
v 0.559859 0.000000 -0.269231
v 0.634507 0.000000 -0.269231
v 0.709155 0.000000 -0.269231
v 0.783803 0.000000 -0.269231
v 0.858451 0.000000 -0.269231
v 0.933099 0.000000 -0.269231
v 1.007746 0.000000 -0.269231
v 1.082394 0.000000 -0.269231
v 1.157042 0.000000 -0.269231
v 1.231690 0.000000 -0.269231
v 1.306338 0.000000 -0.269231
v 1.380986 0.000000 -0.269231
v 1.455634 0.000000 -0.269231
v 1.530282 0.000000 -0.269231
v 1.604930 0.000000 -0.269231
v 1.679577 0.000000 -0.269231
v 1.754225 0.000000 -0.269231
v 1.828873 0.000000 -0.269231
v 1.903521 0.000000 -0.269231
v 1.978169 0.000000 -0.269231
v 2.052817 0.000000 -0.269231
v 2.127465 0.000000 -0.269231
v 2.202113 0.000000 -0.269231
v 2.276761 0.000000 -0.269231
v 2.351408 0.000000 -0.269231
v 2.426056 0.000000 -0.269231
v 2.500704 0.000000 -0.269231
v 2.575352 0.000000 -0.269231
v 2.650000 0.000000 -0.269231
v -2.650000 0.000000 -0.192308
v -2.575352 0.000000 -0.192308
v -2.500704 0.000000 -0.192308
v -2.426056 0.000000 -0.192308
v -2.351408 0.000000 -0.192308
v -2.276761 0.000000 -0.192308
v -2.202113 0.000000 -0.192308
v -2.127465 0.000000 -0.192308
v -2.052817 0.000000 -0.192308
v -1.978169 0.000000 -0.192308
v -1.903521 0.000000 -0.192308
v -1.828873 0.000000 -0.192308
v -1.754225 0.000000 -0.192308
v -1.679577 0.000000 -0.192308
v -1.604930 0.000000 -0.192308
v -1.530282 0.000000 -0.192308
v -1.455634 0.000000 -0.192308
v -1.380986 0.000000 -0.192308
v -1.306338 0.000000 -0.192308
v -1.231690 0.000000 -0.192308
v -1.157042 0.000000 -0.192308
v -1.082394 0.000000 -0.192308
v -1.007746 0.000000 -0.192308
v -0.933099 0.000000 -0.192308
v -0.858451 0.000000 -0.192308
v -0.783803 0.000000 -0.192308
v -0.709155 0.000000 -0.192308
v -0.634507 0.000000 -0.192308
v -0.559859 0.000000 -0.192308
v -0.485211 0.000000 -0.192308
v -0.410563 0.000000 -0.192308
v -0.335915 0.000000 -0.192308
v -0.261268 0.000000 -0.192308
v -0.186620 0.000000 -0.192308
v -0.111972 0.000000 -0.192308
v -0.037324 0.000000 -0.192308
v 0.037324 0.000000 -0.192308
v 0.111972 0.000000 -0.192308
v 0.186620 0.000000 -0.192308
v 0.261268 0.000000 -0.192308
v 0.335915 0.000000 -0.192308
v 0.410563 0.000000 -0.192308
v 0.485211 0.000000 -0.192308
v 0.559859 0.000000 -0.192308
v 0.634507 0.000000 -0.192308
v 0.709155 0.000000 -0.192308
v 0.783803 0.000000 -0.192308
v 0.858451 0.000000 -0.192308
v 0.933099 0.000000 -0.192308
v 1.007746 0.000000 -0.192308
v 1.082394 0.000000 -0.192308
v 1.157042 0.000000 -0.192308
v 1.231690 0.000000 -0.192308
v 1.306338 0.000000 -0.192308
v 1.380986 0.000000 -0.192308
v 1.455634 0.000000 -0.192308
v 1.530282 0.000000 -0.192308
v 1.604930 0.000000 -0.192308
v 1.679577 0.000000 -0.192308
v 1.754225 0.000000 -0.192308
v 1.828873 0.000000 -0.192308
v 1.903521 0.000000 -0.192308
v 1.978169 0.000000 -0.192308
v 2.052817 0.000000 -0.192308
v 2.127465 0.000000 -0.192308
v 2.202113 0.000000 -0.192308
v 2.276761 0.000000 -0.192308
v 2.351408 0.000000 -0.192308
v 2.426056 0.000000 -0.192308
v 2.500704 0.000000 -0.192308
v 2.575352 0.000000 -0.192308
v 2.650000 0.000000 -0.192308
v -2.650000 0.000000 -0.115385
v -2.575352 0.000000 -0.115385
v -2.500704 0.000000 -0.115385
v -2.426056 0.000000 -0.115385
v -2.351408 0.000000 -0.115385
v -2.276761 0.000000 -0.115385
v -2.202113 0.000000 -0.115385
v -2.127465 0.000000 -0.115385
v -2.052817 0.000000 -0.115385
v -1.978169 0.000000 -0.115385
v -1.903521 0.000000 -0.115385
v -1.828873 0.000000 -0.115385
v -1.754225 0.000000 -0.115385
v -1.679577 0.000000 -0.115385
v -1.604930 0.000000 -0.115385
v -1.530282 0.000000 -0.115385
v -1.455634 0.000000 -0.115385
v -1.380986 0.000000 -0.115385
v -1.306338 0.000000 -0.115385
v -1.231690 0.000000 -0.115385
v -1.157042 0.000000 -0.115385
v -1.082394 0.000000 -0.115385
v -1.007746 0.000000 -0.115385
v -0.933099 0.000000 -0.115385
v -0.858451 0.000000 -0.115385
v -0.783803 0.000000 -0.115385
v -0.709155 0.000000 -0.115385
v -0.634507 0.000000 -0.115385
v -0.559859 0.000000 -0.115385
v -0.485211 0.000000 -0.115385
v -0.410563 0.000000 -0.115385
v -0.335915 0.000000 -0.115385
v -0.261268 0.000000 -0.115385
v -0.186620 0.000000 -0.115385
v -0.111972 0.000000 -0.115385
v -0.037324 0.000000 -0.115385
v 0.037324 0.000000 -0.115385
v 0.111972 0.000000 -0.115385
v 0.186620 0.000000 -0.115385
v 0.261268 0.000000 -0.115385
v 0.335915 0.000000 -0.115385
v 0.410563 0.000000 -0.115385
v 0.485211 0.000000 -0.115385
v 0.559859 0.000000 -0.115385
v 0.634507 0.000000 -0.115385
v 0.709155 0.000000 -0.115385
v 0.783803 0.000000 -0.115385
v 0.858451 0.000000 -0.115385
v 0.933099 0.000000 -0.115385
v 1.007746 0.000000 -0.115385
v 1.082394 0.000000 -0.115385
v 1.157042 0.000000 -0.115385
v 1.231690 0.000000 -0.115385
v 1.306338 0.000000 -0.115385
v 1.380986 0.000000 -0.115385
v 1.455634 0.000000 -0.115385
v 1.530282 0.000000 -0.115385
v 1.604930 0.000000 -0.115385
v 1.679577 0.000000 -0.115385
v 1.754225 0.000000 -0.115385
v 1.828873 0.000000 -0.115385
v 1.903521 0.000000 -0.115385
v 1.978169 0.000000 -0.115385
v 2.052817 0.000000 -0.115385
v 2.127465 0.000000 -0.115385
v 2.202113 0.000000 -0.115385
v 2.276761 0.000000 -0.115385
v 2.351408 0.000000 -0.115385
v 2.426056 0.000000 -0.115385
v 2.500704 0.000000 -0.115385
v 2.575352 0.000000 -0.115385
v 2.650000 0.000000 -0.115385
v -2.650000 0.000000 -0.038462
v -2.575352 0.000000 -0.038462
v -2.500704 0.000000 -0.038462
v -2.426056 0.000000 -0.038462
v -2.351408 0.000000 -0.038462
v -2.276761 0.000000 -0.038462
v -2.202113 0.000000 -0.038462
v -2.127465 0.000000 -0.038462
v -2.052817 0.000000 -0.038462
v -1.978169 0.000000 -0.038462
v -1.903521 0.000000 -0.038462
v -1.828873 0.000000 -0.038462
v -1.754225 0.000000 -0.038462
v -1.679577 0.000000 -0.038462
v -1.604930 0.000000 -0.038462
v -1.530282 0.000000 -0.038462
v -1.455634 0.000000 -0.038462
v -1.380986 0.000000 -0.038462
v -1.306338 0.000000 -0.038462
v -1.231690 0.000000 -0.038462
v -1.157042 0.000000 -0.038462
v -1.082394 0.000000 -0.038462
v -1.007746 0.000000 -0.038462
v -0.933099 0.000000 -0.038462
v -0.858451 0.000000 -0.038462
v -0.783803 0.000000 -0.038462
v -0.709155 0.000000 -0.038462
v -0.634507 0.000000 -0.038462
v -0.559859 0.000000 -0.038462
v -0.485211 0.000000 -0.038462
v -0.410563 0.000000 -0.038462
v -0.335915 0.000000 -0.038462
v -0.261268 0.000000 -0.038462
v -0.186620 0.000000 -0.038462
v -0.111972 0.000000 -0.038462
v -0.037324 0.000000 -0.038462
v 0.037324 0.000000 -0.038462
v 0.111972 0.000000 -0.038462
v 0.186620 0.000000 -0.038462
v 0.261268 0.000000 -0.038462
v 0.335915 0.000000 -0.038462
v 0.410563 0.000000 -0.038462
v 0.485211 0.000000 -0.038462
v 0.559859 0.000000 -0.038462
v 0.634507 0.000000 -0.038462
v 0.709155 0.000000 -0.038462
v 0.783803 0.000000 -0.038462
v 0.858451 0.000000 -0.038462
v 0.933099 0.000000 -0.038462
v 1.007746 0.000000 -0.038462
v 1.082394 0.000000 -0.038462
v 1.157042 0.000000 -0.038462
v 1.231690 0.000000 -0.038462
v 1.306338 0.000000 -0.038462
v 1.380986 0.000000 -0.038462
v 1.455634 0.000000 -0.038462
v 1.530282 0.000000 -0.038462
v 1.604930 0.000000 -0.038462
v 1.679577 0.000000 -0.038462
v 1.754225 0.000000 -0.038462
v 1.828873 0.000000 -0.038462
v 1.903521 0.000000 -0.038462
v 1.978169 0.000000 -0.038462
v 2.052817 0.000000 -0.038462
v 2.127465 0.000000 -0.038462
v 2.202113 0.000000 -0.038462
v 2.276761 0.000000 -0.038462
v 2.351408 0.000000 -0.038462
v 2.426056 0.000000 -0.038462
v 2.500704 0.000000 -0.038462
v 2.575352 0.000000 -0.038462
v 2.650000 0.000000 -0.038462
v -2.650000 0.000000 0.038462
v -2.575352 0.000000 0.038462
v -2.500704 0.000000 0.038462
v -2.426056 0.000000 0.038462
v -2.351408 0.000000 0.038462
v -2.276761 0.000000 0.038462
v -2.202113 0.000000 0.038462
v -2.127465 0.000000 0.038462
v -2.052817 0.000000 0.038462
v -1.978169 0.000000 0.038462
v -1.903521 0.000000 0.038462
v -1.828873 0.000000 0.038462
v -1.754225 0.000000 0.038462
v -1.679577 0.000000 0.038462
v -1.604930 0.000000 0.038462
v -1.530282 0.000000 0.038462
v -1.455634 0.000000 0.038462
v -1.380986 0.000000 0.038462
v -1.306338 0.000000 0.038462
v -1.231690 0.000000 0.038462
v -1.157042 0.000000 0.038462
v -1.082394 0.000000 0.038462
v -1.007746 0.000000 0.038462
v -0.933099 0.000000 0.038462
v -0.858451 0.000000 0.038462
v -0.783803 0.000000 0.038462
v -0.709155 0.000000 0.038462
v -0.634507 0.000000 0.038462
v -0.559859 0.000000 0.038462
v -0.485211 0.000000 0.038462
v -0.410563 0.000000 0.038462
v -0.335915 0.000000 0.038462
v -0.261268 0.000000 0.038462
v -0.186620 0.000000 0.038462
v -0.111972 0.000000 0.038462
v -0.037324 0.000000 0.038462
v 0.037324 0.000000 0.038462
v 0.111972 0.000000 0.038462
v 0.186620 0.000000 0.038462
v 0.261268 0.000000 0.038462
v 0.335915 0.000000 0.038462
v 0.410563 0.000000 0.038462
v 0.485211 0.000000 0.038462
v 0.559859 0.000000 0.038462
v 0.634507 0.000000 0.038462
v 0.709155 0.000000 0.038462
v 0.783803 0.000000 0.038462
v 0.858451 0.000000 0.038462
v 0.933099 0.000000 0.038462
v 1.007746 0.000000 0.038462
v 1.082394 0.000000 0.038462
v 1.157042 0.000000 0.038462
v 1.231690 0.000000 0.038462
v 1.306338 0.000000 0.038462
v 1.380986 0.000000 0.038462
v 1.455634 0.000000 0.038462
v 1.530282 0.000000 0.038462
v 1.604930 0.000000 0.038462
v 1.679577 0.000000 0.038462
v 1.754225 0.000000 0.038462
v 1.828873 0.000000 0.038462
v 1.903521 0.000000 0.038462
v 1.978169 0.000000 0.038462
v 2.052817 0.000000 0.038462
v 2.127465 0.000000 0.038462
v 2.202113 0.000000 0.038462
v 2.276761 0.000000 0.038462
v 2.351408 0.000000 0.038462
v 2.426056 0.000000 0.038462
v 2.500704 0.000000 0.038462
v 2.575352 0.000000 0.038462
v 2.650000 0.000000 0.038462
v -2.650000 0.000000 0.115385
v -2.575352 0.000000 0.115385
v -2.500704 0.000000 0.115385
v -2.426056 0.000000 0.115385
v -2.351408 0.000000 0.115385
v -2.276761 0.000000 0.115385
v -2.202113 0.000000 0.115385
v -2.127465 0.000000 0.115385
v -2.052817 0.000000 0.115385
v -1.978169 0.000000 0.115385
v -1.903521 0.000000 0.115385
v -1.828873 0.000000 0.115385
v -1.754225 0.000000 0.115385
v -1.679577 0.000000 0.115385
v -1.604930 0.000000 0.115385
v -1.530282 0.000000 0.115385
v -1.455634 0.000000 0.115385
v -1.380986 0.000000 0.115385
v -1.306338 0.000000 0.115385
v -1.231690 0.000000 0.115385
v -1.157042 0.000000 0.115385
v -1.082394 0.000000 0.115385
v -1.007746 0.000000 0.115385
v -0.933099 0.000000 0.115385
v -0.858451 0.000000 0.115385
v -0.783803 0.000000 0.115385
v -0.709155 0.000000 0.115385
v -0.634507 0.000000 0.115385
v -0.559859 0.000000 0.115385
v -0.485211 0.000000 0.115385
v -0.410563 0.000000 0.115385
v -0.335915 0.000000 0.115385
v -0.261268 0.000000 0.115385
v -0.186620 0.000000 0.115385
v -0.111972 0.000000 0.115385
v -0.037324 0.000000 0.115385
v 0.037324 0.000000 0.115385
v 0.111972 0.000000 0.115385
v 0.186620 0.000000 0.115385
v 0.261268 0.000000 0.115385
v 0.335915 0.000000 0.115385
v 0.410563 0.000000 0.115385
v 0.485211 0.000000 0.115385
v 0.559859 0.000000 0.115385
v 0.634507 0.000000 0.115385
v 0.709155 0.000000 0.115385
v 0.783803 0.000000 0.115385
v 0.858451 0.000000 0.115385
v 0.933099 0.000000 0.115385
v 1.007746 0.000000 0.115385
v 1.082394 0.000000 0.115385
v 1.157042 0.000000 0.115385
v 1.231690 0.000000 0.115385
v 1.306338 0.000000 0.115385
v 1.380986 0.000000 0.115385
v 1.455634 0.000000 0.115385
v 1.530282 0.000000 0.115385
v 1.604930 0.000000 0.115385
v 1.679577 0.000000 0.115385
v 1.754225 0.000000 0.115385
v 1.828873 0.000000 0.115385
v 1.903521 0.000000 0.115385
v 1.978169 0.000000 0.115385
v 2.052817 0.000000 0.115385
v 2.127465 0.000000 0.115385
v 2.202113 0.000000 0.115385
v 2.276761 0.000000 0.115385
v 2.351408 0.000000 0.115385
v 2.426056 0.000000 0.115385
v 2.500704 0.000000 0.115385
v 2.575352 0.000000 0.115385
v 2.650000 0.000000 0.115385
v -2.650000 0.000000 0.192308
v -2.575352 0.000000 0.192308
v -2.500704 0.000000 0.192308
v -2.426056 0.000000 0.192308
v -2.351408 0.000000 0.192308
v -2.276761 0.000000 0.192308
v -2.202113 0.000000 0.192308
v -2.127465 0.000000 0.192308
v -2.052817 0.000000 0.192308
v -1.978169 0.000000 0.192308
v -1.903521 0.000000 0.192308
v -1.828873 0.000000 0.192308
v -1.754225 0.000000 0.192308
v -1.679577 0.000000 0.192308
v -1.604930 0.000000 0.192308
v -1.530282 0.000000 0.192308
v -1.455634 0.000000 0.192308
v -1.380986 0.000000 0.192308
v -1.306338 0.000000 0.192308
v -1.231690 0.000000 0.192308
v -1.157042 0.000000 0.192308
v -1.082394 0.000000 0.192308
v -1.007746 0.000000 0.192308
v -0.933099 0.000000 0.192308
v -0.858451 0.000000 0.192308
v -0.783803 0.000000 0.192308
v -0.709155 0.000000 0.192308
v -0.634507 0.000000 0.192308
v -0.559859 0.000000 0.192308
v -0.485211 0.000000 0.192308
v -0.410563 0.000000 0.192308
v -0.335915 0.000000 0.192308
v -0.261268 0.000000 0.192308
v -0.186620 0.000000 0.192308
v -0.111972 0.000000 0.192308
v -0.037324 0.000000 0.192308
v 0.037324 0.000000 0.192308
v 0.111972 0.000000 0.192308
v 0.186620 0.000000 0.192308
v 0.261268 0.000000 0.192308
v 0.335915 0.000000 0.192308
v 0.410563 0.000000 0.192308
v 0.485211 0.000000 0.192308
v 0.559859 0.000000 0.192308
v 0.634507 0.000000 0.192308
v 0.709155 0.000000 0.192308
v 0.783803 0.000000 0.192308
v 0.858451 0.000000 0.192308
v 0.933099 0.000000 0.192308
v 1.007746 0.000000 0.192308
v 1.082394 0.000000 0.192308
v 1.157042 0.000000 0.192308
v 1.231690 0.000000 0.192308
v 1.306338 0.000000 0.192308
v 1.380986 0.000000 0.192308
v 1.455634 0.000000 0.192308
v 1.530282 0.000000 0.192308
v 1.604930 0.000000 0.192308
v 1.679577 0.000000 0.192308
v 1.754225 0.000000 0.192308
v 1.828873 0.000000 0.192308
v 1.903521 0.000000 0.192308
v 1.978169 0.000000 0.192308
v 2.052817 0.000000 0.192308
v 2.127465 0.000000 0.192308
v 2.202113 0.000000 0.192308
v 2.276761 0.000000 0.192308
v 2.351408 0.000000 0.192308
v 2.426056 0.000000 0.192308
v 2.500704 0.000000 0.192308
v 2.575352 0.000000 0.192308
v 2.650000 0.000000 0.192308
v -2.650000 0.000000 0.269231
v -2.575352 0.000000 0.269231
v -2.500704 0.000000 0.269231
v -2.426056 0.000000 0.269231
v -2.351408 0.000000 0.269231
v -2.276761 0.000000 0.269231
v -2.202113 0.000000 0.269231
v -2.127465 0.000000 0.269231
v -2.052817 0.000000 0.269231
v -1.978169 0.000000 0.269231
v -1.903521 0.000000 0.269231
v -1.828873 0.000000 0.269231
v -1.754225 0.000000 0.269231
v -1.679577 0.000000 0.269231
v -1.604930 0.000000 0.269231
v -1.530282 0.000000 0.269231
v -1.455634 0.000000 0.269231
v -1.380986 0.000000 0.269231
v -1.306338 0.000000 0.269231
v -1.231690 0.000000 0.269231
v -1.157042 0.000000 0.269231
v -1.082394 0.000000 0.269231
v -1.007746 0.000000 0.269231
v -0.933099 0.000000 0.269231
v -0.858451 0.000000 0.269231
v -0.783803 0.000000 0.269231
v -0.709155 0.000000 0.269231
v -0.634507 0.000000 0.269231
v -0.559859 0.000000 0.269231
v -0.485211 0.000000 0.269231
v -0.410563 0.000000 0.269231
v -0.335915 0.000000 0.269231
v -0.261268 0.000000 0.269231
v -0.186620 0.000000 0.269231
v -0.111972 0.000000 0.269231
v -0.037324 0.000000 0.269231
v 0.037324 0.000000 0.269231
v 0.111972 0.000000 0.269231
v 0.186620 0.000000 0.269231
v 0.261268 0.000000 0.269231
v 0.335915 0.000000 0.269231
v 0.410563 0.000000 0.269231
v 0.485211 0.000000 0.269231
v 0.559859 0.000000 0.269231
v 0.634507 0.000000 0.269231
v 0.709155 0.000000 0.269231
v 0.783803 0.000000 0.269231
v 0.858451 0.000000 0.269231
v 0.933099 0.000000 0.269231
v 1.007746 0.000000 0.269231
v 1.082394 0.000000 0.269231
v 1.157042 0.000000 0.269231
v 1.231690 0.000000 0.269231
v 1.306338 0.000000 0.269231
v 1.380986 0.000000 0.269231
v 1.455634 0.000000 0.269231
v 1.530282 0.000000 0.269231
v 1.604930 0.000000 0.269231
v 1.679577 0.000000 0.269231
v 1.754225 0.000000 0.269231
v 1.828873 0.000000 0.269231
v 1.903521 0.000000 0.269231
v 1.978169 0.000000 0.269231
v 2.052817 0.000000 0.269231
v 2.127465 0.000000 0.269231
v 2.202113 0.000000 0.269231
v 2.276761 0.000000 0.269231
v 2.351408 0.000000 0.269231
v 2.426056 0.000000 0.269231
v 2.500704 0.000000 0.269231
v 2.575352 0.000000 0.269231
v 2.650000 0.000000 0.269231
v -2.650000 0.000000 0.346154
v -2.575352 0.000000 0.346154
v -2.500704 0.000000 0.346154
v -2.426056 0.000000 0.346154
v -2.351408 0.000000 0.346154
v -2.276761 0.000000 0.346154
v -2.202113 0.000000 0.346154
v -2.127465 0.000000 0.346154
v -2.052817 0.000000 0.346154
v -1.978169 0.000000 0.346154
v -1.903521 0.000000 0.346154
v -1.828873 0.000000 0.346154
v -1.754225 0.000000 0.346154
v -1.679577 0.000000 0.346154
v -1.604930 0.000000 0.346154
v -1.530282 0.000000 0.346154
v -1.455634 0.000000 0.346154
v -1.380986 0.000000 0.346154
v -1.306338 0.000000 0.346154
v -1.231690 0.000000 0.346154
v -1.157042 0.000000 0.346154
v -1.082394 0.000000 0.346154
v -1.007746 0.000000 0.346154
v -0.933099 0.000000 0.346154
v -0.858451 0.000000 0.346154
v -0.783803 0.000000 0.346154
v -0.709155 0.000000 0.346154
v -0.634507 0.000000 0.346154
v -0.559859 0.000000 0.346154
v -0.485211 0.000000 0.346154
v -0.410563 0.000000 0.346154
v -0.335915 0.000000 0.346154
v -0.261268 0.000000 0.346154
v -0.186620 0.000000 0.346154
v -0.111972 0.000000 0.346154
v -0.037324 0.000000 0.346154
v 0.037324 0.000000 0.346154
v 0.111972 0.000000 0.346154
v 0.186620 0.000000 0.346154
v 0.261268 0.000000 0.346154
v 0.335915 0.000000 0.346154
v 0.410563 0.000000 0.346154
v 0.485211 0.000000 0.346154
v 0.559859 0.000000 0.346154
v 0.634507 0.000000 0.346154
v 0.709155 0.000000 0.346154
v 0.783803 0.000000 0.346154
v 0.858451 0.000000 0.346154
v 0.933099 0.000000 0.346154
v 1.007746 0.000000 0.346154
v 1.082394 0.000000 0.346154
v 1.157042 0.000000 0.346154
v 1.231690 0.000000 0.346154
v 1.306338 0.000000 0.346154
v 1.380986 0.000000 0.346154
v 1.455634 0.000000 0.346154
v 1.530282 0.000000 0.346154
v 1.604930 0.000000 0.346154
v 1.679577 0.000000 0.346154
v 1.754225 0.000000 0.346154
v 1.828873 0.000000 0.346154
v 1.903521 0.000000 0.346154
v 1.978169 0.000000 0.346154
v 2.052817 0.000000 0.346154
v 2.127465 0.000000 0.346154
v 2.202113 0.000000 0.346154
v 2.276761 0.000000 0.346154
v 2.351408 0.000000 0.346154
v 2.426056 0.000000 0.346154
v 2.500704 0.000000 0.346154
v 2.575352 0.000000 0.346154
v 2.650000 0.000000 0.346154
v -2.650000 0.000000 0.423077
v -2.575352 0.000000 0.423077
v -2.500704 0.000000 0.423077
v -2.426056 0.000000 0.423077
v -2.351408 0.000000 0.423077
v -2.276761 0.000000 0.423077
v -2.202113 0.000000 0.423077
v -2.127465 0.000000 0.423077
v -2.052817 0.000000 0.423077
v -1.978169 0.000000 0.423077
v -1.903521 0.000000 0.423077
v -1.828873 0.000000 0.423077
v -1.754225 0.000000 0.423077
v -1.679577 0.000000 0.423077
v -1.604930 0.000000 0.423077
v -1.530282 0.000000 0.423077
v -1.455634 0.000000 0.423077
v -1.380986 0.000000 0.423077
v -1.306338 0.000000 0.423077
v -1.231690 0.000000 0.423077
v -1.157042 0.000000 0.423077
v -1.082394 0.000000 0.423077
v -1.007746 0.000000 0.423077
v -0.933099 0.000000 0.423077
v -0.858451 0.000000 0.423077
v -0.783803 0.000000 0.423077
v -0.709155 0.000000 0.423077
v -0.634507 0.000000 0.423077
v -0.559859 0.000000 0.423077
v -0.485211 0.000000 0.423077
v -0.410563 0.000000 0.423077
v -0.335915 0.000000 0.423077
v -0.261268 0.000000 0.423077
v -0.186620 0.000000 0.423077
v -0.111972 0.000000 0.423077
v -0.037324 0.000000 0.423077
v 0.037324 0.000000 0.423077
v 0.111972 0.000000 0.423077
v 0.186620 0.000000 0.423077
v 0.261268 0.000000 0.423077
v 0.335915 0.000000 0.423077
v 0.410563 0.000000 0.423077
v 0.485211 0.000000 0.423077
v 0.559859 0.000000 0.423077
v 0.634507 0.000000 0.423077
v 0.709155 0.000000 0.423077
v 0.783803 0.000000 0.423077
v 0.858451 0.000000 0.423077
v 0.933099 0.000000 0.423077
v 1.007746 0.000000 0.423077
v 1.082394 0.000000 0.423077
v 1.157042 0.000000 0.423077
v 1.231690 0.000000 0.423077
v 1.306338 0.000000 0.423077
v 1.380986 0.000000 0.423077
v 1.455634 0.000000 0.423077
v 1.530282 0.000000 0.423077
v 1.604930 0.000000 0.423077
v 1.679577 0.000000 0.423077
v 1.754225 0.000000 0.423077
v 1.828873 0.000000 0.423077
v 1.903521 0.000000 0.423077
v 1.978169 0.000000 0.423077
v 2.052817 0.000000 0.423077
v 2.127465 0.000000 0.423077
v 2.202113 0.000000 0.423077
v 2.276761 0.000000 0.423077
v 2.351408 0.000000 0.423077
v 2.426056 0.000000 0.423077
v 2.500704 0.000000 0.423077
v 2.575352 0.000000 0.423077
v 2.650000 0.000000 0.423077
v -2.650000 0.000000 0.500000
v -2.575352 0.000000 0.500000
v -2.500704 0.000000 0.500000
v -2.426056 0.000000 0.500000
v -2.351408 0.000000 0.500000
v -2.276761 0.000000 0.500000
v -2.202113 0.000000 0.500000
v -2.127465 0.000000 0.500000
v -2.052817 0.000000 0.500000
v -1.978169 0.000000 0.500000
v -1.903521 0.000000 0.500000
v -1.828873 0.000000 0.500000
v -1.754225 0.000000 0.500000
v -1.679577 0.000000 0.500000
v -1.604930 0.000000 0.500000
v -1.530282 0.000000 0.500000
v -1.455634 0.000000 0.500000
v -1.380986 0.000000 0.500000
v -1.306338 0.000000 0.500000
v -1.231690 0.000000 0.500000
v -1.157042 0.000000 0.500000
v -1.082394 0.000000 0.500000
v -1.007746 0.000000 0.500000
v -0.933099 0.000000 0.500000
v -0.858451 0.000000 0.500000
v -0.783803 0.000000 0.500000
v -0.709155 0.000000 0.500000
v -0.634507 0.000000 0.500000
v -0.559859 0.000000 0.500000
v -0.485211 0.000000 0.500000
v -0.410563 0.000000 0.500000
v -0.335915 0.000000 0.500000
v -0.261268 0.000000 0.500000
v -0.186620 0.000000 0.500000
v -0.111972 0.000000 0.500000
v -0.037324 0.000000 0.500000
v 0.037324 0.000000 0.500000
v 0.111972 0.000000 0.500000
v 0.186620 0.000000 0.500000
v 0.261268 0.000000 0.500000
v 0.335915 0.000000 0.500000
v 0.410563 0.000000 0.500000
v 0.485211 0.000000 0.500000
v 0.559859 0.000000 0.500000
v 0.634507 0.000000 0.500000
v 0.709155 0.000000 0.500000
v 0.783803 0.000000 0.500000
v 0.858451 0.000000 0.500000
v 0.933099 0.000000 0.500000
v 1.007746 0.000000 0.500000
v 1.082394 0.000000 0.500000
v 1.157042 0.000000 0.500000
v 1.231690 0.000000 0.500000
v 1.306338 0.000000 0.500000
v 1.380986 0.000000 0.500000
v 1.455634 0.000000 0.500000
v 1.530282 0.000000 0.500000
v 1.604930 0.000000 0.500000
v 1.679577 0.000000 0.500000
v 1.754225 0.000000 0.500000
v 1.828873 0.000000 0.500000
v 1.903521 0.000000 0.500000
v 1.978169 0.000000 0.500000
v 2.052817 0.000000 0.500000
v 2.127465 0.000000 0.500000
v 2.202113 0.000000 0.500000
v 2.276761 0.000000 0.500000
v 2.351408 0.000000 0.500000
v 2.426056 0.000000 0.500000
v 2.500704 0.000000 0.500000
v 2.575352 0.000000 0.500000
v 2.650000 0.000000 0.500000
v -2.650000 0.000000 0.576923
v -2.575352 0.000000 0.576923
v -2.500704 0.000000 0.576923
v -2.426056 0.000000 0.576923
v -2.351408 0.000000 0.576923
v -2.276761 0.000000 0.576923
v -2.202113 0.000000 0.576923
v -2.127465 0.000000 0.576923
v -2.052817 0.000000 0.576923
v -1.978169 0.000000 0.576923
v -1.903521 0.000000 0.576923
v -1.828873 0.000000 0.576923
v -1.754225 0.000000 0.576923
v -1.679577 0.000000 0.576923
v -1.604930 0.000000 0.576923
v -1.530282 0.000000 0.576923
v -1.455634 0.000000 0.576923
v -1.380986 0.000000 0.576923
v -1.306338 0.000000 0.576923
v -1.231690 0.000000 0.576923
v -1.157042 0.000000 0.576923
v -1.082394 0.000000 0.576923
v -1.007746 0.000000 0.576923
v -0.933099 0.000000 0.576923
v -0.858451 0.000000 0.576923
v -0.783803 0.000000 0.576923
v -0.709155 0.000000 0.576923
v -0.634507 0.000000 0.576923
v -0.559859 0.000000 0.576923
v -0.485211 0.000000 0.576923
v -0.410563 0.000000 0.576923
v -0.335915 0.000000 0.576923
v -0.261268 0.000000 0.576923
v -0.186620 0.000000 0.576923
v -0.111972 0.000000 0.576923
v -0.037324 0.000000 0.576923
v 0.037324 0.000000 0.576923
v 0.111972 0.000000 0.576923
v 0.186620 0.000000 0.576923
v 0.261268 0.000000 0.576923
v 0.335915 0.000000 0.576923
v 0.410563 0.000000 0.576923
v 0.485211 0.000000 0.576923
v 0.559859 0.000000 0.576923
v 0.634507 0.000000 0.576923
v 0.709155 0.000000 0.576923
v 0.783803 0.000000 0.576923
v 0.858451 0.000000 0.576923
v 0.933099 0.000000 0.576923
v 1.007746 0.000000 0.576923
v 1.082394 0.000000 0.576923
v 1.157042 0.000000 0.576923
v 1.231690 0.000000 0.576923
v 1.306338 0.000000 0.576923
v 1.380986 0.000000 0.576923
v 1.455634 0.000000 0.576923
v 1.530282 0.000000 0.576923
v 1.604930 0.000000 0.576923
v 1.679577 0.000000 0.576923
v 1.754225 0.000000 0.576923
v 1.828873 0.000000 0.576923
v 1.903521 0.000000 0.576923
v 1.978169 0.000000 0.576923
v 2.052817 0.000000 0.576923
v 2.127465 0.000000 0.576923
v 2.202113 0.000000 0.576923
v 2.276761 0.000000 0.576923
v 2.351408 0.000000 0.576923
v 2.426056 0.000000 0.576923
v 2.500704 0.000000 0.576923
v 2.575352 0.000000 0.576923
v 2.650000 0.000000 0.576923
v -2.650000 0.000000 0.653846
v -2.575352 0.000000 0.653846
v -2.500704 0.000000 0.653846
v -2.426056 0.000000 0.653846
v -2.351408 0.000000 0.653846
v -2.276761 0.000000 0.653846
v -2.202113 0.000000 0.653846
v -2.127465 0.000000 0.653846
v -2.052817 0.000000 0.653846
v -1.978169 0.000000 0.653846
v -1.903521 0.000000 0.653846
v -1.828873 0.000000 0.653846
v -1.754225 0.000000 0.653846
v -1.679577 0.000000 0.653846
v -1.604930 0.000000 0.653846
v -1.530282 0.000000 0.653846
v -1.455634 0.000000 0.653846
v -1.380986 0.000000 0.653846
v -1.306338 0.000000 0.653846
v -1.231690 0.000000 0.653846
v -1.157042 0.000000 0.653846
v -1.082394 0.000000 0.653846
v -1.007746 0.000000 0.653846
v -0.933099 0.000000 0.653846
v -0.858451 0.000000 0.653846
v -0.783803 0.000000 0.653846
v -0.709155 0.000000 0.653846
v -0.634507 0.000000 0.653846
v -0.559859 0.000000 0.653846
v -0.485211 0.000000 0.653846
v -0.410563 0.000000 0.653846
v -0.335915 0.000000 0.653846
v -0.261268 0.000000 0.653846
v -0.186620 0.000000 0.653846
v -0.111972 0.000000 0.653846
v -0.037324 0.000000 0.653846
v 0.037324 0.000000 0.653846
v 0.111972 0.000000 0.653846
v 0.186620 0.000000 0.653846
v 0.261268 0.000000 0.653846
v 0.335915 0.000000 0.653846
v 0.410563 0.000000 0.653846
v 0.485211 0.000000 0.653846
v 0.559859 0.000000 0.653846
v 0.634507 0.000000 0.653846
v 0.709155 0.000000 0.653846
v 0.783803 0.000000 0.653846
v 0.858451 0.000000 0.653846
v 0.933099 0.000000 0.653846
v 1.007746 0.000000 0.653846
v 1.082394 0.000000 0.653846
v 1.157042 0.000000 0.653846
v 1.231690 0.000000 0.653846
v 1.306338 0.000000 0.653846
v 1.380986 0.000000 0.653846
v 1.455634 0.000000 0.653846
v 1.530282 0.000000 0.653846
v 1.604930 0.000000 0.653846
v 1.679577 0.000000 0.653846
v 1.754225 0.000000 0.653846
v 1.828873 0.000000 0.653846
v 1.903521 0.000000 0.653846
v 1.978169 0.000000 0.653846
v 2.052817 0.000000 0.653846
v 2.127465 0.000000 0.653846
v 2.202113 0.000000 0.653846
v 2.276761 0.000000 0.653846
v 2.351408 0.000000 0.653846
v 2.426056 0.000000 0.653846
v 2.500704 0.000000 0.653846
v 2.575352 0.000000 0.653846
v 2.650000 0.000000 0.653846
v -2.650000 0.000000 0.730769
v -2.575352 0.000000 0.730769
v -2.500704 0.000000 0.730769
v -2.426056 0.000000 0.730769
v -2.351408 0.000000 0.730769
v -2.276761 0.000000 0.730769
v -2.202113 0.000000 0.730769
v -2.127465 0.000000 0.730769
v -2.052817 0.000000 0.730769
v -1.978169 0.000000 0.730769
v -1.903521 0.000000 0.730769
v -1.828873 0.000000 0.730769
v -1.754225 0.000000 0.730769
v -1.679577 0.000000 0.730769
v -1.604930 0.000000 0.730769
v -1.530282 0.000000 0.730769
v -1.455634 0.000000 0.730769
v -1.380986 0.000000 0.730769
v -1.306338 0.000000 0.730769
v -1.231690 0.000000 0.730769
v -1.157042 0.000000 0.730769
v -1.082394 0.000000 0.730769
v -1.007746 0.000000 0.730769
v -0.933099 0.000000 0.730769
v -0.858451 0.000000 0.730769
v -0.783803 0.000000 0.730769
v -0.709155 0.000000 0.730769
v -0.634507 0.000000 0.730769
v -0.559859 0.000000 0.730769
v -0.485211 0.000000 0.730769
v -0.410563 0.000000 0.730769
v -0.335915 0.000000 0.730769
v -0.261268 0.000000 0.730769
v -0.186620 0.000000 0.730769
v -0.111972 0.000000 0.730769
v -0.037324 0.000000 0.730769
v 0.037324 0.000000 0.730769
v 0.111972 0.000000 0.730769
v 0.186620 0.000000 0.730769
v 0.261268 0.000000 0.730769
v 0.335915 0.000000 0.730769
v 0.410563 0.000000 0.730769
v 0.485211 0.000000 0.730769
v 0.559859 0.000000 0.730769
v 0.634507 0.000000 0.730769
v 0.709155 0.000000 0.730769
v 0.783803 0.000000 0.730769
v 0.858451 0.000000 0.730769
v 0.933099 0.000000 0.730769
v 1.007746 0.000000 0.730769
v 1.082394 0.000000 0.730769
v 1.157042 0.000000 0.730769
v 1.231690 0.000000 0.730769
v 1.306338 0.000000 0.730769
v 1.380986 0.000000 0.730769
v 1.455634 0.000000 0.730769
v 1.530282 0.000000 0.730769
v 1.604930 0.000000 0.730769
v 1.679577 0.000000 0.730769
v 1.754225 0.000000 0.730769
v 1.828873 0.000000 0.730769
v 1.903521 0.000000 0.730769
v 1.978169 0.000000 0.730769
v 2.052817 0.000000 0.730769
v 2.127465 0.000000 0.730769
v 2.202113 0.000000 0.730769
v 2.276761 0.000000 0.730769
v 2.351408 0.000000 0.730769
v 2.426056 0.000000 0.730769
v 2.500704 0.000000 0.730769
v 2.575352 0.000000 0.730769
v 2.650000 0.000000 0.730769
v -2.650000 0.000000 0.807692
v -2.575352 0.000000 0.807692
v -2.500704 0.000000 0.807692
v -2.426056 0.000000 0.807692
v -2.351408 0.000000 0.807692
v -2.276761 0.000000 0.807692
v -2.202113 0.000000 0.807692
v -2.127465 0.000000 0.807692
v -2.052817 0.000000 0.807692
v -1.978169 0.000000 0.807692
v -1.903521 0.000000 0.807692
v -1.828873 0.000000 0.807692
v -1.754225 0.000000 0.807692
v -1.679577 0.000000 0.807692
v -1.604930 0.000000 0.807692
v -1.530282 0.000000 0.807692
v -1.455634 0.000000 0.807692
v -1.380986 0.000000 0.807692
v -1.306338 0.000000 0.807692
v -1.231690 0.000000 0.807692
v -1.157042 0.000000 0.807692
v -1.082394 0.000000 0.807692
v -1.007746 0.000000 0.807692
v -0.933099 0.000000 0.807692
v -0.858451 0.000000 0.807692
v -0.783803 0.000000 0.807692
v -0.709155 0.000000 0.807692
v -0.634507 0.000000 0.807692
v -0.559859 0.000000 0.807692
v -0.485211 0.000000 0.807692
v -0.410563 0.000000 0.807692
v -0.335915 0.000000 0.807692
v -0.261268 0.000000 0.807692
v -0.186620 0.000000 0.807692
v -0.111972 0.000000 0.807692
v -0.037324 0.000000 0.807692
v 0.037324 0.000000 0.807692
v 0.111972 0.000000 0.807692
v 0.186620 0.000000 0.807692
v 0.261268 0.000000 0.807692
v 0.335915 0.000000 0.807692
v 0.410563 0.000000 0.807692
v 0.485211 0.000000 0.807692
v 0.559859 0.000000 0.807692
v 0.634507 0.000000 0.807692
v 0.709155 0.000000 0.807692
v 0.783803 0.000000 0.807692
v 0.858451 0.000000 0.807692
v 0.933099 0.000000 0.807692
v 1.007746 0.000000 0.807692
v 1.082394 0.000000 0.807692
v 1.157042 0.000000 0.807692
v 1.231690 0.000000 0.807692
v 1.306338 0.000000 0.807692
v 1.380986 0.000000 0.807692
v 1.455634 0.000000 0.807692
v 1.530282 0.000000 0.807692
v 1.604930 0.000000 0.807692
v 1.679577 0.000000 0.807692
v 1.754225 0.000000 0.807692
v 1.828873 0.000000 0.807692
v 1.903521 0.000000 0.807692
v 1.978169 0.000000 0.807692
v 2.052817 0.000000 0.807692
v 2.127465 0.000000 0.807692
v 2.202113 0.000000 0.807692
v 2.276761 0.000000 0.807692
v 2.351408 0.000000 0.807692
v 2.426056 0.000000 0.807692
v 2.500704 0.000000 0.807692
v 2.575352 0.000000 0.807692
v 2.650000 0.000000 0.807692
v -2.650000 0.000000 0.884615
v -2.575352 0.000000 0.884615
v -2.500704 0.000000 0.884615
v -2.426056 0.000000 0.884615
v -2.351408 0.000000 0.884615
v -2.276761 0.000000 0.884615
v -2.202113 0.000000 0.884615
v -2.127465 0.000000 0.884615
v -2.052817 0.000000 0.884615
v -1.978169 0.000000 0.884615
v -1.903521 0.000000 0.884615
v -1.828873 0.000000 0.884615
v -1.754225 0.000000 0.884615
v -1.679577 0.000000 0.884615
v -1.604930 0.000000 0.884615
v -1.530282 0.000000 0.884615
v -1.455634 0.000000 0.884615
v -1.380986 0.000000 0.884615
v -1.306338 0.000000 0.884615
v -1.231690 0.000000 0.884615
v -1.157042 0.000000 0.884615
v -1.082394 0.000000 0.884615
v -1.007746 0.000000 0.884615
v -0.933099 0.000000 0.884615
v -0.858451 0.000000 0.884615
v -0.783803 0.000000 0.884615
v -0.709155 0.000000 0.884615
v -0.634507 0.000000 0.884615
v -0.559859 0.000000 0.884615
v -0.485211 0.000000 0.884615
v -0.410563 0.000000 0.884615
v -0.335915 0.000000 0.884615
v -0.261268 0.000000 0.884615
v -0.186620 0.000000 0.884615
v -0.111972 0.000000 0.884615
v -0.037324 0.000000 0.884615
v 0.037324 0.000000 0.884615
v 0.111972 0.000000 0.884615
v 0.186620 0.000000 0.884615
v 0.261268 0.000000 0.884615
v 0.335915 0.000000 0.884615
v 0.410563 0.000000 0.884615
v 0.485211 0.000000 0.884615
v 0.559859 0.000000 0.884615
v 0.634507 0.000000 0.884615
v 0.709155 0.000000 0.884615
v 0.783803 0.000000 0.884615
v 0.858451 0.000000 0.884615
v 0.933099 0.000000 0.884615
v 1.007746 0.000000 0.884615
v 1.082394 0.000000 0.884615
v 1.157042 0.000000 0.884615
v 1.231690 0.000000 0.884615
v 1.306338 0.000000 0.884615
v 1.380986 0.000000 0.884615
v 1.455634 0.000000 0.884615
v 1.530282 0.000000 0.884615
v 1.604930 0.000000 0.884615
v 1.679577 0.000000 0.884615
v 1.754225 0.000000 0.884615
v 1.828873 0.000000 0.884615
v 1.903521 0.000000 0.884615
v 1.978169 0.000000 0.884615
v 2.052817 0.000000 0.884615
v 2.127465 0.000000 0.884615
v 2.202113 0.000000 0.884615
v 2.276761 0.000000 0.884615
v 2.351408 0.000000 0.884615
v 2.426056 0.000000 0.884615
v 2.500704 0.000000 0.884615
v 2.575352 0.000000 0.884615
v 2.650000 0.000000 0.884615
v -2.650000 0.000000 0.961538
v -2.575352 0.000000 0.961538
v -2.500704 0.000000 0.961538
v -2.426056 0.000000 0.961538
v -2.351408 0.000000 0.961538
v -2.276761 0.000000 0.961538
v -2.202113 0.000000 0.961538
v -2.127465 0.000000 0.961538
v -2.052817 0.000000 0.961538
v -1.978169 0.000000 0.961538
v -1.903521 0.000000 0.961538
v -1.828873 0.000000 0.961538
v -1.754225 0.000000 0.961538
v -1.679577 0.000000 0.961538
v -1.604930 0.000000 0.961538
v -1.530282 0.000000 0.961538
v -1.455634 0.000000 0.961538
v -1.380986 0.000000 0.961538
v -1.306338 0.000000 0.961538
v -1.231690 0.000000 0.961538
v -1.157042 0.000000 0.961538
v -1.082394 0.000000 0.961538
v -1.007746 0.000000 0.961538
v -0.933099 0.000000 0.961538
v -0.858451 0.000000 0.961538
v -0.783803 0.000000 0.961538
v -0.709155 0.000000 0.961538
v -0.634507 0.000000 0.961538
v -0.559859 0.000000 0.961538
v -0.485211 0.000000 0.961538
v -0.410563 0.000000 0.961538
v -0.335915 0.000000 0.961538
v -0.261268 0.000000 0.961538
v -0.186620 0.000000 0.961538
v -0.111972 0.000000 0.961538
v -0.037324 0.000000 0.961538
v 0.037324 0.000000 0.961538
v 0.111972 0.000000 0.961538
v 0.186620 0.000000 0.961538
v 0.261268 0.000000 0.961538
v 0.335915 0.000000 0.961538
v 0.410563 0.000000 0.961538
v 0.485211 0.000000 0.961538
v 0.559859 0.000000 0.961538
v 0.634507 0.000000 0.961538
v 0.709155 0.000000 0.961538
v 0.783803 0.000000 0.961538
v 0.858451 0.000000 0.961538
v 0.933099 0.000000 0.961538
v 1.007746 0.000000 0.961538
v 1.082394 0.000000 0.961538
v 1.157042 0.000000 0.961538
v 1.231690 0.000000 0.961538
v 1.306338 0.000000 0.961538
v 1.380986 0.000000 0.961538
v 1.455634 0.000000 0.961538
v 1.530282 0.000000 0.961538
v 1.604930 0.000000 0.961538
v 1.679577 0.000000 0.961538
v 1.754225 0.000000 0.961538
v 1.828873 0.000000 0.961538
v 1.903521 0.000000 0.961538
v 1.978169 0.000000 0.961538
v 2.052817 0.000000 0.961538
v 2.127465 0.000000 0.961538
v 2.202113 0.000000 0.961538
v 2.276761 0.000000 0.961538
v 2.351408 0.000000 0.961538
v 2.426056 0.000000 0.961538
v 2.500704 0.000000 0.961538
v 2.575352 0.000000 0.961538
v 2.650000 0.000000 0.961538
v -2.650000 0.000000 1.038462
v -2.575352 0.000000 1.038462
v -2.500704 0.000000 1.038462
v -2.426056 0.000000 1.038462
v -2.351408 0.000000 1.038462
v -2.276761 0.000000 1.038462
v -2.202113 0.000000 1.038462
v -2.127465 0.000000 1.038462
v -2.052817 0.000000 1.038462
v -1.978169 0.000000 1.038462
v -1.903521 0.000000 1.038462
v -1.828873 0.000000 1.038462
v -1.754225 0.000000 1.038462
v -1.679577 0.000000 1.038462
v -1.604930 0.000000 1.038462
v -1.530282 0.000000 1.038462
v -1.455634 0.000000 1.038462
v -1.380986 0.000000 1.038462
v -1.306338 0.000000 1.038462
v -1.231690 0.000000 1.038462
v -1.157042 0.000000 1.038462
v -1.082394 0.000000 1.038462
v -1.007746 0.000000 1.038462
v -0.933099 0.000000 1.038462
v -0.858451 0.000000 1.038462
v -0.783803 0.000000 1.038462
v -0.709155 0.000000 1.038462
v -0.634507 0.000000 1.038462
v -0.559859 0.000000 1.038462
v -0.485211 0.000000 1.038462
v -0.410563 0.000000 1.038462
v -0.335915 0.000000 1.038462
v -0.261268 0.000000 1.038462
v -0.186620 0.000000 1.038462
v -0.111972 0.000000 1.038462
v -0.037324 0.000000 1.038462
v 0.037324 0.000000 1.038462
v 0.111972 0.000000 1.038462
v 0.186620 0.000000 1.038462
v 0.261268 0.000000 1.038462
v 0.335915 0.000000 1.038462
v 0.410563 0.000000 1.038462
v 0.485211 0.000000 1.038462
v 0.559859 0.000000 1.038462
v 0.634507 0.000000 1.038462
v 0.709155 0.000000 1.038462
v 0.783803 0.000000 1.038462
v 0.858451 0.000000 1.038462
v 0.933099 0.000000 1.038462
v 1.007746 0.000000 1.038462
v 1.082394 0.000000 1.038462
v 1.157042 0.000000 1.038462
v 1.231690 0.000000 1.038462
v 1.306338 0.000000 1.038462
v 1.380986 0.000000 1.038462
v 1.455634 0.000000 1.038462
v 1.530282 0.000000 1.038462
v 1.604930 0.000000 1.038462
v 1.679577 0.000000 1.038462
v 1.754225 0.000000 1.038462
v 1.828873 0.000000 1.038462
v 1.903521 0.000000 1.038462
v 1.978169 0.000000 1.038462
v 2.052817 0.000000 1.038462
v 2.127465 0.000000 1.038462
v 2.202113 0.000000 1.038462
v 2.276761 0.000000 1.038462
v 2.351408 0.000000 1.038462
v 2.426056 0.000000 1.038462
v 2.500704 0.000000 1.038462
v 2.575352 0.000000 1.038462
v 2.650000 0.000000 1.038462
v -2.650000 0.000000 1.115385
v -2.575352 0.000000 1.115385
v -2.500704 0.000000 1.115385
v -2.426056 0.000000 1.115385
v -2.351408 0.000000 1.115385
v -2.276761 0.000000 1.115385
v -2.202113 0.000000 1.115385
v -2.127465 0.000000 1.115385
v -2.052817 0.000000 1.115385
v -1.978169 0.000000 1.115385
v -1.903521 0.000000 1.115385
v -1.828873 0.000000 1.115385
v -1.754225 0.000000 1.115385
v -1.679577 0.000000 1.115385
v -1.604930 0.000000 1.115385
v -1.530282 0.000000 1.115385
v -1.455634 0.000000 1.115385
v -1.380986 0.000000 1.115385
v -1.306338 0.000000 1.115385
v -1.231690 0.000000 1.115385
v -1.157042 0.000000 1.115385
v -1.082394 0.000000 1.115385
v -1.007746 0.000000 1.115385
v -0.933099 0.000000 1.115385
v -0.858451 0.000000 1.115385
v -0.783803 0.000000 1.115385
v -0.709155 0.000000 1.115385
v -0.634507 0.000000 1.115385
v -0.559859 0.000000 1.115385
v -0.485211 0.000000 1.115385
v -0.410563 0.000000 1.115385
v -0.335915 0.000000 1.115385
v -0.261268 0.000000 1.115385
v -0.186620 0.000000 1.115385
v -0.111972 0.000000 1.115385
v -0.037324 0.000000 1.115385
v 0.037324 0.000000 1.115385
v 0.111972 0.000000 1.115385
v 0.186620 0.000000 1.115385
v 0.261268 0.000000 1.115385
v 0.335915 0.000000 1.115385
v 0.410563 0.000000 1.115385
v 0.485211 0.000000 1.115385
v 0.559859 0.000000 1.115385
v 0.634507 0.000000 1.115385
v 0.709155 0.000000 1.115385
v 0.783803 0.000000 1.115385
v 0.858451 0.000000 1.115385
v 0.933099 0.000000 1.115385
v 1.007746 0.000000 1.115385
v 1.082394 0.000000 1.115385
v 1.157042 0.000000 1.115385
v 1.231690 0.000000 1.115385
v 1.306338 0.000000 1.115385
v 1.380986 0.000000 1.115385
v 1.455634 0.000000 1.115385
v 1.530282 0.000000 1.115385
v 1.604930 0.000000 1.115385
v 1.679577 0.000000 1.115385
v 1.754225 0.000000 1.115385
v 1.828873 0.000000 1.115385
v 1.903521 0.000000 1.115385
v 1.978169 0.000000 1.115385
v 2.052817 0.000000 1.115385
v 2.127465 0.000000 1.115385
v 2.202113 0.000000 1.115385
v 2.276761 0.000000 1.115385
v 2.351408 0.000000 1.115385
v 2.426056 0.000000 1.115385
v 2.500704 0.000000 1.115385
v 2.575352 0.000000 1.115385
v 2.650000 0.000000 1.115385
v -2.650000 0.000000 1.192308
v -2.575352 0.000000 1.192308
v -2.500704 0.000000 1.192308
v -2.426056 0.000000 1.192308
v -2.351408 0.000000 1.192308
v -2.276761 0.000000 1.192308
v -2.202113 0.000000 1.192308
v -2.127465 0.000000 1.192308
v -2.052817 0.000000 1.192308
v -1.978169 0.000000 1.192308
v -1.903521 0.000000 1.192308
v -1.828873 0.000000 1.192308
v -1.754225 0.000000 1.192308
v -1.679577 0.000000 1.192308
v -1.604930 0.000000 1.192308
v -1.530282 0.000000 1.192308
v -1.455634 0.000000 1.192308
v -1.380986 0.000000 1.192308
v -1.306338 0.000000 1.192308
v -1.231690 0.000000 1.192308
v -1.157042 0.000000 1.192308
v -1.082394 0.000000 1.192308
v -1.007746 0.000000 1.192308
v -0.933099 0.000000 1.192308
v -0.858451 0.000000 1.192308
v -0.783803 0.000000 1.192308
v -0.709155 0.000000 1.192308
v -0.634507 0.000000 1.192308
v -0.559859 0.000000 1.192308
v -0.485211 0.000000 1.192308
v -0.410563 0.000000 1.192308
v -0.335915 0.000000 1.192308
v -0.261268 0.000000 1.192308
v -0.186620 0.000000 1.192308
v -0.111972 0.000000 1.192308
v -0.037324 0.000000 1.192308
v 0.037324 0.000000 1.192308
v 0.111972 0.000000 1.192308
v 0.186620 0.000000 1.192308
v 0.261268 0.000000 1.192308
v 0.335915 0.000000 1.192308
v 0.410563 0.000000 1.192308
v 0.485211 0.000000 1.192308
v 0.559859 0.000000 1.192308
v 0.634507 0.000000 1.192308
v 0.709155 0.000000 1.192308
v 0.783803 0.000000 1.192308
v 0.858451 0.000000 1.192308
v 0.933099 0.000000 1.192308
v 1.007746 0.000000 1.192308
v 1.082394 0.000000 1.192308
v 1.157042 0.000000 1.192308
v 1.231690 0.000000 1.192308
v 1.306338 0.000000 1.192308
v 1.380986 0.000000 1.192308
v 1.455634 0.000000 1.192308
v 1.530282 0.000000 1.192308
v 1.604930 0.000000 1.192308
v 1.679577 0.000000 1.192308
v 1.754225 0.000000 1.192308
v 1.828873 0.000000 1.192308
v 1.903521 0.000000 1.192308
v 1.978169 0.000000 1.192308
v 2.052817 0.000000 1.192308
v 2.127465 0.000000 1.192308
v 2.202113 0.000000 1.192308
v 2.276761 0.000000 1.192308
v 2.351408 0.000000 1.192308
v 2.426056 0.000000 1.192308
v 2.500704 0.000000 1.192308
v 2.575352 0.000000 1.192308
v 2.650000 0.000000 1.192308
v -2.650000 0.000000 1.269231
v -2.575352 0.000000 1.269231
v -2.500704 0.000000 1.269231
v -2.426056 0.000000 1.269231
v -2.351408 0.000000 1.269231
v -2.276761 0.000000 1.269231
v -2.202113 0.000000 1.269231
v -2.127465 0.000000 1.269231
v -2.052817 0.000000 1.269231
v -1.978169 0.000000 1.269231
v -1.903521 0.000000 1.269231
v -1.828873 0.000000 1.269231
v -1.754225 0.000000 1.269231
v -1.679577 0.000000 1.269231
v -1.604930 0.000000 1.269231
v -1.530282 0.000000 1.269231
v -1.455634 0.000000 1.269231
v -1.380986 0.000000 1.269231
v -1.306338 0.000000 1.269231
v -1.231690 0.000000 1.269231
v -1.157042 0.000000 1.269231
v -1.082394 0.000000 1.269231
v -1.007746 0.000000 1.269231
v -0.933099 0.000000 1.269231
v -0.858451 0.000000 1.269231
v -0.783803 0.000000 1.269231
v -0.709155 0.000000 1.269231
v -0.634507 0.000000 1.269231
v -0.559859 0.000000 1.269231
v -0.485211 0.000000 1.269231
v -0.410563 0.000000 1.269231
v -0.335915 0.000000 1.269231
v -0.261268 0.000000 1.269231
v -0.186620 0.000000 1.269231
v -0.111972 0.000000 1.269231
v -0.037324 0.000000 1.269231
v 0.037324 0.000000 1.269231
v 0.111972 0.000000 1.269231
v 0.186620 0.000000 1.269231
v 0.261268 0.000000 1.269231
v 0.335915 0.000000 1.269231
v 0.410563 0.000000 1.269231
v 0.485211 0.000000 1.269231
v 0.559859 0.000000 1.269231
v 0.634507 0.000000 1.269231
v 0.709155 0.000000 1.269231
v 0.783803 0.000000 1.269231
v 0.858451 0.000000 1.269231
v 0.933099 0.000000 1.269231
v 1.007746 0.000000 1.269231
v 1.082394 0.000000 1.269231
v 1.157042 0.000000 1.269231
v 1.231690 0.000000 1.269231
v 1.306338 0.000000 1.269231
v 1.380986 0.000000 1.269231
v 1.455634 0.000000 1.269231
v 1.530282 0.000000 1.269231
v 1.604930 0.000000 1.269231
v 1.679577 0.000000 1.269231
v 1.754225 0.000000 1.269231
v 1.828873 0.000000 1.269231
v 1.903521 0.000000 1.269231
v 1.978169 0.000000 1.269231
v 2.052817 0.000000 1.269231
v 2.127465 0.000000 1.269231
v 2.202113 0.000000 1.269231
v 2.276761 0.000000 1.269231
v 2.351408 0.000000 1.269231
v 2.426056 0.000000 1.269231
v 2.500704 0.000000 1.269231
v 2.575352 0.000000 1.269231
v 2.650000 0.000000 1.269231
v -2.650000 0.000000 1.346154
v -2.575352 0.000000 1.346154
v -2.500704 0.000000 1.346154
v -2.426056 0.000000 1.346154
v -2.351408 0.000000 1.346154
v -2.276761 0.000000 1.346154
v -2.202113 0.000000 1.346154
v -2.127465 0.000000 1.346154
v -2.052817 0.000000 1.346154
v -1.978169 0.000000 1.346154
v -1.903521 0.000000 1.346154
v -1.828873 0.000000 1.346154
v -1.754225 0.000000 1.346154
v -1.679577 0.000000 1.346154
v -1.604930 0.000000 1.346154
v -1.530282 0.000000 1.346154
v -1.455634 0.000000 1.346154
v -1.380986 0.000000 1.346154
v -1.306338 0.000000 1.346154
v -1.231690 0.000000 1.346154
v -1.157042 0.000000 1.346154
v -1.082394 0.000000 1.346154
v -1.007746 0.000000 1.346154
v -0.933099 0.000000 1.346154
v -0.858451 0.000000 1.346154
v -0.783803 0.000000 1.346154
v -0.709155 0.000000 1.346154
v -0.634507 0.000000 1.346154
v -0.559859 0.000000 1.346154
v -0.485211 0.000000 1.346154
v -0.410563 0.000000 1.346154
v -0.335915 0.000000 1.346154
v -0.261268 0.000000 1.346154
v -0.186620 0.000000 1.346154
v -0.111972 0.000000 1.346154
v -0.037324 0.000000 1.346154
v 0.037324 0.000000 1.346154
v 0.111972 0.000000 1.346154
v 0.186620 0.000000 1.346154
v 0.261268 0.000000 1.346154
v 0.335915 0.000000 1.346154
v 0.410563 0.000000 1.346154
v 0.485211 0.000000 1.346154
v 0.559859 0.000000 1.346154
v 0.634507 0.000000 1.346154
v 0.709155 0.000000 1.346154
v 0.783803 0.000000 1.346154
v 0.858451 0.000000 1.346154
v 0.933099 0.000000 1.346154
v 1.007746 0.000000 1.346154
v 1.082394 0.000000 1.346154
v 1.157042 0.000000 1.346154
v 1.231690 0.000000 1.346154
v 1.306338 0.000000 1.346154
v 1.380986 0.000000 1.346154
v 1.455634 0.000000 1.346154
v 1.530282 0.000000 1.346154
v 1.604930 0.000000 1.346154
v 1.679577 0.000000 1.346154
v 1.754225 0.000000 1.346154
v 1.828873 0.000000 1.346154
v 1.903521 0.000000 1.346154
v 1.978169 0.000000 1.346154
v 2.052817 0.000000 1.346154
v 2.127465 0.000000 1.346154
v 2.202113 0.000000 1.346154
v 2.276761 0.000000 1.346154
v 2.351408 0.000000 1.346154
v 2.426056 0.000000 1.346154
v 2.500704 0.000000 1.346154
v 2.575352 0.000000 1.346154
v 2.650000 0.000000 1.346154
v -2.650000 0.000000 1.423077
v -2.575352 0.000000 1.423077
v -2.500704 0.000000 1.423077
v -2.426056 0.000000 1.423077
v -2.351408 0.000000 1.423077
v -2.276761 0.000000 1.423077
v -2.202113 0.000000 1.423077
v -2.127465 0.000000 1.423077
v -2.052817 0.000000 1.423077
v -1.978169 0.000000 1.423077
v -1.903521 0.000000 1.423077
v -1.828873 0.000000 1.423077
v -1.754225 0.000000 1.423077
v -1.679577 0.000000 1.423077
v -1.604930 0.000000 1.423077
v -1.530282 0.000000 1.423077
v -1.455634 0.000000 1.423077
v -1.380986 0.000000 1.423077
v -1.306338 0.000000 1.423077
v -1.231690 0.000000 1.423077
v -1.157042 0.000000 1.423077
v -1.082394 0.000000 1.423077
v -1.007746 0.000000 1.423077
v -0.933099 0.000000 1.423077
v -0.858451 0.000000 1.423077
v -0.783803 0.000000 1.423077
v -0.709155 0.000000 1.423077
v -0.634507 0.000000 1.423077
v -0.559859 0.000000 1.423077
v -0.485211 0.000000 1.423077
v -0.410563 0.000000 1.423077
v -0.335915 0.000000 1.423077
v -0.261268 0.000000 1.423077
v -0.186620 0.000000 1.423077
v -0.111972 0.000000 1.423077
v -0.037324 0.000000 1.423077
v 0.037324 0.000000 1.423077
v 0.111972 0.000000 1.423077
v 0.186620 0.000000 1.423077
v 0.261268 0.000000 1.423077
v 0.335915 0.000000 1.423077
v 0.410563 0.000000 1.423077
v 0.485211 0.000000 1.423077
v 0.559859 0.000000 1.423077
v 0.634507 0.000000 1.423077
v 0.709155 0.000000 1.423077
v 0.783803 0.000000 1.423077
v 0.858451 0.000000 1.423077
v 0.933099 0.000000 1.423077
v 1.007746 0.000000 1.423077
v 1.082394 0.000000 1.423077
v 1.157042 0.000000 1.423077
v 1.231690 0.000000 1.423077
v 1.306338 0.000000 1.423077
v 1.380986 0.000000 1.423077
v 1.455634 0.000000 1.423077
v 1.530282 0.000000 1.423077
v 1.604930 0.000000 1.423077
v 1.679577 0.000000 1.423077
v 1.754225 0.000000 1.423077
v 1.828873 0.000000 1.423077
v 1.903521 0.000000 1.423077
v 1.978169 0.000000 1.423077
v 2.052817 0.000000 1.423077
v 2.127465 0.000000 1.423077
v 2.202113 0.000000 1.423077
v 2.276761 0.000000 1.423077
v 2.351408 0.000000 1.423077
v 2.426056 0.000000 1.423077
v 2.500704 0.000000 1.423077
v 2.575352 0.000000 1.423077
v 2.650000 0.000000 1.423077
v -2.650000 0.000000 1.500000
v -2.575352 0.000000 1.500000
v -2.500704 0.000000 1.500000
v -2.426056 0.000000 1.500000
v -2.351408 0.000000 1.500000
v -2.276761 0.000000 1.500000
v -2.202113 0.000000 1.500000
v -2.127465 0.000000 1.500000
v -2.052817 0.000000 1.500000
v -1.978169 0.000000 1.500000
v -1.903521 0.000000 1.500000
v -1.828873 0.000000 1.500000
v -1.754225 0.000000 1.500000
v -1.679577 0.000000 1.500000
v -1.604930 0.000000 1.500000
v -1.530282 0.000000 1.500000
v -1.455634 0.000000 1.500000
v -1.380986 0.000000 1.500000
v -1.306338 0.000000 1.500000
v -1.231690 0.000000 1.500000
v -1.157042 0.000000 1.500000
v -1.082394 0.000000 1.500000
v -1.007746 0.000000 1.500000
v -0.933099 0.000000 1.500000
v -0.858451 0.000000 1.500000
v -0.783803 0.000000 1.500000
v -0.709155 0.000000 1.500000
v -0.634507 0.000000 1.500000
v -0.559859 0.000000 1.500000
v -0.485211 0.000000 1.500000
v -0.410563 0.000000 1.500000
v -0.335915 0.000000 1.500000
v -0.261268 0.000000 1.500000
v -0.186620 0.000000 1.500000
v -0.111972 0.000000 1.500000
v -0.037324 0.000000 1.500000
v 0.037324 0.000000 1.500000
v 0.111972 0.000000 1.500000
v 0.186620 0.000000 1.500000
v 0.261268 0.000000 1.500000
v 0.335915 0.000000 1.500000
v 0.410563 0.000000 1.500000
v 0.485211 0.000000 1.500000
v 0.559859 0.000000 1.500000
v 0.634507 0.000000 1.500000
v 0.709155 0.000000 1.500000
v 0.783803 0.000000 1.500000
v 0.858451 0.000000 1.500000
v 0.933099 0.000000 1.500000
v 1.007746 0.000000 1.500000
v 1.082394 0.000000 1.500000
v 1.157042 0.000000 1.500000
v 1.231690 0.000000 1.500000
v 1.306338 0.000000 1.500000
v 1.380986 0.000000 1.500000
v 1.455634 0.000000 1.500000
v 1.530282 0.000000 1.500000
v 1.604930 0.000000 1.500000
v 1.679577 0.000000 1.500000
v 1.754225 0.000000 1.500000
v 1.828873 0.000000 1.500000
v 1.903521 0.000000 1.500000
v 1.978169 0.000000 1.500000
v 2.052817 0.000000 1.500000
v 2.127465 0.000000 1.500000
v 2.202113 0.000000 1.500000
v 2.276761 0.000000 1.500000
v 2.351408 0.000000 1.500000
v 2.426056 0.000000 1.500000
v 2.500704 0.000000 1.500000
v 2.575352 0.000000 1.500000
v 2.650000 0.000000 1.500000
f 5764 5836 5765
f 5765 5836 5837
f 5765 5837 5766
f 5766 5837 5838
f 5766 5838 5767
f 5767 5838 5839
f 5767 5839 5768
f 5768 5839 5840
f 5768 5840 5769
f 5769 5840 5841
f 5774 5846 5775
f 5775 5846 5847
f 5775 5847 5776
f 5776 5847 5848
f 5776 5848 5777
f 5777 5848 5849
f 5777 5849 5778
f 5778 5849 5850
f 5798 5870 5799
f 5799 5870 5871
f 5799 5871 5800
f 5800 5871 5872
f 5804 5876 5805
f 5805 5876 5877
f 5815 5887 5816
f 5816 5887 5888
f 5816 5888 5817
f 5817 5888 5889
f 5821 5893 5822
f 5822 5893 5894
f 5822 5894 5823
f 5823 5894 5895
f 5823 5895 5824
f 5824 5895 5896
f 5824 5896 5825
f 5825 5896 5897
f 5825 5897 5826
f 5826 5897 5898
f 5826 5898 5827
f 5827 5898 5899
f 5827 5899 5828
f 5828 5899 5900
f 5828 5900 5829
f 5829 5900 5901
f 5829 5901 5830
f 5830 5901 5902
f 5830 5902 5831
f 5831 5902 5903
f 5831 5903 5832
f 5832 5903 5904
f 5833 5905 5834
f 5834 5905 5906
f 5834 5906 5835
f 5835 5906 5907
f 5835 5907 5836
f 5836 5907 5908
f 5836 5908 5837
f 5837 5908 5909
f 5837 5909 5838
f 5838 5909 5910
f 5838 5910 5839
f 5839 5910 5911
f 5839 5911 5840
f 5840 5911 5912
f 5847 5919 5848
f 5848 5919 5920
f 5848 5920 5849
f 5849 5920 5921
f 5849 5921 5850
f 5850 5921 5922
f 5850 5922 5851
f 5851 5922 5923
f 5851 5923 5852
f 5852 5923 5924
f 5870 5942 5871
f 5871 5942 5943
f 5871 5943 5872
f 5872 5943 5944
f 5872 5944 5873
f 5873 5944 5945
f 5873 5945 5874
f 5874 5945 5946
f 5876 5948 5877
f 5877 5948 5949
f 5877 5949 5878
f 5878 5949 5950
f 5878 5950 5879
f 5879 5950 5951
f 5879 5951 5880
f 5880 5951 5952
f 5883 5955 5884
f 5884 5955 5956
f 5884 5956 5885
f 5885 5956 5957
f 5885 5957 5886
f 5886 5957 5958
f 5886 5958 5887
f 5887 5958 5959
f 5887 5959 5888
f 5888 5959 5960
f 5888 5960 5889
f 5889 5960 5961
f 5889 5961 5890
f 5890 5961 5962
f 5890 5962 5891
f 5891 5962 5963
f 5891 5963 5892
f 5892 5963 5964
f 5892 5964 5893
f 5893 5964 5965
f 5893 5965 5894
f 5894 5965 5966
f 5894 5966 5895
f 5895 5966 5967
f 5895 5967 5896
f 5896 5967 5968
f 5896 5968 5897
f 5897 5968 5969
f 5897 5969 5898
f 5898 5969 5970
f 5898 5970 5899
f 5899 5970 5971
f 5899 5971 5900
f 5900 5971 5972
f 5900 5972 5901
f 5901 5972 5973
f 5901 5973 5902
f 5902 5973 5974
f 5902 5974 5903
f 5903 5974 5975
f 5903 5975 5904
f 5904 5975 5976
f 5905 5977 5906
f 5906 5977 5978
f 5906 5978 5907
f 5907 5978 5979
f 5907 5979 5908
f 5908 5979 5980
f 5908 5980 5909
f 5909 5980 5981
f 5909 5981 5910
f 5910 5981 5982
f 5910 5982 5911
f 5911 5982 5983
f 5911 5983 5912
f 5912 5983 5984
f 5919 5991 5920
f 5920 5991 5992
f 5920 5992 5921
f 5921 5992 5993
f 5921 5993 5922
f 5922 5993 5994
f 5922 5994 5923
f 5923 5994 5995
f 5923 5995 5924
f 5924 5995 5996
f 5939 6011 5940
f 5940 6011 6012
f 5942 6014 5943
f 5943 6014 6015
f 5943 6015 5944
f 5944 6015 6016
f 5944 6016 5945
f 5945 6016 6017
f 5945 6017 5946
f 5946 6017 6018
f 5946 6018 5947
f 5947 6018 6019
f 5947 6019 5948
f 5948 6019 6020
f 5948 6020 5949
f 5949 6020 6021
f 5949 6021 5950
f 5950 6021 6022
f 5950 6022 5951
f 5951 6022 6023
f 5951 6023 5952
f 5952 6023 6024
f 5952 6024 5953
f 5953 6024 6025
f 5953 6025 5954
f 5954 6025 6026
f 5954 6026 5955
f 5955 6026 6027
f 5955 6027 5956
f 5956 6027 6028
f 5956 6028 5957
f 5957 6028 6029
f 5957 6029 5958
f 5958 6029 6030
f 5958 6030 5959
f 5959 6030 6031
f 5959 6031 5960
f 5960 6031 6032
f 5960 6032 5961
f 5961 6032 6033
f 5961 6033 5962
f 5962 6033 6034
f 5962 6034 5963
f 5963 6034 6035
f 5963 6035 5964
f 5964 6035 6036
f 5964 6036 5965
f 5965 6036 6037
f 5965 6037 5966
f 5966 6037 6038
f 5966 6038 5967
f 5967 6038 6039
f 5967 6039 5968
f 5968 6039 6040
f 5968 6040 5969
f 5969 6040 6041
f 5969 6041 5970
f 5970 6041 6042
f 5970 6042 5971
f 5971 6042 6043
f 5971 6043 5972
f 5972 6043 6044
f 5972 6044 5973
f 5973 6044 6045
f 5973 6045 5974
f 5974 6045 6046
f 5974 6046 5975
f 5975 6046 6047
f 5975 6047 5976
f 5976 6047 6048
f 5978 6050 5979
f 5979 6050 6051
f 5979 6051 5980
f 5980 6051 6052
f 5980 6052 5981
f 5981 6052 6053
f 5981 6053 5982
f 5982 6053 6054
f 5982 6054 5983
f 5983 6054 6055
f 5983 6055 5984
f 5984 6055 6056
f 5988 6060 5989
f 5989 6060 6061
f 5989 6061 5990
f 5990 6061 6062
f 5990 6062 5991
f 5991 6062 6063
f 5991 6063 5992
f 5992 6063 6064
f 5992 6064 5993
f 5993 6064 6065
f 5993 6065 5994
f 5994 6065 6066
f 5994 6066 5995
f 5995 6066 6067
f 5995 6067 5996
f 5996 6067 6068
f 5996 6068 5997
f 5997 6068 6069
f 6008 6080 6009
f 6009 6080 6081
f 6009 6081 6010
f 6010 6081 6082
f 6010 6082 6011
f 6011 6082 6083
f 6011 6083 6012
f 6012 6083 6084
f 6012 6084 6013
f 6013 6084 6085
f 6013 6085 6014
f 6014 6085 6086
f 6014 6086 6015
f 6015 6086 6087
f 6015 6087 6016
f 6016 6087 6088
f 6016 6088 6017
f 6017 6088 6089
f 6017 6089 6018
f 6018 6089 6090
f 6018 6090 6019
f 6019 6090 6091
f 6019 6091 6020
f 6020 6091 6092
f 6020 6092 6021
f 6021 6092 6093
f 6021 6093 6022
f 6022 6093 6094
f 6022 6094 6023
f 6023 6094 6095
f 6023 6095 6024
f 6024 6095 6096
f 6024 6096 6025
f 6025 6096 6097
f 6025 6097 6026
f 6026 6097 6098
f 6026 6098 6027
f 6027 6098 6099
f 6027 6099 6028
f 6028 6099 6100
f 6028 6100 6029
f 6029 6100 6101
f 6029 6101 6030
f 6030 6101 6102
f 6030 6102 6031
f 6031 6102 6103
f 6031 6103 6032
f 6032 6103 6104
f 6032 6104 6033
f 6033 6104 6105
f 6033 6105 6034
f 6034 6105 6106
f 6034 6106 6035
f 6035 6106 6107
f 6035 6107 6036
f 6036 6107 6108
f 6036 6108 6037
f 6037 6108 6109
f 6037 6109 6038
f 6038 6109 6110
f 6038 6110 6039
f 6039 6110 6111
f 6039 6111 6040
f 6040 6111 6112
f 6040 6112 6041
f 6041 6112 6113
f 6041 6113 6042
f 6042 6113 6114
f 6042 6114 6043
f 6043 6114 6115
f 6043 6115 6044
f 6044 6115 6116
f 6044 6116 6045
f 6045 6116 6117
f 6045 6117 6046
f 6046 6117 6118
f 6046 6118 6047
f 6047 6118 6119
f 6047 6119 6048
f 6048 6119 6120
f 6050 6122 6051
f 6051 6122 6123
f 6051 6123 6052
f 6052 6123 6124
f 6052 6124 6053
f 6053 6124 6125
f 6053 6125 6054
f 6054 6125 6126
f 6054 6126 6055
f 6055 6126 6127
f 6055 6127 6056
f 6056 6127 6128
f 6060 6132 6061
f 6061 6132 6133
f 6061 6133 6062
f 6062 6133 6134
f 6062 6134 6063
f 6063 6134 6135
f 6063 6135 6064
f 6064 6135 6136
f 6064 6136 6065
f 6065 6136 6137
f 6065 6137 6066
f 6066 6137 6138
f 6066 6138 6067
f 6067 6138 6139
f 6067 6139 6068
f 6068 6139 6140
f 6068 6140 6069
f 6069 6140 6141
f 6069 6141 6070
f 6070 6141 6142
f 6070 6142 6071
f 6071 6142 6143
f 6071 6143 6072
f 6072 6143 6144
f 6078 6150 6079
f 6079 6150 6151
f 6079 6151 6080
f 6080 6151 6152
f 6080 6152 6081
f 6081 6152 6153
f 6081 6153 6082
f 6082 6153 6154
f 6082 6154 6083
f 6083 6154 6155
f 6083 6155 6084
f 6084 6155 6156
f 6084 6156 6085
f 6085 6156 6157
f 6085 6157 6086
f 6086 6157 6158
f 6086 6158 6087
f 6087 6158 6159
f 6087 6159 6088
f 6088 6159 6160
f 6088 6160 6089
f 6089 6160 6161
f 6089 6161 6090
f 6090 6161 6162
f 6090 6162 6091
f 6091 6162 6163
f 6091 6163 6092
f 6092 6163 6164
f 6092 6164 6093
f 6093 6164 6165
f 6093 6165 6094
f 6094 6165 6166
f 6094 6166 6095
f 6095 6166 6167
f 6095 6167 6096
f 6096 6167 6168
f 6096 6168 6097
f 6097 6168 6169
f 6097 6169 6098
f 6098 6169 6170
f 6098 6170 6099
f 6099 6170 6171
f 6099 6171 6100
f 6100 6171 6172
f 6100 6172 6101
f 6101 6172 6173
f 6101 6173 6102
f 6102 6173 6174
f 6102 6174 6103
f 6103 6174 6175
f 6103 6175 6104
f 6104 6175 6176
f 6104 6176 6105
f 6105 6176 6177
f 6105 6177 6106
f 6106 6177 6178
f 6106 6178 6107
f 6107 6178 6179
f 6107 6179 6108
f 6108 6179 6180
f 6108 6180 6109
f 6109 6180 6181
f 6109 6181 6110
f 6110 6181 6182
f 6110 6182 6111
f 6111 6182 6183
f 6111 6183 6112
f 6112 6183 6184
f 6112 6184 6113
f 6113 6184 6185
f 6113 6185 6114
f 6114 6185 6186
f 6114 6186 6115
f 6115 6186 6187
f 6115 6187 6116
f 6116 6187 6188
f 6116 6188 6117
f 6117 6188 6189
f 6117 6189 6118
f 6118 6189 6190
f 6118 6190 6119
f 6119 6190 6191
f 6119 6191 6120
f 6120 6191 6192
f 6121 6193 6122
f 6122 6193 6194
f 6122 6194 6123
f 6123 6194 6195
f 6123 6195 6124
f 6124 6195 6196
f 6131 6203 6132
f 6132 6203 6204
f 6132 6204 6133
f 6133 6204 6205
f 6133 6205 6134
f 6134 6205 6206
f 6134 6206 6135
f 6135 6206 6207
f 6135 6207 6136
f 6136 6207 6208
f 6136 6208 6137
f 6137 6208 6209
f 6137 6209 6138
f 6138 6209 6210
f 6138 6210 6139
f 6139 6210 6211
f 6139 6211 6140
f 6140 6211 6212
f 6140 6212 6141
f 6141 6212 6213
f 6141 6213 6142
f 6142 6213 6214
f 6142 6214 6143
f 6143 6214 6215
f 6149 6221 6150
f 6150 6221 6222
f 6150 6222 6151
f 6151 6222 6223
f 6151 6223 6152
f 6152 6223 6224
f 6152 6224 6153
f 6153 6224 6225
f 6153 6225 6154
f 6154 6225 6226
f 6154 6226 6155
f 6155 6226 6227
f 6155 6227 6156
f 6156 6227 6228
f 6156 6228 6157
f 6157 6228 6229
f 6157 6229 6158
f 6158 6229 6230
f 6158 6230 6159
f 6159 6230 6231
f 6159 6231 6160
f 6160 6231 6232
f 6160 6232 6161
f 6161 6232 6233
f 6161 6233 6162
f 6162 6233 6234
f 6162 6234 6163
f 6163 6234 6235
f 6163 6235 6164
f 6164 6235 6236
f 6164 6236 6165
f 6165 6236 6237
f 6165 6237 6166
f 6166 6237 6238
f 6166 6238 6167
f 6167 6238 6239
f 6167 6239 6168
f 6168 6239 6240
f 6168 6240 6169
f 6169 6240 6241
f 6169 6241 6170
f 6170 6241 6242
f 6170 6242 6171
f 6171 6242 6243
f 6171 6243 6172
f 6172 6243 6244
f 6172 6244 6173
f 6173 6244 6245
f 6173 6245 6174
f 6174 6245 6246
f 6174 6246 6175
f 6175 6246 6247
f 6175 6247 6176
f 6176 6247 6248
f 6176 6248 6177
f 6177 6248 6249
f 6177 6249 6178
f 6178 6249 6250
f 6178 6250 6179
f 6179 6250 6251
f 6179 6251 6180
f 6180 6251 6252
f 6180 6252 6181
f 6181 6252 6253
f 6181 6253 6182
f 6182 6253 6254
f 6182 6254 6183
f 6183 6254 6255
f 6183 6255 6184
f 6184 6255 6256
f 6184 6256 6185
f 6185 6256 6257
f 6185 6257 6186
f 6186 6257 6258
f 6186 6258 6187
f 6187 6258 6259
f 6187 6259 6188
f 6188 6259 6260
f 6188 6260 6189
f 6189 6260 6261
f 6189 6261 6190
f 6190 6261 6262
f 6190 6262 6191
f 6191 6262 6263
f 6191 6263 6192
f 6192 6263 6264
f 6204 6276 6205
f 6205 6276 6277
f 6205 6277 6206
f 6206 6277 6278
f 6206 6278 6207
f 6207 6278 6279
f 6207 6279 6208
f 6208 6279 6280
f 6208 6280 6209
f 6209 6280 6281
f 6209 6281 6210
f 6210 6281 6282
f 6210 6282 6211
f 6211 6282 6283
f 6211 6283 6212
f 6212 6283 6284
f 6212 6284 6213
f 6213 6284 6285
f 6213 6285 6214
f 6214 6285 6286
f 6214 6286 6215
f 6215 6286 6287
f 6220 6292 6221
f 6221 6292 6293
f 6221 6293 6222
f 6222 6293 6294
f 6222 6294 6223
f 6223 6294 6295
f 6223 6295 6224
f 6224 6295 6296
f 6224 6296 6225
f 6225 6296 6297
f 6225 6297 6226
f 6226 6297 6298
f 6226 6298 6227
f 6227 6298 6299
f 6227 6299 6228
f 6228 6299 6300
f 6228 6300 6229
f 6229 6300 6301
f 6229 6301 6230
f 6230 6301 6302
f 6230 6302 6231
f 6231 6302 6303
f 6231 6303 6232
f 6232 6303 6304
f 6232 6304 6233
f 6233 6304 6305
f 6233 6305 6234
f 6234 6305 6306
f 6234 6306 6235
f 6235 6306 6307
f 6235 6307 6236
f 6236 6307 6308
f 6236 6308 6237
f 6237 6308 6309
f 6237 6309 6238
f 6238 6309 6310
f 6238 6310 6239
f 6239 6310 6311
f 6239 6311 6240
f 6240 6311 6312
f 6240 6312 6241
f 6241 6312 6313
f 6241 6313 6242
f 6242 6313 6314
f 6242 6314 6243
f 6243 6314 6315
f 6243 6315 6244
f 6244 6315 6316
f 6244 6316 6245
f 6245 6316 6317
f 6245 6317 6246
f 6246 6317 6318
f 6246 6318 6247
f 6247 6318 6319
f 6247 6319 6248
f 6248 6319 6320
f 6248 6320 6249
f 6249 6320 6321
f 6249 6321 6250
f 6250 6321 6322
f 6250 6322 6251
f 6251 6322 6323
f 6251 6323 6252
f 6252 6323 6324
f 6252 6324 6253
f 6253 6324 6325
f 6253 6325 6254
f 6254 6325 6326
f 6254 6326 6255
f 6255 6326 6327
f 6255 6327 6256
f 6256 6327 6328
f 6256 6328 6257
f 6257 6328 6329
f 6257 6329 6258
f 6258 6329 6330
f 6258 6330 6259
f 6259 6330 6331
f 6259 6331 6260
f 6260 6331 6332
f 6260 6332 6261
f 6261 6332 6333
f 6261 6333 6262
f 6262 6333 6334
f 6262 6334 6263
f 6263 6334 6335
f 6263 6335 6264
f 6264 6335 6336
f 6276 6348 6277
f 6277 6348 6349
f 6277 6349 6278
f 6278 6349 6350
f 6278 6350 6279
f 6279 6350 6351
f 6279 6351 6280
f 6280 6351 6352
f 6280 6352 6281
f 6281 6352 6353
f 6281 6353 6282
f 6282 6353 6354
f 6282 6354 6283
f 6283 6354 6355
f 6283 6355 6284
f 6284 6355 6356
f 6284 6356 6285
f 6285 6356 6357
f 6285 6357 6286
f 6286 6357 6358
f 6290 6362 6291
f 6291 6362 6363
f 6291 6363 6292
f 6292 6363 6364
f 6292 6364 6293
f 6293 6364 6365
f 6293 6365 6294
f 6294 6365 6366
f 6294 6366 6295
f 6295 6366 6367
f 6295 6367 6296
f 6296 6367 6368
f 6296 6368 6297
f 6297 6368 6369
f 6297 6369 6298
f 6298 6369 6370
f 6298 6370 6299
f 6299 6370 6371
f 6299 6371 6300
f 6300 6371 6372
f 6300 6372 6301
f 6301 6372 6373
f 6301 6373 6302
f 6302 6373 6374
f 6302 6374 6303
f 6303 6374 6375
f 6303 6375 6304
f 6304 6375 6376
f 6304 6376 6305
f 6305 6376 6377
f 6305 6377 6306
f 6306 6377 6378
f 6306 6378 6307
f 6307 6378 6379
f 6307 6379 6308
f 6308 6379 6380
f 6308 6380 6309
f 6309 6380 6381
f 6309 6381 6310
f 6310 6381 6382
f 6310 6382 6311
f 6311 6382 6383
f 6311 6383 6312
f 6312 6383 6384
f 6312 6384 6313
f 6313 6384 6385
f 6313 6385 6314
f 6314 6385 6386
f 6314 6386 6315
f 6315 6386 6387
f 6315 6387 6316
f 6316 6387 6388
f 6316 6388 6317
f 6317 6388 6389
f 6317 6389 6318
f 6318 6389 6390
f 6318 6390 6319
f 6319 6390 6391
f 6319 6391 6320
f 6320 6391 6392
f 6320 6392 6321
f 6321 6392 6393
f 6321 6393 6322
f 6322 6393 6394
f 6322 6394 6323
f 6323 6394 6395
f 6323 6395 6324
f 6324 6395 6396
f 6324 6396 6325
f 6325 6396 6397
f 6325 6397 6326
f 6326 6397 6398
f 6326 6398 6327
f 6327 6398 6399
f 6327 6399 6328
f 6328 6399 6400
f 6328 6400 6329
f 6329 6400 6401
f 6329 6401 6330
f 6330 6401 6402
f 6330 6402 6331
f 6331 6402 6403
f 6331 6403 6332
f 6332 6403 6404
f 6332 6404 6333
f 6333 6404 6405
f 6333 6405 6334
f 6334 6405 6406
f 6334 6406 6335
f 6335 6406 6407
f 6335 6407 6336
f 6336 6407 6408
f 6347 6419 6348
f 6348 6419 6420
f 6348 6420 6349
f 6349 6420 6421
f 6360 6432 6361
f 6361 6432 6433
f 6361 6433 6362
f 6362 6433 6434
f 6362 6434 6363
f 6363 6434 6435
f 6363 6435 6364
f 6364 6435 6436
f 6364 6436 6365
f 6365 6436 6437
f 6365 6437 6366
f 6366 6437 6438
f 6366 6438 6367
f 6367 6438 6439
f 6367 6439 6368
f 6368 6439 6440
f 6368 6440 6369
f 6369 6440 6441
f 6369 6441 6370
f 6370 6441 6442
f 6370 6442 6371
f 6371 6442 6443
f 6371 6443 6372
f 6372 6443 6444
f 6372 6444 6373
f 6373 6444 6445
f 6373 6445 6374
f 6374 6445 6446
f 6374 6446 6375
f 6375 6446 6447
f 6375 6447 6376
f 6376 6447 6448
f 6376 6448 6377
f 6377 6448 6449
f 6377 6449 6378
f 6378 6449 6450
f 6378 6450 6379
f 6379 6450 6451
f 6379 6451 6380
f 6380 6451 6452
f 6380 6452 6381
f 6381 6452 6453
f 6381 6453 6382
f 6382 6453 6454
f 6382 6454 6383
f 6383 6454 6455
f 6383 6455 6384
f 6384 6455 6456
f 6384 6456 6385
f 6385 6456 6457
f 6385 6457 6386
f 6386 6457 6458
f 6386 6458 6387
f 6387 6458 6459
f 6387 6459 6388
f 6388 6459 6460
f 6388 6460 6389
f 6389 6460 6461
f 6389 6461 6390
f 6390 6461 6462
f 6390 6462 6391
f 6391 6462 6463
f 6391 6463 6392
f 6392 6463 6464
f 6392 6464 6393
f 6393 6464 6465
f 6393 6465 6394
f 6394 6465 6466
f 6394 6466 6395
f 6395 6466 6467
f 6395 6467 6396
f 6396 6467 6468
f 6396 6468 6397
f 6397 6468 6469
f 6397 6469 6398
f 6398 6469 6470
f 6398 6470 6399
f 6399 6470 6471
f 6399 6471 6400
f 6400 6471 6472
f 6400 6472 6401
f 6401 6472 6473
f 6401 6473 6402
f 6402 6473 6474
f 6402 6474 6403
f 6403 6474 6475
f 6403 6475 6404
f 6404 6475 6476
f 6404 6476 6405
f 6405 6476 6477
f 6405 6477 6406
f 6406 6477 6478
f 6406 6478 6407
f 6407 6478 6479
f 6407 6479 6408
f 6408 6479 6480
f 6432 6504 6433
f 6433 6504 6505
f 6433 6505 6434
f 6434 6505 6506
f 6434 6506 6435
f 6435 6506 6507
f 6435 6507 6436
f 6436 6507 6508
f 6436 6508 6437
f 6437 6508 6509
f 6437 6509 6438
f 6438 6509 6510
f 6438 6510 6439
f 6439 6510 6511
f 6439 6511 6440
f 6440 6511 6512
f 6440 6512 6441
f 6441 6512 6513
f 6441 6513 6442
f 6442 6513 6514
f 6442 6514 6443
f 6443 6514 6515
f 6443 6515 6444
f 6444 6515 6516
f 6444 6516 6445
f 6445 6516 6517
f 6445 6517 6446
f 6446 6517 6518
f 6446 6518 6447
f 6447 6518 6519
f 6447 6519 6448
f 6448 6519 6520
f 6448 6520 6449
f 6449 6520 6521
f 6449 6521 6450
f 6450 6521 6522
f 6450 6522 6451
f 6451 6522 6523
f 6451 6523 6452
f 6452 6523 6524
f 6452 6524 6453
f 6453 6524 6525
f 6453 6525 6454
f 6454 6525 6526
f 6454 6526 6455
f 6455 6526 6527
f 6455 6527 6456
f 6456 6527 6528
f 6456 6528 6457
f 6457 6528 6529
f 6457 6529 6458
f 6458 6529 6530
f 6458 6530 6459
f 6459 6530 6531
f 6459 6531 6460
f 6460 6531 6532
f 6460 6532 6461
f 6461 6532 6533
f 6461 6533 6462
f 6462 6533 6534
f 6462 6534 6463
f 6463 6534 6535
f 6463 6535 6464
f 6464 6535 6536
f 6464 6536 6465
f 6465 6536 6537
f 6465 6537 6466
f 6466 6537 6538
f 6466 6538 6467
f 6467 6538 6539
f 6467 6539 6468
f 6468 6539 6540
f 6468 6540 6469
f 6469 6540 6541
f 6469 6541 6470
f 6470 6541 6542
f 6470 6542 6471
f 6471 6542 6543
f 6471 6543 6472
f 6472 6543 6544
f 6472 6544 6473
f 6473 6544 6545
f 6473 6545 6474
f 6474 6545 6546
f 6474 6546 6475
f 6475 6546 6547
f 6475 6547 6476
f 6476 6547 6548
f 6476 6548 6477
f 6477 6548 6549
f 6477 6549 6478
f 6478 6549 6550
f 6478 6550 6479
f 6479 6550 6551
f 6479 6551 6480
f 6480 6551 6552
f 6497 6569 6498
f 6498 6569 6570
f 6501 6573 6502
f 6502 6573 6574
f 6502 6574 6503
f 6503 6574 6575
f 6503 6575 6504
f 6504 6575 6576
f 6504 6576 6505
f 6505 6576 6577
f 6505 6577 6506
f 6506 6577 6578
f 6506 6578 6507
f 6507 6578 6579
f 6507 6579 6508
f 6508 6579 6580
f 6508 6580 6509
f 6509 6580 6581
f 6509 6581 6510
f 6510 6581 6582
f 6510 6582 6511
f 6511 6582 6583
f 6511 6583 6512
f 6512 6583 6584
f 6512 6584 6513
f 6513 6584 6585
f 6513 6585 6514
f 6514 6585 6586
f 6514 6586 6515
f 6515 6586 6587
f 6515 6587 6516
f 6516 6587 6588
f 6516 6588 6517
f 6517 6588 6589
f 6517 6589 6518
f 6518 6589 6590
f 6518 6590 6519
f 6519 6590 6591
f 6519 6591 6520
f 6520 6591 6592
f 6520 6592 6521
f 6521 6592 6593
f 6521 6593 6522
f 6522 6593 6594
f 6522 6594 6523
f 6523 6594 6595
f 6523 6595 6524
f 6524 6595 6596
f 6524 6596 6525
f 6525 6596 6597
f 6525 6597 6526
f 6526 6597 6598
f 6526 6598 6527
f 6527 6598 6599
f 6527 6599 6528
f 6528 6599 6600
f 6528 6600 6529
f 6529 6600 6601
f 6529 6601 6530
f 6530 6601 6602
f 6530 6602 6531
f 6531 6602 6603
f 6531 6603 6532
f 6532 6603 6604
f 6532 6604 6533
f 6533 6604 6605
f 6533 6605 6534
f 6534 6605 6606
f 6534 6606 6535
f 6535 6606 6607
f 6535 6607 6536
f 6536 6607 6608
f 6536 6608 6537
f 6537 6608 6609
f 6537 6609 6538
f 6538 6609 6610
f 6538 6610 6539
f 6539 6610 6611
f 6539 6611 6540
f 6540 6611 6612
f 6540 6612 6541
f 6541 6612 6613
f 6541 6613 6542
f 6542 6613 6614
f 6542 6614 6543
f 6543 6614 6615
f 6543 6615 6544
f 6544 6615 6616
f 6544 6616 6545
f 6545 6616 6617
f 6545 6617 6546
f 6546 6617 6618
f 6546 6618 6547
f 6547 6618 6619
f 6547 6619 6548
f 6548 6619 6620
f 6548 6620 6549
f 6549 6620 6621
f 6549 6621 6550
f 6550 6621 6622
f 6550 6622 6551
f 6551 6622 6623
f 6551 6623 6552
f 6552 6623 6624
f 6569 6641 6570
f 6570 6641 6642
f 6570 6642 6571
f 6571 6642 6643
f 6571 6643 6572
f 6572 6643 6644
f 6572 6644 6573
f 6573 6644 6645
f 6573 6645 6574
f 6574 6645 6646
f 6574 6646 6575
f 6575 6646 6647
f 6575 6647 6576
f 6576 6647 6648
f 6576 6648 6577
f 6577 6648 6649
f 6577 6649 6578
f 6578 6649 6650
f 6578 6650 6579
f 6579 6650 6651
f 6579 6651 6580
f 6580 6651 6652
f 6580 6652 6581
f 6581 6652 6653
f 6581 6653 6582
f 6582 6653 6654
f 6582 6654 6583
f 6583 6654 6655
f 6583 6655 6584
f 6584 6655 6656
f 6584 6656 6585
f 6585 6656 6657
f 6585 6657 6586
f 6586 6657 6658
f 6586 6658 6587
f 6587 6658 6659
f 6587 6659 6588
f 6588 6659 6660
f 6588 6660 6589
f 6589 6660 6661
f 6589 6661 6590
f 6590 6661 6662
f 6590 6662 6591
f 6591 6662 6663
f 6591 6663 6592
f 6592 6663 6664
f 6592 6664 6593
f 6593 6664 6665
f 6593 6665 6594
f 6594 6665 6666
f 6594 6666 6595
f 6595 6666 6667
f 6595 6667 6596
f 6596 6667 6668
f 6596 6668 6597
f 6597 6668 6669
f 6597 6669 6598
f 6598 6669 6670
f 6598 6670 6599
f 6599 6670 6671
f 6599 6671 6600
f 6600 6671 6672
f 6600 6672 6601
f 6601 6672 6673
f 6601 6673 6602
f 6602 6673 6674
f 6602 6674 6603
f 6603 6674 6675
f 6603 6675 6604
f 6604 6675 6676
f 6604 6676 6605
f 6605 6676 6677
f 6605 6677 6606
f 6606 6677 6678
f 6606 6678 6607
f 6607 6678 6679
f 6607 6679 6608
f 6608 6679 6680
f 6608 6680 6609
f 6609 6680 6681
f 6609 6681 6610
f 6610 6681 6682
f 6610 6682 6611
f 6611 6682 6683
f 6611 6683 6612
f 6612 6683 6684
f 6612 6684 6613
f 6613 6684 6685
f 6613 6685 6614
f 6614 6685 6686
f 6614 6686 6615
f 6615 6686 6687
f 6615 6687 6616
f 6616 6687 6688
f 6616 6688 6617
f 6617 6688 6689
f 6617 6689 6618
f 6618 6689 6690
f 6618 6690 6619
f 6619 6690 6691
f 6619 6691 6620
f 6620 6691 6692
f 6620 6692 6621
f 6621 6692 6693
f 6621 6693 6622
f 6622 6693 6694
f 6622 6694 6623
f 6623 6694 6695
f 6623 6695 6624
f 6624 6695 6696
f 6636 6708 6637
f 6637 6708 6709
f 6637 6709 6638
f 6638 6709 6710
f 6638 6710 6639
f 6639 6710 6711
f 6639 6711 6640
f 6640 6711 6712
f 6640 6712 6641
f 6641 6712 6713
f 6641 6713 6642
f 6642 6713 6714
f 6642 6714 6643
f 6643 6714 6715
f 6643 6715 6644
f 6644 6715 6716
f 6644 6716 6645
f 6645 6716 6717
f 6645 6717 6646
f 6646 6717 6718
f 6646 6718 6647
f 6647 6718 6719
f 6647 6719 6648
f 6648 6719 6720
f 6648 6720 6649
f 6649 6720 6721
f 6649 6721 6650
f 6650 6721 6722
f 6650 6722 6651
f 6651 6722 6723
f 6651 6723 6652
f 6652 6723 6724
f 6652 6724 6653
f 6653 6724 6725
f 6653 6725 6654
f 6654 6725 6726
f 6654 6726 6655
f 6655 6726 6727
f 6655 6727 6656
f 6656 6727 6728
f 6656 6728 6657
f 6657 6728 6729
f 6657 6729 6658
f 6658 6729 6730
f 6658 6730 6659
f 6659 6730 6731
f 6659 6731 6660
f 6660 6731 6732
f 6660 6732 6661
f 6661 6732 6733
f 6661 6733 6662
f 6662 6733 6734
f 6662 6734 6663
f 6663 6734 6735
f 6663 6735 6664
f 6664 6735 6736
f 6664 6736 6665
f 6665 6736 6737
f 6665 6737 6666
f 6666 6737 6738
f 6666 6738 6667
f 6667 6738 6739
f 6667 6739 6668
f 6668 6739 6740
f 6668 6740 6669
f 6669 6740 6741
f 6669 6741 6670
f 6670 6741 6742
f 6670 6742 6671
f 6671 6742 6743
f 6671 6743 6672
f 6672 6743 6744
f 6672 6744 6673
f 6673 6744 6745
f 6673 6745 6674
f 6674 6745 6746
f 6674 6746 6675
f 6675 6746 6747
f 6675 6747 6676
f 6676 6747 6748
f 6676 6748 6677
f 6677 6748 6749
f 6677 6749 6678
f 6678 6749 6750
f 6678 6750 6679
f 6679 6750 6751
f 6679 6751 6680
f 6680 6751 6752
f 6680 6752 6681
f 6681 6752 6753
f 6681 6753 6682
f 6682 6753 6754
f 6682 6754 6683
f 6683 6754 6755
f 6683 6755 6684
f 6684 6755 6756
f 6684 6756 6685
f 6685 6756 6757
f 6685 6757 6686
f 6686 6757 6758
f 6686 6758 6687
f 6687 6758 6759
f 6687 6759 6688
f 6688 6759 6760
f 6688 6760 6689
f 6689 6760 6761
f 6689 6761 6690
f 6690 6761 6762
f 6690 6762 6691
f 6691 6762 6763
f 6691 6763 6692
f 6692 6763 6764
f 6692 6764 6693
f 6693 6764 6765
f 6693 6765 6694
f 6694 6765 6766
f 6694 6766 6695
f 6695 6766 6767
f 6695 6767 6696
f 6696 6767 6768
f 6708 6780 6709
f 6709 6780 6781
f 6709 6781 6710
f 6710 6781 6782
f 6710 6782 6711
f 6711 6782 6783
f 6711 6783 6712
f 6712 6783 6784
f 6712 6784 6713
f 6713 6784 6785
f 6713 6785 6714
f 6714 6785 6786
f 6714 6786 6715
f 6715 6786 6787
f 6715 6787 6716
f 6716 6787 6788
f 6716 6788 6717
f 6717 6788 6789
f 6717 6789 6718
f 6718 6789 6790
f 6718 6790 6719
f 6719 6790 6791
f 6719 6791 6720
f 6720 6791 6792
f 6720 6792 6721
f 6721 6792 6793
f 6721 6793 6722
f 6722 6793 6794
f 6722 6794 6723
f 6723 6794 6795
f 6723 6795 6724
f 6724 6795 6796
f 6724 6796 6725
f 6725 6796 6797
f 6725 6797 6726
f 6726 6797 6798
f 6726 6798 6727
f 6727 6798 6799
f 6727 6799 6728
f 6728 6799 6800
f 6728 6800 6729
f 6729 6800 6801
f 6729 6801 6730
f 6730 6801 6802
f 6730 6802 6731
f 6731 6802 6803
f 6731 6803 6732
f 6732 6803 6804
f 6732 6804 6733
f 6733 6804 6805
f 6733 6805 6734
f 6734 6805 6806
f 6734 6806 6735
f 6735 6806 6807
f 6735 6807 6736
f 6736 6807 6808
f 6736 6808 6737
f 6737 6808 6809
f 6737 6809 6738
f 6738 6809 6810
f 6738 6810 6739
f 6739 6810 6811
f 6739 6811 6740
f 6740 6811 6812
f 6740 6812 6741
f 6741 6812 6813
f 6741 6813 6742
f 6742 6813 6814
f 6742 6814 6743
f 6743 6814 6815
f 6743 6815 6744
f 6744 6815 6816
f 6744 6816 6745
f 6745 6816 6817
f 6745 6817 6746
f 6746 6817 6818
f 6746 6818 6747
f 6747 6818 6819
f 6747 6819 6748
f 6748 6819 6820
f 6748 6820 6749
f 6749 6820 6821
f 6749 6821 6750
f 6750 6821 6822
f 6750 6822 6751
f 6751 6822 6823
f 6751 6823 6752
f 6752 6823 6824
f 6752 6824 6753
f 6753 6824 6825
f 6753 6825 6754
f 6754 6825 6826
f 6754 6826 6755
f 6755 6826 6827
f 6755 6827 6756
f 6756 6827 6828
f 6756 6828 6757
f 6757 6828 6829
f 6757 6829 6758
f 6758 6829 6830
f 6758 6830 6759
f 6759 6830 6831
f 6759 6831 6760
f 6760 6831 6832
f 6760 6832 6761
f 6761 6832 6833
f 6761 6833 6762
f 6762 6833 6834
f 6762 6834 6763
f 6763 6834 6835
f 6763 6835 6764
f 6764 6835 6836
f 6764 6836 6765
f 6765 6836 6837
f 6765 6837 6766
f 6766 6837 6838
f 6766 6838 6767
f 6767 6838 6839
f 6767 6839 6768
f 6768 6839 6840
f 6784 6856 6785
f 6785 6856 6857
f 6785 6857 6786
f 6786 6857 6858
f 6786 6858 6787
f 6787 6858 6859
f 6787 6859 6788
f 6788 6859 6860
f 6788 6860 6789
f 6789 6860 6861
f 6789 6861 6790
f 6790 6861 6862
f 6790 6862 6791
f 6791 6862 6863
f 6791 6863 6792
f 6792 6863 6864
f 6792 6864 6793
f 6793 6864 6865
f 6793 6865 6794
f 6794 6865 6866
f 6794 6866 6795
f 6795 6866 6867
f 6795 6867 6796
f 6796 6867 6868
f 6796 6868 6797
f 6797 6868 6869
f 6797 6869 6798
f 6798 6869 6870
f 6798 6870 6799
f 6799 6870 6871
f 6799 6871 6800
f 6800 6871 6872
f 6800 6872 6801
f 6801 6872 6873
f 6801 6873 6802
f 6802 6873 6874
f 6802 6874 6803
f 6803 6874 6875
f 6803 6875 6804
f 6804 6875 6876
f 6804 6876 6805
f 6805 6876 6877
f 6805 6877 6806
f 6806 6877 6878
f 6806 6878 6807
f 6807 6878 6879
f 6807 6879 6808
f 6808 6879 6880
f 6808 6880 6809
f 6809 6880 6881
f 6809 6881 6810
f 6810 6881 6882
f 6810 6882 6811
f 6811 6882 6883
f 6811 6883 6812
f 6812 6883 6884
f 6812 6884 6813
f 6813 6884 6885
f 6813 6885 6814
f 6814 6885 6886
f 6814 6886 6815
f 6815 6886 6887
f 6815 6887 6816
f 6816 6887 6888
f 6816 6888 6817
f 6817 6888 6889
f 6817 6889 6818
f 6818 6889 6890
f 6818 6890 6819
f 6819 6890 6891
f 6819 6891 6820
f 6820 6891 6892
f 6820 6892 6821
f 6821 6892 6893
f 6821 6893 6822
f 6822 6893 6894
f 6822 6894 6823
f 6823 6894 6895
f 6823 6895 6824
f 6824 6895 6896
f 6824 6896 6825
f 6825 6896 6897
f 6825 6897 6826
f 6826 6897 6898
f 6826 6898 6827
f 6827 6898 6899
f 6827 6899 6828
f 6828 6899 6900
f 6828 6900 6829
f 6829 6900 6901
f 6829 6901 6830
f 6830 6901 6902
f 6830 6902 6831
f 6831 6902 6903
f 6831 6903 6832
f 6832 6903 6904
f 6832 6904 6833
f 6833 6904 6905
f 6833 6905 6834
f 6834 6905 6906
f 6834 6906 6835
f 6835 6906 6907
f 6835 6907 6836
f 6836 6907 6908
f 6836 6908 6837
f 6837 6908 6909
f 6837 6909 6838
f 6838 6909 6910
f 6838 6910 6839
f 6839 6910 6911
f 6839 6911 6840
f 6840 6911 6912
f 6857 6929 6858
f 6858 6929 6930
f 6858 6930 6859
f 6859 6930 6931
f 6859 6931 6860
f 6860 6931 6932
f 6860 6932 6861
f 6861 6932 6933
f 6861 6933 6862
f 6862 6933 6934
f 6862 6934 6863
f 6863 6934 6935
f 6863 6935 6864
f 6864 6935 6936
f 6864 6936 6865
f 6865 6936 6937
f 6865 6937 6866
f 6866 6937 6938
f 6866 6938 6867
f 6867 6938 6939
f 6867 6939 6868
f 6868 6939 6940
f 6868 6940 6869
f 6869 6940 6941
f 6869 6941 6870
f 6870 6941 6942
f 6870 6942 6871
f 6871 6942 6943
f 6871 6943 6872
f 6872 6943 6944
f 6872 6944 6873
f 6873 6944 6945
f 6873 6945 6874
f 6874 6945 6946
f 6874 6946 6875
f 6875 6946 6947
f 6875 6947 6876
f 6876 6947 6948
f 6876 6948 6877
f 6877 6948 6949
f 6877 6949 6878
f 6878 6949 6950
f 6878 6950 6879
f 6879 6950 6951
f 6879 6951 6880
f 6880 6951 6952
f 6880 6952 6881
f 6881 6952 6953
f 6881 6953 6882
f 6882 6953 6954
f 6882 6954 6883
f 6883 6954 6955
f 6883 6955 6884
f 6884 6955 6956
f 6884 6956 6885
f 6885 6956 6957
f 6885 6957 6886
f 6886 6957 6958
f 6886 6958 6887
f 6887 6958 6959
f 6887 6959 6888
f 6888 6959 6960
f 6888 6960 6889
f 6889 6960 6961
f 6889 6961 6890
f 6890 6961 6962
f 6890 6962 6891
f 6891 6962 6963
f 6891 6963 6892
f 6892 6963 6964
f 6892 6964 6893
f 6893 6964 6965
f 6893 6965 6894
f 6894 6965 6966
f 6894 6966 6895
f 6895 6966 6967
f 6895 6967 6896
f 6896 6967 6968
f 6896 6968 6897
f 6897 6968 6969
f 6897 6969 6898
f 6898 6969 6970
f 6898 6970 6899
f 6899 6970 6971
f 6899 6971 6900
f 6900 6971 6972
f 6900 6972 6901
f 6901 6972 6973
f 6901 6973 6902
f 6902 6973 6974
f 6902 6974 6903
f 6903 6974 6975
f 6903 6975 6904
f 6904 6975 6976
f 6904 6976 6905
f 6905 6976 6977
f 6905 6977 6906
f 6906 6977 6978
f 6906 6978 6907
f 6907 6978 6979
f 6907 6979 6908
f 6908 6979 6980
f 6908 6980 6909
f 6909 6980 6981
f 6909 6981 6910
f 6910 6981 6982
f 6910 6982 6911
f 6911 6982 6983
f 6911 6983 6912
f 6912 6983 6984
f 6930 7002 6931
f 6931 7002 7003
f 6931 7003 6932
f 6932 7003 7004
f 6932 7004 6933
f 6933 7004 7005
f 6933 7005 6934
f 6934 7005 7006
f 6934 7006 6935
f 6935 7006 7007
f 6935 7007 6936
f 6936 7007 7008
f 6936 7008 6937
f 6937 7008 7009
f 6937 7009 6938
f 6938 7009 7010
f 6938 7010 6939
f 6939 7010 7011
f 6939 7011 6940
f 6940 7011 7012
f 6940 7012 6941
f 6941 7012 7013
f 6941 7013 6942
f 6942 7013 7014
f 6942 7014 6943
f 6943 7014 7015
f 6943 7015 6944
f 6944 7015 7016
f 6944 7016 6945
f 6945 7016 7017
f 6945 7017 6946
f 6946 7017 7018
f 6946 7018 6947
f 6947 7018 7019
f 6947 7019 6948
f 6948 7019 7020
f 6948 7020 6949
f 6949 7020 7021
f 6949 7021 6950
f 6950 7021 7022
f 6950 7022 6951
f 6951 7022 7023
f 6951 7023 6952
f 6952 7023 7024
f 6952 7024 6953
f 6953 7024 7025
f 6953 7025 6954
f 6954 7025 7026
f 6954 7026 6955
f 6955 7026 7027
f 6955 7027 6956
f 6956 7027 7028
f 6956 7028 6957
f 6957 7028 7029
f 6957 7029 6958
f 6958 7029 7030
f 6958 7030 6959
f 6959 7030 7031
f 6959 7031 6960
f 6960 7031 7032
f 6960 7032 6961
f 6961 7032 7033
f 6961 7033 6962
f 6962 7033 7034
f 6962 7034 6963
f 6963 7034 7035
f 6963 7035 6964
f 6964 7035 7036
f 6964 7036 6965
f 6965 7036 7037
f 6965 7037 6966
f 6966 7037 7038
f 6966 7038 6967
f 6967 7038 7039
f 6967 7039 6968
f 6968 7039 7040
f 6968 7040 6969
f 6969 7040 7041
f 6969 7041 6970
f 6970 7041 7042
f 6970 7042 6971
f 6971 7042 7043
f 6971 7043 6972
f 6972 7043 7044
f 6972 7044 6973
f 6973 7044 7045
f 6973 7045 6974
f 6974 7045 7046
f 6974 7046 6975
f 6975 7046 7047
f 6975 7047 6976
f 6976 7047 7048
f 6976 7048 6977
f 6977 7048 7049
f 6977 7049 6978
f 6978 7049 7050
f 6978 7050 6979
f 6979 7050 7051
f 6979 7051 6980
f 6980 7051 7052
f 6980 7052 6981
f 6981 7052 7053
f 6981 7053 6982
f 6982 7053 7054
f 6982 7054 6983
f 6983 7054 7055
f 6983 7055 6984
f 6984 7055 7056
f 7002 7074 7003
f 7003 7074 7075
f 7003 7075 7004
f 7004 7075 7076
f 7004 7076 7005
f 7005 7076 7077
f 7005 7077 7006
f 7006 7077 7078
f 7006 7078 7007
f 7007 7078 7079
f 7007 7079 7008
f 7008 7079 7080
f 7008 7080 7009
f 7009 7080 7081
f 7009 7081 7010
f 7010 7081 7082
f 7010 7082 7011
f 7011 7082 7083
f 7011 7083 7012
f 7012 7083 7084
f 7012 7084 7013
f 7013 7084 7085
f 7013 7085 7014
f 7014 7085 7086
f 7014 7086 7015
f 7015 7086 7087
f 7015 7087 7016
f 7016 7087 7088
f 7016 7088 7017
f 7017 7088 7089
f 7017 7089 7018
f 7018 7089 7090
f 7018 7090 7019
f 7019 7090 7091
f 7019 7091 7020
f 7020 7091 7092
f 7020 7092 7021
f 7021 7092 7093
f 7021 7093 7022
f 7022 7093 7094
f 7022 7094 7023
f 7023 7094 7095
f 7023 7095 7024
f 7024 7095 7096
f 7024 7096 7025
f 7025 7096 7097
f 7025 7097 7026
f 7026 7097 7098
f 7026 7098 7027
f 7027 7098 7099
f 7027 7099 7028
f 7028 7099 7100
f 7028 7100 7029
f 7029 7100 7101
f 7029 7101 7030
f 7030 7101 7102
f 7030 7102 7031
f 7031 7102 7103
f 7031 7103 7032
f 7032 7103 7104
f 7032 7104 7033
f 7033 7104 7105
f 7033 7105 7034
f 7034 7105 7106
f 7034 7106 7035
f 7035 7106 7107
f 7035 7107 7036
f 7036 7107 7108
f 7036 7108 7037
f 7037 7108 7109
f 7037 7109 7038
f 7038 7109 7110
f 7038 7110 7039
f 7039 7110 7111
f 7039 7111 7040
f 7040 7111 7112
f 7040 7112 7041
f 7041 7112 7113
f 7041 7113 7042
f 7042 7113 7114
f 7042 7114 7043
f 7043 7114 7115
f 7043 7115 7044
f 7044 7115 7116
f 7044 7116 7045
f 7045 7116 7117
f 7045 7117 7046
f 7046 7117 7118
f 7046 7118 7047
f 7047 7118 7119
f 7047 7119 7048
f 7048 7119 7120
f 7048 7120 7049
f 7049 7120 7121
f 7049 7121 7050
f 7050 7121 7122
f 7050 7122 7051
f 7051 7122 7123
f 7051 7123 7052
f 7052 7123 7124
f 7052 7124 7053
f 7053 7124 7125
f 7053 7125 7054
f 7054 7125 7126
f 7054 7126 7055
f 7055 7126 7127
f 7055 7127 7056
f 7056 7127 7128
f 7074 7146 7075
f 7075 7146 7147
f 7075 7147 7076
f 7076 7147 7148
f 7076 7148 7077
f 7077 7148 7149
f 7077 7149 7078
f 7078 7149 7150
f 7078 7150 7079
f 7079 7150 7151
f 7079 7151 7080
f 7080 7151 7152
f 7080 7152 7081
f 7081 7152 7153
f 7081 7153 7082
f 7082 7153 7154
f 7082 7154 7083
f 7083 7154 7155
f 7083 7155 7084
f 7084 7155 7156
f 7084 7156 7085
f 7085 7156 7157
f 7085 7157 7086
f 7086 7157 7158
f 7086 7158 7087
f 7087 7158 7159
f 7087 7159 7088
f 7088 7159 7160
f 7088 7160 7089
f 7089 7160 7161
f 7089 7161 7090
f 7090 7161 7162
f 7090 7162 7091
f 7091 7162 7163
f 7091 7163 7092
f 7092 7163 7164
f 7092 7164 7093
f 7093 7164 7165
f 7093 7165 7094
f 7094 7165 7166
f 7094 7166 7095
f 7095 7166 7167
f 7095 7167 7096
f 7096 7167 7168
f 7096 7168 7097
f 7097 7168 7169
f 7097 7169 7098
f 7098 7169 7170
f 7098 7170 7099
f 7099 7170 7171
f 7099 7171 7100
f 7100 7171 7172
f 7100 7172 7101
f 7101 7172 7173
f 7104 7176 7105
f 7105 7176 7177
f 7105 7177 7106
f 7106 7177 7178
f 7106 7178 7107
f 7107 7178 7179
f 7107 7179 7108
f 7108 7179 7180
f 7108 7180 7109
f 7109 7180 7181
f 7109 7181 7110
f 7110 7181 7182
f 7110 7182 7111
f 7111 7182 7183
f 7111 7183 7112
f 7112 7183 7184
f 7112 7184 7113
f 7113 7184 7185
f 7113 7185 7114
f 7114 7185 7186
f 7114 7186 7115
f 7115 7186 7187
f 7115 7187 7116
f 7116 7187 7188
f 7116 7188 7117
f 7117 7188 7189
f 7117 7189 7118
f 7118 7189 7190
f 7118 7190 7119
f 7119 7190 7191
f 7119 7191 7120
f 7120 7191 7192
f 7120 7192 7121
f 7121 7192 7193
f 7121 7193 7122
f 7122 7193 7194
f 7122 7194 7123
f 7123 7194 7195
f 7123 7195 7124
f 7124 7195 7196
f 7124 7196 7125
f 7125 7196 7197
f 7125 7197 7126
f 7126 7197 7198
f 7126 7198 7127
f 7127 7198 7199
f 7127 7199 7128
f 7128 7199 7200
f 7146 7218 7147
f 7147 7218 7219
f 7147 7219 7148
f 7148 7219 7220
f 7148 7220 7149
f 7149 7220 7221
f 7149 7221 7150
f 7150 7221 7222
f 7150 7222 7151
f 7151 7222 7223
f 7151 7223 7152
f 7152 7223 7224
f 7152 7224 7153
f 7153 7224 7225
f 7153 7225 7154
f 7154 7225 7226
f 7154 7226 7155
f 7155 7226 7227
f 7155 7227 7156
f 7156 7227 7228
f 7156 7228 7157
f 7157 7228 7229
f 7157 7229 7158
f 7158 7229 7230
f 7158 7230 7159
f 7159 7230 7231
f 7159 7231 7160
f 7160 7231 7232
f 7160 7232 7161
f 7161 7232 7233
f 7161 7233 7162
f 7162 7233 7234
f 7162 7234 7163
f 7163 7234 7235
f 7163 7235 7164
f 7164 7235 7236
f 7164 7236 7165
f 7165 7236 7237
f 7165 7237 7166
f 7166 7237 7238
f 7166 7238 7167
f 7167 7238 7239
f 7167 7239 7168
f 7168 7239 7240
f 7168 7240 7169
f 7169 7240 7241
f 7169 7241 7170
f 7170 7241 7242
f 7170 7242 7171
f 7171 7242 7243
f 7171 7243 7172
f 7172 7243 7244
f 7172 7244 7173
f 7173 7244 7245
f 7179 7251 7180
f 7180 7251 7252
f 7180 7252 7181
f 7181 7252 7253
f 7181 7253 7182
f 7182 7253 7254
f 7182 7254 7183
f 7183 7254 7255
f 7183 7255 7184
f 7184 7255 7256
f 7184 7256 7185
f 7185 7256 7257
f 7185 7257 7186
f 7186 7257 7258
f 7186 7258 7187
f 7187 7258 7259
f 7187 7259 7188
f 7188 7259 7260
f 7188 7260 7189
f 7189 7260 7261
f 7189 7261 7190
f 7190 7261 7262
f 7190 7262 7191
f 7191 7262 7263
f 7191 7263 7192
f 7192 7263 7264
f 7192 7264 7193
f 7193 7264 7265
f 7193 7265 7194
f 7194 7265 7266
f 7194 7266 7195
f 7195 7266 7267
f 7195 7267 7196
f 7196 7267 7268
f 7196 7268 7197
f 7197 7268 7269
f 7197 7269 7198
f 7198 7269 7270
f 7198 7270 7199
f 7199 7270 7271
f 7199 7271 7200
f 7200 7271 7272
f 7218 7290 7219
f 7219 7290 7291
f 7219 7291 7220
f 7220 7291 7292
f 7220 7292 7221
f 7221 7292 7293
f 7221 7293 7222
f 7222 7293 7294
f 7222 7294 7223
f 7223 7294 7295
f 7223 7295 7224
f 7224 7295 7296
f 7224 7296 7225
f 7225 7296 7297
f 7225 7297 7226
f 7226 7297 7298
f 7226 7298 7227
f 7227 7298 7299
f 7227 7299 7228
f 7228 7299 7300
f 7228 7300 7229
f 7229 7300 7301
f 7229 7301 7230
f 7230 7301 7302
f 7230 7302 7231
f 7231 7302 7303
f 7231 7303 7232
f 7232 7303 7304
f 7232 7304 7233
f 7233 7304 7305
f 7233 7305 7234
f 7234 7305 7306
f 7234 7306 7235
f 7235 7306 7307
f 7235 7307 7236
f 7236 7307 7308
f 7236 7308 7237
f 7237 7308 7309
f 7239 7311 7240
f 7240 7311 7312
f 7240 7312 7241
f 7241 7312 7313
f 7241 7313 7242
f 7242 7313 7314
f 7242 7314 7243
f 7243 7314 7315
f 7243 7315 7244
f 7244 7315 7316
f 7244 7316 7245
f 7245 7316 7317
f 7251 7323 7252
f 7252 7323 7324
f 7252 7324 7253
f 7253 7324 7325
f 7253 7325 7254
f 7254 7325 7326
f 7254 7326 7255
f 7255 7326 7327
f 7255 7327 7256
f 7256 7327 7328
f 7256 7328 7257
f 7257 7328 7329
f 7257 7329 7258
f 7258 7329 7330
f 7258 7330 7259
f 7259 7330 7331
f 7259 7331 7260
f 7260 7331 7332
f 7260 7332 7261
f 7261 7332 7333
f 7261 7333 7262
f 7262 7333 7334
f 7262 7334 7263
f 7263 7334 7335
f 7263 7335 7264
f 7264 7335 7336
f 7264 7336 7265
f 7265 7336 7337
f 7265 7337 7266
f 7266 7337 7338
f 7266 7338 7267
f 7267 7338 7339
f 7267 7339 7268
f 7268 7339 7340
f 7268 7340 7269
f 7269 7340 7341
f 7269 7341 7270
f 7270 7341 7342
f 7270 7342 7271
f 7271 7342 7343
f 7271 7343 7272
f 7272 7343 7344
f 7290 7362 7291
f 7291 7362 7363
f 7291 7363 7292
f 7292 7363 7364
f 7292 7364 7293
f 7293 7364 7365
f 7293 7365 7294
f 7294 7365 7366
f 7294 7366 7295
f 7295 7366 7367
f 7295 7367 7296
f 7296 7367 7368
f 7296 7368 7297
f 7297 7368 7369
f 7297 7369 7298
f 7298 7369 7370
f 7298 7370 7299
f 7299 7370 7371
f 7299 7371 7300
f 7300 7371 7372
f 7300 7372 7301
f 7301 7372 7373
f 7301 7373 7302
f 7302 7373 7374
f 7302 7374 7303
f 7303 7374 7375
f 7303 7375 7304
f 7304 7375 7376
f 7304 7376 7305
f 7305 7376 7377
f 7305 7377 7306
f 7306 7377 7378
f 7306 7378 7307
f 7307 7378 7379
f 7307 7379 7308
f 7308 7379 7380
f 7313 7385 7314
f 7314 7385 7386
f 7314 7386 7315
f 7315 7386 7387
f 7315 7387 7316
f 7316 7387 7388
f 7316 7388 7317
f 7317 7388 7389
f 7324 7396 7325
f 7325 7396 7397
f 7325 7397 7326
f 7326 7397 7398
f 7326 7398 7327
f 7327 7398 7399
f 7327 7399 7328
f 7328 7399 7400
f 7328 7400 7329
f 7329 7400 7401
f 7329 7401 7330
f 7330 7401 7402
f 7330 7402 7331
f 7331 7402 7403
f 7331 7403 7332
f 7332 7403 7404
f 7332 7404 7333
f 7333 7404 7405
f 7333 7405 7334
f 7334 7405 7406
f 7334 7406 7335
f 7335 7406 7407
f 7335 7407 7336
f 7336 7407 7408
f 7336 7408 7337
f 7337 7408 7409
f 7337 7409 7338
f 7338 7409 7410
f 7338 7410 7339
f 7339 7410 7411
f 7339 7411 7340
f 7340 7411 7412
f 7340 7412 7341
f 7341 7412 7413
f 7341 7413 7342
f 7342 7413 7414
f 7342 7414 7343
f 7343 7414 7415
f 7343 7415 7344
f 7344 7415 7416
f 7348 7420 7349
f 7349 7420 7421
f 7349 7421 7350
f 7350 7421 7422
f 7362 7434 7363
f 7363 7434 7435
f 7363 7435 7364
f 7364 7435 7436
f 7364 7436 7365
f 7365 7436 7437
f 7365 7437 7366
f 7366 7437 7438
f 7366 7438 7367
f 7367 7438 7439
f 7367 7439 7368
f 7368 7439 7440
f 7368 7440 7369
f 7369 7440 7441
f 7369 7441 7370
f 7370 7441 7442
f 7370 7442 7371
f 7371 7442 7443
f 7374 7446 7375
f 7375 7446 7447
f 7375 7447 7376
f 7376 7447 7448
f 7376 7448 7377
f 7377 7448 7449
f 7377 7449 7378
f 7378 7449 7450
f 7386 7458 7387
f 7387 7458 7459
f 7387 7459 7388
f 7388 7459 7460
f 7388 7460 7389
f 7389 7460 7461
f 7389 7461 7390
f 7390 7461 7462
f 7390 7462 7391
f 7391 7462 7463
f 7398 7470 7399
f 7399 7470 7471
f 7399 7471 7400
f 7400 7471 7472
f 7400 7472 7401
f 7401 7472 7473
f 7401 7473 7402
f 7402 7473 7474
f 7402 7474 7403
f 7403 7474 7475
f 7403 7475 7404
f 7404 7475 7476
f 7404 7476 7405
f 7405 7476 7477
f 7405 7477 7406
f 7406 7477 7478
f 7406 7478 7407
f 7407 7478 7479
f 7407 7479 7408
f 7408 7479 7480
f 7408 7480 7409
f 7409 7480 7481
f 7409 7481 7410
f 7410 7481 7482
f 7410 7482 7411
f 7411 7482 7483
f 7411 7483 7412
f 7412 7483 7484
f 7412 7484 7413
f 7413 7484 7485
f 7413 7485 7414
f 7414 7485 7486
f 7414 7486 7415
f 7415 7486 7487
f 7415 7487 7416
f 7416 7487 7488
f 7418 7490 7419
f 7419 7490 7491
f 7419 7491 7420
f 7420 7491 7492
f 7420 7492 7421
f 7421 7492 7493
f 7421 7493 7422
f 7422 7493 7494
f 7422 7494 7423
f 7423 7494 7495
f 7423 7495 7424
f 7424 7495 7496
f 7424 7496 7425
f 7425 7496 7497
f 7425 7497 7426
f 7426 7497 7498
f 7426 7498 7427
f 7427 7498 7499
f 7427 7499 7428
f 7428 7499 7500
f 7428 7500 7429
f 7429 7500 7501
f 7429 7501 7430
f 7430 7501 7502
f 7430 7502 7431
f 7431 7502 7503
f 7431 7503 7432
f 7432 7503 7504
f 7432 7504 7433
f 7433 7504 7505
f 7433 7505 7434
f 7434 7505 7506
f 7434 7506 7435
f 7435 7506 7507
f 7435 7507 7436
f 7436 7507 7508
f 7436 7508 7437
f 7437 7508 7509
f 7437 7509 7438
f 7438 7509 7510
f 7438 7510 7439
f 7439 7510 7511
f 7439 7511 7440
f 7440 7511 7512
f 7440 7512 7441
f 7441 7512 7513
f 7441 7513 7442
f 7442 7513 7514
f 7458 7530 7459
f 7459 7530 7531
f 7459 7531 7460
f 7460 7531 7532
f 7460 7532 7461
f 7461 7532 7533
f 7461 7533 7462
f 7462 7533 7534
f 7462 7534 7463
f 7463 7534 7535
f 7463 7535 7464
f 7464 7535 7536
f 7472 7544 7473
f 7473 7544 7545
f 7473 7545 7474
f 7474 7545 7546
f 7474 7546 7475
f 7475 7546 7547
f 7475 7547 7476
f 7476 7547 7548
f 7476 7548 7477
f 7477 7548 7549
f 7477 7549 7478
f 7478 7549 7550
f 7478 7550 7479
f 7479 7550 7551
f 7479 7551 7480
f 7480 7551 7552
f 7480 7552 7481
f 7481 7552 7553
f 7481 7553 7482
f 7482 7553 7554
f 7482 7554 7483
f 7483 7554 7555
f 7483 7555 7484
f 7484 7555 7556
f 7484 7556 7485
f 7485 7556 7557
f 7485 7557 7486
f 7486 7557 7558
f 7486 7558 7487
f 7487 7558 7559
f 7487 7559 7488
f 7488 7559 7560
f 7491 7563 7492
f 7492 7563 7564
f 7492 7564 7493
f 7493 7564 7565
f 7493 7565 7494
f 7494 7565 7566
f 7494 7566 7495
f 7495 7566 7567
f 7495 7567 7496
f 7496 7567 7568
f 7496 7568 7497
f 7497 7568 7569
f 7497 7569 7498
f 7498 7569 7570
f 7498 7570 7499
f 7499 7570 7571
f 7499 7571 7500
f 7500 7571 7572
f 7500 7572 7501
f 7501 7572 7573
f 7501 7573 7502
f 7502 7573 7574
f 7502 7574 7503
f 7503 7574 7575
f 7503 7575 7504
f 7504 7575 7576
f 7504 7576 7505
f 7505 7576 7577
f 7505 7577 7506
f 7506 7577 7578
f 7506 7578 7507
f 7507 7578 7579
f 7507 7579 7508
f 7508 7579 7580
f 7508 7580 7509
f 7509 7580 7581
f 7509 7581 7510
f 7510 7581 7582
f 7510 7582 7511
f 7511 7582 7583
f 7511 7583 7512
f 7512 7583 7584
f 7512 7584 7513
f 7513 7584 7585
f 7513 7585 7514
f 7514 7585 7586
f 7532 7604 7533
f 7533 7604 7605
f 7533 7605 7534
f 7534 7605 7606
f 7534 7606 7535
f 7535 7606 7607
f 7535 7607 7536
f 7536 7607 7608
f 7546 7618 7547
f 7547 7618 7619
f 7547 7619 7548
f 7548 7619 7620
f 7548 7620 7549
f 7549 7620 7621
f 7549 7621 7550
f 7550 7621 7622
f 7550 7622 7551
f 7551 7622 7623
f 7551 7623 7552
f 7552 7623 7624
f 7552 7624 7553
f 7553 7624 7625
f 7553 7625 7554
f 7554 7625 7626
f 7554 7626 7555
f 7555 7626 7627
f 7555 7627 7556
f 7556 7627 7628
f 7556 7628 7557
f 7557 7628 7629
f 7557 7629 7558
f 7558 7629 7630
f 7558 7630 7559
f 7559 7630 7631
f 7559 7631 7560
f 7560 7631 7632
f 7563 7635 7564
f 7564 7635 7636
f 7564 7636 7565
f 7565 7636 7637
f 7565 7637 7566
f 7566 7637 7638
f 7566 7638 7567
f 7567 7638 7639
f 7567 7639 7568
f 7568 7639 7640
f 7568 7640 7569
f 7569 7640 7641
f 7569 7641 7570
f 7570 7641 7642
f 7570 7642 7571
f 7571 7642 7643
f 7571 7643 7572
f 7572 7643 7644
f 7572 7644 7573
f 7573 7644 7645
f 7573 7645 7574
f 7574 7645 7646
f 7574 7646 7575
f 7575 7646 7647
f 7575 7647 7576
f 7576 7647 7648
f 7576 7648 7577
f 7577 7648 7649
f 7577 7649 7578
f 7578 7649 7650
f 7578 7650 7579
f 7579 7650 7651
f 7579 7651 7580
f 7580 7651 7652
f 7580 7652 7581
f 7581 7652 7653
f 7581 7653 7582
f 7582 7653 7654
f 7582 7654 7583
f 7583 7654 7655
f 7583 7655 7584
f 7584 7655 7656
f 7584 7656 7585
f 7585 7656 7657
f 7585 7657 7586
f 7586 7657 7658
f 7586 7658 7587
f 7587 7658 7659
f 7598 7670 7599
f 7599 7670 7671
f 7605 7677 7606
f 7606 7677 7678
f 7606 7678 7607
f 7607 7678 7679
f 7607 7679 7608
f 7608 7679 7680
f 7608 7680 7609
f 7609 7680 7681
f 7609 7681 7610
f 7610 7681 7682
f 7619 7691 7620
f 7620 7691 7692
f 7620 7692 7621
f 7621 7692 7693
f 7621 7693 7622
f 7622 7693 7694
f 7622 7694 7623
f 7623 7694 7695
f 7623 7695 7624
f 7624 7695 7696
f 7624 7696 7625
f 7625 7696 7697
f 7625 7697 7626
f 7626 7697 7698
f 7626 7698 7627
f 7627 7698 7699
f 7627 7699 7628
f 7628 7699 7700
f 7628 7700 7629
f 7629 7700 7701
f 7629 7701 7630
f 7630 7701 7702
f 7630 7702 7631
f 7631 7702 7703
f 7631 7703 7632
f 7632 7703 7704
f 7635 7707 7636
f 7636 7707 7708
f 7636 7708 7637
f 7637 7708 7709
f 7637 7709 7638
f 7638 7709 7710
f 7638 7710 7639
f 7639 7710 7711
f 7639 7711 7640
f 7640 7711 7712
f 7640 7712 7641
f 7641 7712 7713
f 7641 7713 7642
f 7642 7713 7714
f 7642 7714 7643
f 7643 7714 7715
f 7643 7715 7644
f 7644 7715 7716
f 7644 7716 7645
f 7645 7716 7717
f 7645 7717 7646
f 7646 7717 7718
f 7646 7718 7647
f 7647 7718 7719
f 7647 7719 7648
f 7648 7719 7720
f 7648 7720 7649
f 7649 7720 7721
f 7649 7721 7650
f 7650 7721 7722
f 7650 7722 7651
f 7651 7722 7723
f 7651 7723 7652
f 7652 7723 7724
f 7652 7724 7653
f 7653 7724 7725
f 7653 7725 7654
f 7654 7725 7726
f 7654 7726 7655
f 7655 7726 7727
f 7655 7727 7656
f 7656 7727 7728
f 7656 7728 7657
f 7657 7728 7729
f 7679 7751 7680
f 7680 7751 7752
f 7680 7752 7681
f 7681 7752 7753
f 7681 7753 7682
f 7682 7753 7754
f 7682 7754 7683
f 7683 7754 7755
f 7683 7755 7684
f 7684 7755 7756
f 7692 7764 7693
f 7693 7764 7765
f 7693 7765 7694
f 7694 7765 7766
f 7694 7766 7695
f 7695 7766 7767
f 7695 7767 7696
f 7696 7767 7768
f 7696 7768 7697
f 7697 7768 7769
f 7697 7769 7698
f 7698 7769 7770
f 7698 7770 7699
f 7699 7770 7771
f 7699 7771 7700
f 7700 7771 7772
f 7700 7772 7701
f 7701 7772 7773
f 7701 7773 7702
f 7702 7773 7774
f 7702 7774 7703
f 7703 7774 7775
f 7703 7775 7704
f 7704 7775 7776
f 7707 7779 7708
f 7708 7779 7780
f 7708 7780 7709
f 7709 7780 7781
f 7709 7781 7710
f 7710 7781 7782
f 7710 7782 7711
f 7711 7782 7783
f 7711 7783 7712
f 7712 7783 7784
f 7712 7784 7713
f 7713 7784 7785
f 7713 7785 7714
f 7714 7785 7786
f 7714 7786 7715
f 7715 7786 7787
f 7715 7787 7716
f 7716 7787 7788
f 7716 7788 7717
f 7717 7788 7789
f 7717 7789 7718
f 7718 7789 7790
f 7718 7790 7719
f 7719 7790 7791
f 7719 7791 7720
f 7720 7791 7792
f 7720 7792 7721
f 7721 7792 7793
f 7721 7793 7722
f 7722 7793 7794
f 7722 7794 7723
f 7723 7794 7795
f 7723 7795 7724
f 7724 7795 7796
f 7724 7796 7725
f 7725 7796 7797
f 7725 7797 7726
f 7726 7797 7798
f 7753 7825 7754
f 7754 7825 7826
f 7754 7826 7755
f 7755 7826 7827
f 7755 7827 7756
f 7756 7827 7828
f 7756 7828 7757
f 7757 7828 7829
f 7757 7829 7758
f 7758 7829 7830
f 7764 7836 7765
f 7765 7836 7837
f 7765 7837 7766
f 7766 7837 7838
f 7766 7838 7767
f 7767 7838 7839
f 7767 7839 7768
f 7768 7839 7840
f 7768 7840 7769
f 7769 7840 7841
f 7769 7841 7770
f 7770 7841 7842
f 7770 7842 7771
f 7771 7842 7843
f 7771 7843 7772
f 7772 7843 7844
f 7772 7844 7773
f 7773 7844 7845
f 7773 7845 7774
f 7774 7845 7846
f 7779 7851 7780
f 7780 7851 7852
f 7780 7852 7781
f 7781 7852 7853
f 7781 7853 7782
f 7782 7853 7854
f 7782 7854 7783
f 7783 7854 7855
f 7783 7855 7784
f 7784 7855 7856
f 7784 7856 7785
f 7785 7856 7857
f 7785 7857 7786
f 7786 7857 7858
f 7786 7858 7787
f 7787 7858 7859
f 7787 7859 7788
f 7788 7859 7860
f 7788 7860 7789
f 7789 7860 7861
f 7789 7861 7790
f 7790 7861 7862
f 7790 7862 7791
f 7791 7862 7863
f 7791 7863 7792
f 7792 7863 7864
f 7792 7864 7793
f 7793 7864 7865
f 7793 7865 7794
f 7794 7865 7866
f 7794 7866 7795
f 7795 7866 7867
f 7795 7867 7796
f 7796 7867 7868
f 7796 7868 7797
f 7797 7868 7869
f 7814 7886 7815
f 7815 7886 7887
f 7815 7887 7816
f 7816 7887 7888
f 7827 7899 7828
f 7828 7899 7900
f 7828 7900 7829
f 7829 7900 7901
f 7829 7901 7830
f 7830 7901 7902
f 7830 7902 7831
f 7831 7902 7903
f 7831 7903 7832
f 7832 7903 7904
f 7836 7908 7837
f 7837 7908 7909
f 7837 7909 7838
f 7838 7909 7910
f 7838 7910 7839
f 7839 7910 7911
f 7839 7911 7840
f 7840 7911 7912
f 7840 7912 7841
f 7841 7912 7913
f 7843 7915 7844
f 7844 7915 7916
f 7851 7923 7852
f 7852 7923 7924
f 7852 7924 7853
f 7853 7924 7925
f 7853 7925 7854
f 7854 7925 7926
f 7854 7926 7855
f 7855 7926 7927
f 7855 7927 7856
f 7856 7927 7928
f 7856 7928 7857
f 7857 7928 7929
f 7857 7929 7858
f 7858 7929 7930
f 7858 7930 7859
f 7859 7930 7931
f 7859 7931 7860
f 7860 7931 7932
f 7860 7932 7861
f 7861 7932 7933
f 7861 7933 7862
f 7862 7933 7934
f 7862 7934 7863
f 7863 7934 7935
f 7863 7935 7864
f 7864 7935 7936
f 7864 7936 7865
f 7865 7936 7937
f 7865 7937 7866
f 7866 7937 7938
f 7866 7938 7867
f 7867 7938 7939
f 7867 7939 7868
f 7868 7939 7940
f 7886 7958 7887
f 7887 7958 7959
f 7887 7959 7888
f 7888 7959 7960
f 7900 7972 7901
f 7901 7972 7973
f 7908 7980 7909
f 7909 7980 7981
f 7909 7981 7910
f 7910 7981 7982
f 7910 7982 7911
f 7911 7982 7983
f 7911 7983 7912
f 7912 7983 7984
f 7912 7984 7913
f 7913 7984 7985
f 7923 7995 7924
f 7924 7995 7996
f 7924 7996 7925
f 7925 7996 7997
f 7925 7997 7926
f 7926 7997 7998
f 7926 7998 7927
f 7927 7998 7999
f 7927 7999 7928
f 7928 7999 8000
f 7928 8000 7929
f 7929 8000 8001
f 7929 8001 7930
f 7930 8001 8002
f 7930 8002 7931
f 7931 8002 8003
f 7931 8003 7932
f 7932 8003 8004
f 7932 8004 7933
f 7933 8004 8005
f 7933 8005 7934
f 7934 8005 8006
f 7934 8006 7935
f 7935 8006 8007
f 7935 8007 7936
f 7936 8007 8008
f 7936 8008 7937
f 7937 8008 8009
f 7937 8009 7938
f 7938 8009 8010
f 7938 8010 7939
f 7939 8010 8011
f 7939 8011 7940
f 7940 8011 8012
f 7946 8018 7947
f 7947 8018 8019
f 7958 8030 7959
f 7959 8030 8031
f 7981 8053 7982
f 7982 8053 8054
f 7982 8054 7983
f 7983 8054 8055
f 7983 8055 7984
f 7984 8055 8056
f 7984 8056 7985
f 7985 8056 8057
f 7985 8057 7986
f 7986 8057 8058
f 7994 8066 7995
f 7995 8066 8067
f 7995 8067 7996
f 7996 8067 8068
f 7996 8068 7997
f 7997 8068 8069
f 7997 8069 7998
f 7998 8069 8070
f 7998 8070 7999
f 7999 8070 8071
f 7999 8071 8000
f 8000 8071 8072
f 8000 8072 8001
f 8001 8072 8073
f 8001 8073 8002
f 8002 8073 8074
f 8002 8074 8003
f 8003 8074 8075
f 8003 8075 8004
f 8004 8075 8076
f 8004 8076 8005
f 8005 8076 8077
f 8005 8077 8006
f 8006 8077 8078
f 8006 8078 8007
f 8007 8078 8079
f 8007 8079 8008
f 8008 8079 8080
f 8008 8080 8009
f 8009 8080 8081
f 8009 8081 8010
f 8010 8081 8082
f 8010 8082 8011
f 8011 8082 8083
f 8011 8083 8012
f 8012 8083 8084
f 8045 8117 8046
f 8046 8117 8118
f 8055 8127 8056
f 8056 8127 8128
f 8056 8128 8057
f 8057 8128 8129
f 8057 8129 8058
f 8058 8129 8130
f 8067 8139 8068
f 8068 8139 8140
f 8068 8140 8069
f 8069 8140 8141
f 8069 8141 8070
f 8070 8141 8142
f 8070 8142 8071
f 8071 8142 8143
f 8071 8143 8072
f 8072 8143 8144
f 8072 8144 8073
f 8073 8144 8145
f 8073 8145 8074
f 8074 8145 8146
f 8074 8146 8075
f 8075 8146 8147
f 8075 8147 8076
f 8076 8147 8148
f 8076 8148 8077
f 8077 8148 8149
f 8077 8149 8078
f 8078 8149 8150
f 8078 8150 8079
f 8079 8150 8151
f 8079 8151 8080
f 8080 8151 8152
f 8080 8152 8081
f 8081 8152 8153
f 8081 8153 8082
f 8082 8153 8154
f 8082 8154 8083
f 8083 8154 8155
f 8127 8199 8128
f 8128 8199 8200
f 8128 8200 8129
f 8129 8200 8201
f 8129 8201 8130
f 8130 8201 8202
f 8130 8202 8131
f 8131 8202 8203
f 8131 8203 8132
f 8132 8203 8204
f 8132 8204 8133
f 8133 8204 8205
f 8139 8211 8140
f 8140 8211 8212
f 8140 8212 8141
f 8141 8212 8213
f 8141 8213 8142
f 8142 8213 8214
f 8142 8214 8143
f 8143 8214 8215
f 8143 8215 8144
f 8144 8215 8216
f 8144 8216 8145
f 8145 8216 8217
f 8145 8217 8146
f 8146 8217 8218
f 8146 8218 8147
f 8147 8218 8219
f 8147 8219 8148
f 8148 8219 8220
f 8148 8220 8149
f 8149 8220 8221
f 8149 8221 8150
f 8150 8221 8222
f 8150 8222 8151
f 8151 8222 8223
f 8151 8223 8152
f 8152 8223 8224
f 8152 8224 8153
f 8153 8224 8225
f 8153 8225 8154
f 8154 8225 8226
f 8154 8226 8155
f 8155 8226 8227
f 8186 8258 8187
f 8187 8258 8259
f 8199 8271 8200
f 8200 8271 8272
f 8200 8272 8201
f 8201 8272 8273
f 8201 8273 8202
f 8202 8273 8274
f 8202 8274 8203
f 8203 8274 8275
f 8203 8275 8204
f 8204 8275 8276
f 8211 8283 8212
f 8212 8283 8284
f 8212 8284 8213
f 8213 8284 8285
f 8213 8285 8214
f 8214 8285 8286
f 8214 8286 8215
f 8215 8286 8287
f 8215 8287 8216
f 8216 8287 8288
f 8216 8288 8217
f 8217 8288 8289
f 8217 8289 8218
f 8218 8289 8290
f 8218 8290 8219
f 8219 8290 8291
f 8219 8291 8220
f 8220 8291 8292
f 8220 8292 8221
f 8221 8292 8293
f 8221 8293 8222
f 8222 8293 8294
f 8222 8294 8223
f 8223 8294 8295
f 8223 8295 8224
f 8224 8295 8296
f 8224 8296 8225
f 8225 8296 8297
f 8255 8327 8256
f 8256 8327 8328
f 8256 8328 8257
f 8257 8328 8329
f 8257 8329 8258
f 8258 8329 8330
f 8258 8330 8259
f 8259 8330 8331
f 8272 8344 8273
f 8273 8344 8345
f 8273 8345 8274
f 8274 8345 8346
f 8274 8346 8275
f 8275 8346 8347
f 8288 8360 8289
f 8289 8360 8361
f 8289 8361 8290
f 8290 8361 8362
f 8290 8362 8291
f 8291 8362 8363
f 8291 8363 8292
f 8292 8363 8364
f 8292 8364 8293
f 8293 8364 8365
f 8293 8365 8294
f 8294 8365 8366
f 8294 8366 8295
f 8295 8366 8367
f 8295 8367 8296
f 8296 8367 8368
f 8319 8391 8320
f 8320 8391 8392
f 8320 8392 8321
f 8321 8392 8393
f 8330 8402 8331
f 8331 8402 8403
f 8344 8416 8345
f 8345 8416 8417
f 8345 8417 8346
f 8346 8417 8418
f 8360 8432 8361
f 8361 8432 8433
f 8361 8433 8362
f 8362 8433 8434
f 8378 8450 8379
f 8379 8450 8451
f 8379 8451 8380
f 8380 8451 8452
f 8380 8452 8381
f 8381 8452 8453
f 8381 8453 8382
f 8382 8453 8454
f 8382 8454 8383
f 8383 8454 8455
f 8383 8455 8384
f 8384 8455 8456
f 8384 8456 8385
f 8385 8456 8457
f 8385 8457 8386
f 8386 8457 8458
f 8386 8458 8387
f 8387 8458 8459
f 8387 8459 8388
f 8388 8459 8460
f 8388 8460 8389
f 8389 8460 8461
f 8389 8461 8390
f 8390 8461 8462
f 8390 8462 8391
f 8391 8462 8463
f 8391 8463 8392
f 8392 8463 8464
f 8392 8464 8393
f 8393 8464 8465
f 8433 8505 8434
f 8434 8505 8506
f 8445 8517 8446
f 8446 8517 8518
f 8446 8518 8447
f 8447 8518 8519
f 8447 8519 8448
f 8448 8519 8520
f 8448 8520 8449
f 8449 8520 8521
f 8449 8521 8450
f 8450 8521 8522
f 8450 8522 8451
f 8451 8522 8523
f 8451 8523 8452
f 8452 8523 8524
f 8452 8524 8453
f 8453 8524 8525
f 8453 8525 8454
f 8454 8525 8526
f 8454 8526 8455
f 8455 8526 8527
f 8455 8527 8456
f 8456 8527 8528
f 8456 8528 8457
f 8457 8528 8529
f 8457 8529 8458
f 8458 8529 8530
f 8458 8530 8459
f 8459 8530 8531
f 8459 8531 8460
f 8460 8531 8532
f 8460 8532 8461
f 8461 8532 8533
f 8461 8533 8462
f 8462 8533 8534
f 8462 8534 8463
f 8463 8534 8535
f 8463 8535 8464
f 8464 8535 8536
f 8464 8536 8465
f 8465 8536 8537
f 8505 8577 8506
f 8506 8577 8578
f 8515 8587 8516
f 8516 8587 8588
f 8516 8588 8517
f 8517 8588 8589
f 8517 8589 8518
f 8518 8589 8590
f 8518 8590 8519
f 8519 8590 8591
f 8519 8591 8520
f 8520 8591 8592
f 8520 8592 8521
f 8521 8592 8593
f 8521 8593 8522
f 8522 8593 8594
f 8522 8594 8523
f 8523 8594 8595
f 8523 8595 8524
f 8524 8595 8596
f 8524 8596 8525
f 8525 8596 8597
f 8525 8597 8526
f 8526 8597 8598
f 8526 8598 8527
f 8527 8598 8599
f 8527 8599 8528
f 8528 8599 8600
f 8528 8600 8529
f 8529 8600 8601
f 8529 8601 8530
f 8530 8601 8602
f 8530 8602 8531
f 8531 8602 8603
f 8531 8603 8532
f 8532 8603 8604
f 8532 8604 8533
f 8533 8604 8605
f 8533 8605 8534
f 8534 8605 8606
f 8534 8606 8535
f 8535 8606 8607
f 8535 8607 8536
f 8536 8607 8608
f 8536 8608 8537
f 8537 8608 8609
f 8537 8609 8538
f 8538 8609 8610
